1000
1001
1002
1003
1004
1005
1006
1007
1008
1009
1010
1011
1012
1013
1014
1015
1016
1017
1018
1019
1020
1021
1022
1023
1024
1025
1100
1101
1102
1103
1104
1105
1106
1107
1108
1109
1110
1111
1112
1113
1114
1115
1116
1117
1118
1119
1120
1121
1122
1123
1124
1125
1200
1201
1202
1203
1204
1205
1206
1207
1208
1209
1210
1211
1212
1213
1214
1215
1216
1217
1218
1219
1220
1221
1222
1223
1224
1225
1400
1401
1402
1403
1404
1405
1406
1407
1408
1409
1410
1411
1412
1413
1414
1415
1416
1417
1418
1419
1420
1421
1422
1423
1424
1425
1500
1501
1502
1503
1504
1505
1506
1507
1508
1509
1510
1511
1512
1513
1514
1515
1516
1517
1518
1519
1520
1521
1522
1523
1524
1525
1600
1601
1602
1603
1604
1605
1606
1607
1608
1609
1610
1611
1612
1613
1614
1615
1616
1617
1618
1619
1620
1621
1622
1623
1624
1625
1700
1701
1702
1703
1704
1705
1706
1707
1708
1709
1710
1711
1712
1713
1714
1715
1716
1717
1718
1719
1720
1721
1722
1723
1724
1725
1800
1801
1802
1803
1804
1805
1806
1807
1808
1809
1810
1811
1812
1813
1814
1815
1816
1817
1818
1819
1820
1821
1822
1823
1824
1825
1900
1901
1902
1903
1904
1905
1906
1907
1908
1909
1910
1911
1912
1913
1914
1915
1916
1917
1918
1919
1920
1921
1922
1923
1924
1925
2000
2001
2002
2003
2004
2005
2006
2007
2008
2009
2010
2011
2012
2013
2014
2015
2016
2017
2018
2019
2020
2021
2022
2023
2024
2025
2100
2101
2102
2103
2104
2105
2106
2107
2108
2109
2110
2111
2112
2113
2114
2115
2116
2117
2118
2119
2120
2121
2122
2123
2124
2125
2200
2201
2202
2203
2204
2205
2206
2207
2208
2209
2210
2211
2212
2213
2214
2215
2216
2217
2218
2219
2220
2221
2222
2223
2224
2225
11000
11001
11002
11003
11004
11005
11006
11007
11008
11009
11010
11011
11012
11013
11014
11015
11016
11017
11018
11019
11020
11021
11022
11023
11024
11025
12000
12001
12002
12003
12004
12005
12006
12007
12008
12009
12010
12011
12012
12013
12014
12015
12016
12017
12018
12019
12020
12021
12022
12023
12024
12025
13000
13001
13002
13003
13004
13005
13006
13007
13008
13009
13010
13011
13012
13013
13014
13015
13016
13017
13018
13019
13020
13021
13022
13023
13024
13025
100000
100001
100002
100003
100004
100005
100006
100007
100008
100009
100010
100011
100012
100013
100014
100015
100016
100017
100018
100019
100020
100021
100022
100023
100024
100025
100100
100101
100102
100103
100104
100105
100106
100107
100108
100109
100110
100111
100112
100113
100114
100115
100116
100117
100118
100119
100120
100121
100122
100123
100124
100125
100200
100201
100202
100203
100204
100205
100206
100207
100208
100209
100210
100211
100212
100213
100214
100215
100216
100217
100218
100219
100220
100221
100222
100223
100224
100225
100300
100301
100302
100303
100304
100305
100306
100307
100308
100309
100310
100311
100312
100313
100314
100315
100316
100317
100318
100319
100320
100321
100322
100323
100324
100325
100400
100401
100402
100403
100404
100405
100406
100407
100408
100409
100410
100411
100412
100413
100414
100415
100416
100417
100418
100419
100420
100421
100422
100423
100424
100425
100500
100501
100502
100503
100504
100505
100506
100507
100508
100509
100510
100511
100512
100513
100514
100515
100516
100517
100518
100519
100520
100521
100522
100523
100524
100525
100600
100601
100602
100603
100604
100605
100606
100607
100608
100609
100610
100611
100612
100613
100614
100615
100616
100617
100618
100619
100620
100621
100622
100623
100624
100625
100700
100701
100702
100703
100704
100705
100706
100707
100708
100709
100710
100711
100712
100713
100714
100715
100716
100717
100718
100719
100720
100721
100722
100723
100724
100725
100800
100801
100802
100803
100804
100805
100806
100807
100808
100809
100810
100811
100812
100813
100814
100815
100816
100817
100818
100819
100820
100821
100822
100823
100824
100825
100900
100901
100902
100903
100904
100905
100906
100907
100908
100909
100910
100911
100912
100913
100914
100915
100916
100917
100918
100919
100920
100921
100922
100923
100924
100925
101000
101001
101002
101003
101004
101005
101006
101007
101008
101009
101010
101011
101012
101013
101014
101015
101016
101017
101018
101019
101020
101021
101022
101023
101024
101025
110000
110001
110002
110003
110004
110005
110006
110007
110008
110009
110010
110011
110012
110013
110014
110015
110016
110017
110018
110019
110020
110021
110022
110023
110024
110025
170000
170001
170002
170003
170004
170005
170006
170007
170008
170009
170010
170011
170012
170013
170014
170015
170016
170017
170018
170019
170020
170021
170022
170023
170024
170025
171000
171001
171002
171003
171004
171005
171006
171007
171008
171009
171010
171011
171012
171013
171014
171015
171016
171017
171018
171019
171020
171021
171022
171023
171024
171025
172000
172001
172002
172003
172004
172005
172006
172007
172008
172009
172010
172011
172012
172013
172014
172015
172016
172017
172018
172019
172020
172021
172022
172023
172024
172025
173000
173001
173002
173003
173004
173005
173006
173007
173008
173009
173010
173011
173012
173013
173014
173015
173016
173017
173018
173019
173020
173021
173022
173023
173024
173025
174000
174001
174002
174003
174004
174005
174006
174007
174008
174009
174010
174011
174012
174013
174014
174015
174016
174017
174018
174019
174020
174021
174022
174023
174024
174025
175000
175001
175002
175003
175004
175005
175006
175007
175008
175009
175010
175011
175012
175013
175014
175015
175016
175017
175018
175019
175020
175021
175022
175023
175024
175025
176000
176001
176002
176003
176004
176005
176006
176007
176008
176009
176010
176011
176012
176013
176014
176015
176016
176017
176018
176019
176020
176021
176022
176023
176024
176025
183000
183001
183002
183003
183004
183005
183006
183007
183008
183009
183010
183011
183012
183013
183014
183015
183016
183017
183018
183019
183020
183021
183022
183023
183024
183025
183100
183101
183102
183103
183104
183105
183106
183107
183108
183109
183110
183111
183112
183113
183114
183115
183116
183117
183118
183119
183120
183121
183122
183123
183124
183125
184000
184001
184002
184003
184004
184005
184006
184007
184008
184009
184010
184011
184012
184013
184014
184015
184016
184017
184018
184019
184020
184021
184022
184023
184024
184025
184100
184101
184102
184103
184104
184105
184106
184107
184108
184109
184110
184111
184112
184113
184114
184115
184116
184117
184118
184119
184120
184121
184122
184123
184124
184125
300000
300001
300002
300003
300004
300005
300006
300007
300008
300009
300010
300011
300012
300013
300014
300015
300016
300017
300018
300019
300020
300021
300022
300023
300024
300025
301000
301001
301002
301003
301004
301005
301006
301007
301008
301009
301010
301011
301012
301013
301014
301015
301016
301017
301018
301019
301020
301021
301022
301023
301024
301025
301100
301101
301102
301103
301104
301105
301106
301107
301108
301109
301110
301111
301112
301113
301114
301115
301116
301117
301118
301119
301120
301121
301122
301123
301124
301125
302000
302001
302002
302003
302004
302005
302006
302007
302008
302009
302010
302011
302012
302013
302014
302015
302016
302017
302018
302019
302020
302021
302022
302023
302024
302025
303000
303001
303002
303003
303004
303005
303006
303007
303008
303009
303010
303011
303012
303013
303014
303015
303016
303017
303018
303019
303020
303021
303022
303023
303024
303025
305000
305001
305002
305003
305004
305005
305006
305007
305008
305009
305010
305011
305012
305013
305014
305015
305016
305017
305018
305019
305020
305021
305022
305023
305024
305025
305100
305101
305102
305103
305104
305105
305106
305107
305108
305109
305110
305111
305112
305113
305114
305115
305116
305117
305118
305119
305120
305121
305122
305123
305124
305125
306000
306001
306002
306003
306004
306005
306006
306007
306008
306009
306010
306011
306012
306013
306014
306015
306016
306017
306018
306019
306020
306021
306022
306023
306024
306025
307000
307001
307002
307003
307004
307005
307006
307007
307008
307009
307010
307011
307012
307013
307014
307015
307016
307017
307018
307019
307020
307021
307022
307023
307024
307025
308000
308001
308002
308003
308004
308005
308006
308007
308008
308009
308010
308011
308012
308013
308014
308015
308016
308017
308018
308019
308020
308021
308022
308023
308024
308025
351000
351001
351002
351003
351004
351005
351006
351007
351008
351009
351010
351011
351012
351013
351014
351015
351016
351017
351018
351019
351020
351021
351022
351023
351024
351025
358000
358001
358002
358003
358004
358005
358006
358007
358008
358009
358010
358011
358012
358013
358014
358015
358016
358017
358018
358019
358020
358021
358022
358023
358024
358025
361000
361001
361002
361003
361004
361005
361006
361007
361008
361009
361010
361011
361012
361013
361014
361015
361016
361017
361018
361019
361020
361021
361022
361023
361024
361025
470000
470001
470002
470003
470004
470005
470006
470007
470008
470009
470010
470011
470012
470013
470014
470015
470016
470017
470018
470019
470020
470021
470022
470023
470024
470025
471000
471001
471002
471003
471004
471005
471006
471007
471008
471009
471010
471011
471012
471013
471014
471015
471016
471017
471018
471019
471020
471021
471022
471023
471024
471025
502000
502001
502002
502003
502004
502005
502006
502007
502008
502009
502010
502011
502012
502013
502014
502015
502016
502017
502018
502019
502020
502021
502022
502023
502024
502025
600000
600001
600002
600003
600004
600005
600006
600007
600008
600009
600010
600011
600012
600013
600014
600015
600016
600017
600018
600019
600020
600021
600022
600023
600024
600025
613000
613001
613002
613003
613004
613005
613006
613007
613008
613009
613010
613011
613012
613013
613014
613015
613016
613017
613018
613019
613020
613021
613022
613023
613024
613025
614000
614001
614002
614003
614004
614005
614006
614007
614008
614009
614010
614011
614012
614013
614014
614015
614016
614017
614018
614019
614020
614021
614022
614023
614024
614025
615000
615001
615002
615003
615004
615005
615006
615007
615008
615009
615010
615011
615012
615013
615014
615015
615016
615017
615018
615019
615020
615021
615022
615023
615024
615025
616000
616001
616002
616003
616004
616005
616006
616007
616008
616009
616010
616011
616012
616013
616014
616015
616016
616017
616018
616019
616020
616021
616022
616023
616024
616025
618000
618001
618002
618003
618004
618005
618006
618007
618008
618009
618010
618011
618012
618013
618014
618015
618016
618017
618018
618019
618020
618021
618022
618023
618024
618025
619000
619001
619002
619003
619004
619005
619006
619007
619008
619009
619010
619011
619012
619013
619014
619015
619016
619017
619018
619019
619020
619021
619022
619023
619024
619025
620000
620001
620002
620003
620004
620005
620006
620007
620008
620009
620010
620011
620012
620013
620014
620015
620016
620017
620018
620019
620020
620021
620022
620023
620024
620025
830000
830001
830002
830003
830004
830005
830006
830007
830008
830009
830010
830011
830012
830013
830014
830015
830016
830017
830018
830019
830020
830021
830022
830023
830024
830025
830100
830101
830102
830103
830104
830105
830106
830107
830108
830109
830110
830111
830112
830113
830114
830115
830116
830117
830118
830119
830120
830121
830122
830123
830124
830125
830200
830201
830202
830203
830204
830205
830206
830207
830208
830209
830210
830211
830212
830213
830214
830215
830216
830217
830218
830219
830220
830221
830222
830223
830224
830225
832000
832001
832002
832003
832004
832005
832006
832007
832008
832009
832010
832011
832012
832013
832014
832015
832016
832017
832018
832019
832020
832021
832022
832023
832024
832025
832100
832101
832102
832103
832104
832105
832106
832107
832108
832109
832110
832111
832112
832113
832114
832115
832116
832117
832118
832119
832120
832121
832122
832123
832124
832125
833000
833001
833002
833003
833004
833005
833006
833007
833008
833009
833010
833011
833012
833013
833014
833015
833016
833017
833018
833019
833020
833021
833022
833023
833024
833025
834000
834001
834002
834003
834004
834005
834006
834007
834008
834009
834010
834011
834012
834013
834014
834015
834016
834017
834018
834019
834020
834021
834022
834023
834024
834025
835000
835001
835002
835003
835004
835005
835006
835007
835008
835009
835010
835011
835012
835013
835014
835015
835016
835017
835018
835019
835020
835021
835022
835023
835024
835025
835100
835101
835102
835103
835104
835105
835106
835107
835108
835109
835110
835111
835112
835113
835114
835115
835116
835117
835118
835119
835120
835121
835122
835123
835124
835125
836000
836001
836002
836003
836004
836005
836006
836007
836008
836009
836010
836011
836012
836013
836014
836015
836016
836017
836018
836019
836020
836021
836022
836023
836024
836025
837000
837001
837002
837003
837004
837005
837006
837007
837008
837009
837010
837011
837012
837013
837014
837015
837016
837017
837018
837019
837020
837021
837022
837023
837024
837025
840000
840001
840002
840003
840004
840005
840006
840007
840008
840009
840010
840011
840012
840013
840014
840015
840016
840017
840018
840019
840020
840021
840022
840023
840024
840025
842000
842001
842002
842003
842004
842005
842006
842007
842008
842009
842010
842011
842012
842013
842014
842015
842016
842017
842018
842019
842020
842021
842022
842023
842024
842025
843000
843001
843002
843003
843004
843005
843006
843007
843008
843009
843010
843011
843012
843013
843014
843015
843016
843017
843018
843019
843020
843021
843022
843023
843024
843025
844000
844001
844002
844003
844004
844005
844006
844007
844008
844009
844010
844011
844012
844013
844014
844015
844016
844017
844018
844019
844020
844021
844022
844023
844024
844025
846000
846001
846002
846003
846004
846005
846006
846007
846008
846009
846010
846011
846012
846013
846014
846015
846016
846017
846018
846019
846020
846021
846022
846023
846024
846025
847000
847001
847002
847003
847004
847005
847006
847007
847008
847009
847010
847011
847012
847013
847014
847015
847016
847017
847018
847019
847020
847021
847022
847023
847024
847025
848000
848001
848002
848003
848004
848005
848006
848007
848008
848009
848010
848011
848012
848013
848014
848015
848016
848017
848018
848019
848020
848021
848022
848023
848024
848025
849000
849001
849002
849003
849004
849005
849006
849007
849008
849009
849010
849011
849012
849013
849014
849015
849016
849017
849018
849019
849020
849021
849022
849023
849024
849025
851000
851001
851002
851003
851004
851005
851006
851007
851008
851009
851010
851011
851012
851013
851014
851015
851016
851017
851018
851019
851020
851021
851022
851023
851024
851025
860000
860001
860002
860003
860004
860005
860006
860007
860008
860009
860010
860011
860012
860013
860014
860015
860016
860017
860018
860019
860020
860021
860022
860023
860024
860025
864000
864001
864002
864003
864004
864005
864006
864007
864008
864009
864010
864011
864012
864013
864014
864015
864016
864017
864018
864019
864020
864021
864022
864023
864024
864025
865000
865001
865002
865003
865004
865005
865006
865007
865008
865009
865010
865011
865012
865013
865014
865015
865016
865017
865018
865019
865020
865021
865022
865023
865024
865025
866000
866001
866002
866003
866004
866005
866006
866007
866008
866009
866010
866011
866012
866013
866014
866015
866016
866017
866018
866019
866020
866021
866022
866023
866024
866025
866100
866101
866102
866103
866104
866105
866106
866107
866108
866109
866110
866111
866112
866113
866114
866115
866116
866117
866118
866119
866120
866121
866122
866123
866124
866125
867000
867001
867002
867003
867004
867005
867006
867007
867008
867009
867010
867011
867012
867013
867014
867015
867016
867017
867018
867019
867020
867021
867022
867023
867024
867025
930000
930001
930002
930003
930004
930005
930006
930007
930008
930009
930010
930011
930012
930013
930014
930015
930016
930017
930018
930019
930020
930021
930022
930023
930024
930025
931000
931001
931002
931003
931004
931005
931006
931007
931008
931009
931010
931011
931012
931013
931014
931015
931016
931017
931018
931019
931020
931021
931022
931023
931024
931025
932000
932001
932002
932003
932004
932005
932006
932007
932008
932009
932010
932011
932012
932013
932014
932015
932016
932017
932018
932019
932020
932021
932022
932023
932024
932025
933000
933001
933002
933003
933004
933005
933006
933007
933008
933009
933010
933011
933012
933013
933014
933015
933016
933017
933018
933019
933020
933021
933022
933023
933024
933025
934000
934001
934002
934003
934004
934005
934006
934007
934008
934009
934010
934011
934012
934013
934014
934015
934016
934017
934018
934019
934020
934021
934022
934023
934024
934025
937000
937001
937002
937003
937004
937005
937006
937007
937008
937009
937010
937011
937012
937013
937014
937015
937016
937017
937018
937019
937020
937021
937022
937023
937024
937025
960000
960001
960002
960003
960004
960005
960006
960007
960008
960009
960010
960011
960012
960013
960014
960015
960016
960017
960018
960019
960020
960021
960022
960023
960024
960025
962000
962001
962002
962003
962004
962005
962006
962007
962008
962009
962010
962011
962012
962013
962014
962015
962016
962017
962018
962019
962020
962021
962022
962023
962024
962025
965000
965001
965002
965003
965004
965005
965006
965007
965008
965009
965010
965011
965012
965013
965014
965015
965016
965017
965018
965019
965020
965021
965022
965023
965024
965025
966000
966001
966002
966003
966004
966005
966006
966007
966008
966009
966010
966011
966012
966013
966014
966015
966016
966017
966018
966019
966020
966021
966022
966023
966024
966025
968000
968001
968002
968003
968004
968005
968006
968007
968008
968009
968010
968011
968012
968013
968014
968015
968016
968017
968018
968019
968020
968021
968022
968023
968024
968025
969000
969001
969002
969003
969004
969005
969006
969007
969008
969009
969010
969011
969012
969013
969014
969015
969016
969017
969018
969019
969020
969021
969022
969023
969024
969025
970000
970001
970002
970003
970004
970005
970006
970007
970008
970009
970010
970011
970012
970013
970014
970015
970016
970017
970018
970019
970020
970021
970022
970023
970024
970025
971000
971001
971002
971003
971004
971005
971006
971007
971008
971009
971010
971011
971012
971013
971014
971015
971016
971017
971018
971019
971020
971021
971022
971023
971024
971025
976000
976001
976002
976003
976004
976005
976006
976007
976008
976009
976010
976011
976012
976013
976014
976015
976016
976017
976018
976019
976020
976021
976022
976023
976024
976025
1000000
1000001
1000002
1000003
1000004
1000005
1000006
1000007
1000008
1000009
1000010
1000011
1000012
1000013
1000014
1000015
1000016
1000017
1000018
1000019
1000020
1000021
1000022
1000023
1000024
1000025
1000100
1000101
1000102
1000103
1000104
1000105
1000106
1000107
1000108
1000109
1000110
1000111
1000112
1000113
1000114
1000115
1000116
1000117
1000118
1000119
1000120
1000121
1000122
1000123
1000124
1000125
1000200
1000201
1000202
1000203
1000204
1000205
1000206
1000207
1000208
1000209
1000210
1000211
1000212
1000213
1000214
1000215
1000216
1000217
1000218
1000219
1000220
1000221
1000222
1000223
1000224
1000225
1000300
1000301
1000302
1000303
1000304
1000305
1000306
1000307
1000308
1000309
1000310
1000311
1000312
1000313
1000314
1000315
1000316
1000317
1000318
1000319
1000320
1000321
1000322
1000323
1000324
1000325
1000400
1000401
1000402
1000403
1000404
1000405
1000406
1000407
1000408
1000409
1000410
1000411
1000412
1000413
1000414
1000415
1000416
1000417
1000418
1000419
1000420
1000421
1000422
1000423
1000424
1000425
1000500
1000501
1000502
1000503
1000504
1000505
1000506
1000507
1000508
1000509
1000510
1000511
1000512
1000513
1000514
1000515
1000516
1000517
1000518
1000519
1000520
1000521
1000522
1000523
1000524
1000525
1000600
1000601
1000602
1000603
1000604
1000605
1000606
1000607
1000608
1000609
1000610
1000611
1000612
1000613
1000614
1000615
1000616
1000617
1000618
1000619
1000620
1000621
1000622
1000623
1000624
1000625
1000700
1000701
1000702
1000703
1000704
1000705
1000706
1000707
1000708
1000709
1000710
1000711
1000712
1000713
1000714
1000715
1000716
1000717
1000718
1000719
1000720
1000721
1000722
1000723
1000724
1000725
1000800
1000801
1000802
1000803
1000804
1000805
1000806
1000807
1000808
1000809
1000810
1000811
1000812
1000813
1000814
1000815
1000816
1000817
1000818
1000819
1000820
1000821
1000822
1000823
1000824
1000825
1000900
1000901
1000902
1000903
1000904
1000905
1000906
1000907
1000908
1000909
1000910
1000911
1000912
1000913
1000914
1000915
1000916
1000917
1000918
1000919
1000920
1000921
1000922
1000923
1000924
1000925
1001000
1001001
1001002
1001003
1001004
1001005
1001006
1001007
1001008
1001009
1001010
1001011
1001012
1001013
1001014
1001015
1001016
1001017
1001018
1001019
1001020
1001021
1001022
1001023
1001024
1001025
1001100
1001101
1001102
1001103
1001104
1001105
1001106
1001107
1001108
1001109
1001110
1001111
1001112
1001113
1001114
1001115
1001116
1001117
1001118
1001119
1001120
1001121
1001122
1001123
1001124
1001125
1001200
1001201
1001202
1001203
1001204
1001205
1001206
1001207
1001208
1001209
1001210
1001211
1001212
1001213
1001214
1001215
1001216
1001217
1001218
1001219
1001220
1001221
1001222
1001223
1001224
1001225
1010000
1010001
1010002
1010003
1010004
1010005
1010006
1010007
1010008
1010009
1010010
1010011
1010012
1010013
1010014
1010015
1010016
1010017
1010018
1010019
1010020
1010021
1010022
1010023
1010024
1010025
1020000
1020001
1020002
1020003
1020004
1020005
1020006
1020007
1020008
1020009
1020010
1020011
1020012
1020013
1020014
1020015
1020016
1020017
1020018
1020019
1020020
1020021
1020022
1020023
1020024
1020025
1020100
1020101
1020102
1020103
1020104
1020105
1020106
1020107
1020108
1020109
1020110
1020111
1020112
1020113
1020114
1020115
1020116
1020117
1020118
1020119
1020120
1020121
1020122
1020123
1020124
1020125
1020200
1020201
1020202
1020203
1020204
1020205
1020206
1020207
1020208
1020209
1020210
1020211
1020212
1020213
1020214
1020215
1020216
1020217
1020218
1020219
1020220
1020221
1020222
1020223
1020224
1020225
1020300
1020301
1020302
1020303
1020304
1020305
1020306
1020307
1020308
1020309
1020310
1020311
1020312
1020313
1020314
1020315
1020316
1020317
1020318
1020319
1020320
1020321
1020322
1020323
1020324
1020325
1020400
1020401
1020402
1020403
1020404
1020405
1020406
1020407
1020408
1020409
1020410
1020411
1020412
1020413
1020414
1020415
1020416
1020417
1020418
1020419
1020420
1020421
1020422
1020423
1020424
1020425
1020500
1020501
1020502
1020503
1020504
1020505
1020506
1020507
1020508
1020509
1020510
1020511
1020512
1020513
1020514
1020515
1020516
1020517
1020518
1020519
1020520
1020521
1020522
1020523
1020524
1020525
1020600
1020601
1020602
1020603
1020604
1020605
1020606
1020607
1020608
1020609
1020610
1020611
1020612
1020613
1020614
1020615
1020616
1020617
1020618
1020619
1020620
1020621
1020622
1020623
1020624
1020625
1020700
1020701
1020702
1020703
1020704
1020705
1020706
1020707
1020708
1020709
1020710
1020711
1020712
1020713
1020714
1020715
1020716
1020717
1020718
1020719
1020720
1020721
1020722
1020723
1020724
1020725
1020800
1020801
1020802
1020803
1020804
1020805
1020806
1020807
1020808
1020809
1020810
1020811
1020812
1020813
1020814
1020815
1020816
1020817
1020818
1020819
1020820
1020821
1020822
1020823
1020824
1020825
1020900
1020901
1020902
1020903
1020904
1020905
1020906
1020907
1020908
1020909
1020910
1020911
1020912
1020913
1020914
1020915
1020916
1020917
1020918
1020919
1020920
1020921
1020922
1020923
1020924
1020925
1021000
1021001
1021002
1021003
1021004
1021005
1021006
1021007
1021008
1021009
1021010
1021011
1021012
1021013
1021014
1021015
1021016
1021017
1021018
1021019
1021020
1021021
1021022
1021023
1021024
1021025
1021100
1021101
1021102
1021103
1021104
1021105
1021106
1021107
1021108
1021109
1021110
1021111
1021112
1021113
1021114
1021115
1021116
1021117
1021118
1021119
1021120
1021121
1021122
1021123
1021124
1021125
1021200
1021201
1021202
1021203
1021204
1021205
1021206
1021207
1021208
1021209
1021210
1021211
1021212
1021213
1021214
1021215
1021216
1021217
1021218
1021219
1021220
1021221
1021222
1021223
1021224
1021225
1030000
1030001
1030002
1030003
1030004
1030005
1030006
1030007
1030008
1030009
1030010
1030011
1030012
1030013
1030014
1030015
1030016
1030017
1030018
1030019
1030020
1030021
1030022
1030023
1030024
1030025
1030100
1030101
1030102
1030103
1030104
1030105
1030106
1030107
1030108
1030109
1030110
1030111
1030112
1030113
1030114
1030115
1030116
1030117
1030118
1030119
1030120
1030121
1030122
1030123
1030124
1030125
1030200
1030201
1030202
1030203
1030204
1030205
1030206
1030207
1030208
1030209
1030210
1030211
1030212
1030213
1030214
1030215
1030216
1030217
1030218
1030219
1030220
1030221
1030222
1030223
1030224
1030225
1030300
1030301
1030302
1030303
1030304
1030305
1030306
1030307
1030308
1030309
1030310
1030311
1030312
1030313
1030314
1030315
1030316
1030317
1030318
1030319
1030320
1030321
1030322
1030323
1030324
1030325
1030400
1030401
1030402
1030403
1030404
1030405
1030406
1030407
1030408
1030409
1030410
1030411
1030412
1030413
1030414
1030415
1030416
1030417
1030418
1030419
1030420
1030421
1030422
1030423
1030424
1030425
1030500
1030501
1030502
1030503
1030504
1030505
1030506
1030507
1030508
1030509
1030510
1030511
1030512
1030513
1030514
1030515
1030516
1030517
1030518
1030519
1030520
1030521
1030522
1030523
1030524
1030525
1030600
1030601
1030602
1030603
1030604
1030605
1030606
1030607
1030608
1030609
1030610
1030611
1030612
1030613
1030614
1030615
1030616
1030617
1030618
1030619
1030620
1030621
1030622
1030623
1030624
1030625
1030700
1030701
1030702
1030703
1030704
1030705
1030706
1030707
1030708
1030709
1030710
1030711
1030712
1030713
1030714
1030715
1030716
1030717
1030718
1030719
1030720
1030721
1030722
1030723
1030724
1030725
1030800
1030801
1030802
1030803
1030804
1030805
1030806
1030807
1030808
1030809
1030810
1030811
1030812
1030813
1030814
1030815
1030816
1030817
1030818
1030819
1030820
1030821
1030822
1030823
1030824
1030825
1030900
1030901
1030902
1030903
1030904
1030905
1030906
1030907
1030908
1030909
1030910
1030911
1030912
1030913
1030914
1030915
1030916
1030917
1030918
1030919
1030920
1030921
1030922
1030923
1030924
1030925
1031000
1031001
1031002
1031003
1031004
1031005
1031006
1031007
1031008
1031009
1031010
1031011
1031012
1031013
1031014
1031015
1031016
1031017
1031018
1031019
1031020
1031021
1031022
1031023
1031024
1031025
1031100
1031101
1031102
1031103
1031104
1031105
1031106
1031107
1031108
1031109
1031110
1031111
1031112
1031113
1031114
1031115
1031116
1031117
1031118
1031119
1031120
1031121
1031122
1031123
1031124
1031125
1031200
1031201
1031202
1031203
1031204
1031205
1031206
1031207
1031208
1031209
1031210
1031211
1031212
1031213
1031214
1031215
1031216
1031217
1031218
1031219
1031220
1031221
1031222
1031223
1031224
1031225
1040000
1040001
1040002
1040003
1040004
1040005
1040006
1040007
1040008
1040009
1040010
1040011
1040012
1040013
1040014
1040015
1040016
1040017
1040018
1040019
1040020
1040021
1040022
1040023
1040024
1040025
1050000
1050001
1050002
1050003
1050004
1050005
1050006
1050007
1050008
1050009
1050010
1050011
1050012
1050013
1050014
1050015
1050016
1050017
1050018
1050019
1050020
1050021
1050022
1050023
1050024
1050025
1060000
1060001
1060002
1060003
1060004
1060005
1060006
1060007
1060008
1060009
1060010
1060011
1060012
1060013
1060014
1060015
1060016
1060017
1060018
1060019
1060020
1060021
1060022
1060023
1060024
1060025
1060100
1060101
1060102
1060103
1060104
1060105
1060106
1060107
1060108
1060109
1060110
1060111
1060112
1060113
1060114
1060115
1060116
1060117
1060118
1060119
1060120
1060121
1060122
1060123
1060124
1060125
1060200
1060201
1060202
1060203
1060204
1060205
1060206
1060207
1060208
1060209
1060210
1060211
1060212
1060213
1060214
1060215
1060216
1060217
1060218
1060219
1060220
1060221
1060222
1060223
1060224
1060225
1060300
1060301
1060302
1060303
1060304
1060305
1060306
1060307
1060308
1060309
1060310
1060311
1060312
1060313
1060314
1060315
1060316
1060317
1060318
1060319
1060320
1060321
1060322
1060323
1060324
1060325
1060400
1060401
1060402
1060403
1060404
1060405
1060406
1060407
1060408
1060409
1060410
1060411
1060412
1060413
1060414
1060415
1060416
1060417
1060418
1060419
1060420
1060421
1060422
1060423
1060424
1060425
1060500
1060501
1060502
1060503
1060504
1060505
1060506
1060507
1060508
1060509
1060510
1060511
1060512
1060513
1060514
1060515
1060516
1060517
1060518
1060519
1060520
1060521
1060522
1060523
1060524
1060525
1060600
1060601
1060602
1060603
1060604
1060605
1060606
1060607
1060608
1060609
1060610
1060611
1060612
1060613
1060614
1060615
1060616
1060617
1060618
1060619
1060620
1060621
1060622
1060623
1060624
1060625
1060700
1060701
1060702
1060703
1060704
1060705
1060706
1060707
1060708
1060709
1060710
1060711
1060712
1060713
1060714
1060715
1060716
1060717
1060718
1060719
1060720
1060721
1060722
1060723
1060724
1060725
1060800
1060801
1060802
1060803
1060804
1060805
1060806
1060807
1060808
1060809
1060810
1060811
1060812
1060813
1060814
1060815
1060816
1060817
1060818
1060819
1060820
1060821
1060822
1060823
1060824
1060825
1060900
1060901
1060902
1060903
1060904
1060905
1060906
1060907
1060908
1060909
1060910
1060911
1060912
1060913
1060914
1060915
1060916
1060917
1060918
1060919
1060920
1060921
1060922
1060923
1060924
1060925
1061000
1061001
1061002
1061003
1061004
1061005
1061006
1061007
1061008
1061009
1061010
1061011
1061012
1061013
1061014
1061015
1061016
1061017
1061018
1061019
1061020
1061021
1061022
1061023
1061024
1061025
1061100
1061101
1061102
1061103
1061104
1061105
1061106
1061107
1061108
1061109
1061110
1061111
1061112
1061113
1061114
1061115
1061116
1061117
1061118
1061119
1061120
1061121
1061122
1061123
1061124
1061125
1061200
1061201
1061202
1061203
1061204
1061205
1061206
1061207
1061208
1061209
1061210
1061211
1061212
1061213
1061214
1061215
1061216
1061217
1061218
1061219
1061220
1061221
1061222
1061223
1061224
1061225
1070000
1070001
1070002
1070003
1070004
1070005
1070006
1070007
1070008
1070009
1070010
1070011
1070012
1070013
1070014
1070015
1070016
1070017
1070018
1070019
1070020
1070021
1070022
1070023
1070024
1070025
1080000
1080001
1080002
1080003
1080004
1080005
1080006
1080007
1080008
1080009
1080010
1080011
1080012
1080013
1080014
1080015
1080016
1080017
1080018
1080019
1080020
1080021
1080022
1080023
1080024
1080025
1090000
1090001
1090002
1090003
1090004
1090005
1090006
1090007
1090008
1090009
1090010
1090011
1090012
1090013
1090014
1090015
1090016
1090017
1090018
1090019
1090020
1090021
1090022
1090023
1090024
1090025
1090100
1090101
1090102
1090103
1090104
1090105
1090106
1090107
1090108
1090109
1090110
1090111
1090112
1090113
1090114
1090115
1090116
1090117
1090118
1090119
1090120
1090121
1090122
1090123
1090124
1090125
1090200
1090201
1090202
1090203
1090204
1090205
1090206
1090207
1090208
1090209
1090210
1090211
1090212
1090213
1090214
1090215
1090216
1090217
1090218
1090219
1090220
1090221
1090222
1090223
1090224
1090225
1090300
1090301
1090302
1090303
1090304
1090305
1090306
1090307
1090308
1090309
1090310
1090311
1090312
1090313
1090314
1090315
1090316
1090317
1090318
1090319
1090320
1090321
1090322
1090323
1090324
1090325
1090400
1090401
1090402
1090403
1090404
1090405
1090406
1090407
1090408
1090409
1090410
1090411
1090412
1090413
1090414
1090415
1090416
1090417
1090418
1090419
1090420
1090421
1090422
1090423
1090424
1090425
1090500
1090501
1090502
1090503
1090504
1090505
1090506
1090507
1090508
1090509
1090510
1090511
1090512
1090513
1090514
1090515
1090516
1090517
1090518
1090519
1090520
1090521
1090522
1090523
1090524
1090525
1090600
1090601
1090602
1090603
1090604
1090605
1090606
1090607
1090608
1090609
1090610
1090611
1090612
1090613
1090614
1090615
1090616
1090617
1090618
1090619
1090620
1090621
1090622
1090623
1090624
1090625
1090700
1090701
1090702
1090703
1090704
1090705
1090706
1090707
1090708
1090709
1090710
1090711
1090712
1090713
1090714
1090715
1090716
1090717
1090718
1090719
1090720
1090721
1090722
1090723
1090724
1090725
1090800
1090801
1090802
1090803
1090804
1090805
1090806
1090807
1090808
1090809
1090810
1090811
1090812
1090813
1090814
1090815
1090816
1090817
1090818
1090819
1090820
1090821
1090822
1090823
1090824
1090825
1090900
1090901
1090902
1090903
1090904
1090905
1090906
1090907
1090908
1090909
1090910
1090911
1090912
1090913
1090914
1090915
1090916
1090917
1090918
1090919
1090920
1090921
1090922
1090923
1090924
1090925
1091000
1091001
1091002
1091003
1091004
1091005
1091006
1091007
1091008
1091009
1091010
1091011
1091012
1091013
1091014
1091015
1091016
1091017
1091018
1091019
1091020
1091021
1091022
1091023
1091024
1091025
1091100
1091101
1091102
1091103
1091104
1091105
1091106
1091107
1091108
1091109
1091110
1091111
1091112
1091113
1091114
1091115
1091116
1091117
1091118
1091119
1091120
1091121
1091122
1091123
1091124
1091125
1091200
1091201
1091202
1091203
1091204
1091205
1091206
1091207
1091208
1091209
1091210
1091211
1091212
1091213
1091214
1091215
1091216
1091217
1091218
1091219
1091220
1091221
1091222
1091223
1091224
1091225
1100000
1100001
1100002
1100003
1100004
1100005
1100006
1100007
1100008
1100009
1100010
1100011
1100012
1100013
1100014
1100015
1100016
1100017
1100018
1100019
1100020
1100021
1100022
1100023
1100024
1100025
1100100
1100101
1100102
1100103
1100104
1100105
1100106
1100107
1100108
1100109
1100110
1100111
1100112
1100113
1100114
1100115
1100116
1100117
1100118
1100119
1100120
1100121
1100122
1100123
1100124
1100125
1100200
1100201
1100202
1100203
1100204
1100205
1100206
1100207
1100208
1100209
1100210
1100211
1100212
1100213
1100214
1100215
1100216
1100217
1100218
1100219
1100220
1100221
1100222
1100223
1100224
1100225
1100300
1100301
1100302
1100303
1100304
1100305
1100306
1100307
1100308
1100309
1100310
1100311
1100312
1100313
1100314
1100315
1100316
1100317
1100318
1100319
1100320
1100321
1100322
1100323
1100324
1100325
1100400
1100401
1100402
1100403
1100404
1100405
1100406
1100407
1100408
1100409
1100410
1100411
1100412
1100413
1100414
1100415
1100416
1100417
1100418
1100419
1100420
1100421
1100422
1100423
1100424
1100425
1100500
1100501
1100502
1100503
1100504
1100505
1100506
1100507
1100508
1100509
1100510
1100511
1100512
1100513
1100514
1100515
1100516
1100517
1100518
1100519
1100520
1100521
1100522
1100523
1100524
1100525
1100600
1100601
1100602
1100603
1100604
1100605
1100606
1100607
1100608
1100609
1100610
1100611
1100612
1100613
1100614
1100615
1100616
1100617
1100618
1100619
1100620
1100621
1100622
1100623
1100624
1100625
1100700
1100701
1100702
1100703
1100704
1100705
1100706
1100707
1100708
1100709
1100710
1100711
1100712
1100713
1100714
1100715
1100716
1100717
1100718
1100719
1100720
1100721
1100722
1100723
1100724
1100725
1100800
1100801
1100802
1100803
1100804
1100805
1100806
1100807
1100808
1100809
1100810
1100811
1100812
1100813
1100814
1100815
1100816
1100817
1100818
1100819
1100820
1100821
1100822
1100823
1100824
1100825
1100900
1100901
1100902
1100903
1100904
1100905
1100906
1100907
1100908
1100909
1100910
1100911
1100912
1100913
1100914
1100915
1100916
1100917
1100918
1100919
1100920
1100921
1100922
1100923
1100924
1100925
1101000
1101001
1101002
1101003
1101004
1101005
1101006
1101007
1101008
1101009
1101010
1101011
1101012
1101013
1101014
1101015
1101016
1101017
1101018
1101019
1101020
1101021
1101022
1101023
1101024
1101025
1101100
1101101
1101102
1101103
1101104
1101105
1101106
1101107
1101108
1101109
1101110
1101111
1101112
1101113
1101114
1101115
1101116
1101117
1101118
1101119
1101120
1101121
1101122
1101123
1101124
1101125
1101200
1101201
1101202
1101203
1101204
1101205
1101206
1101207
1101208
1101209
1101210
1101211
1101212
1101213
1101214
1101215
1101216
1101217
1101218
1101219
1101220
1101221
1101222
1101223
1101224
1101225
1110000
1110001
1110002
1110003
1110004
1110005
1110006
1110007
1110008
1110009
1110010
1110011
1110012
1110013
1110014
1110015
1110016
1110017
1110018
1110019
1110020
1110021
1110022
1110023
1110024
1110025
1130000
1130001
1130002
1130003
1130004
1130005
1130006
1130007
1130008
1130009
1130010
1130011
1130012
1130013
1130014
1130015
1130016
1130017
1130018
1130019
1130020
1130021
1130022
1130023
1130024
1130025
1140000
1140001
1140002
1140003
1140004
1140005
1140006
1140007
1140008
1140009
1140010
1140011
1140012
1140013
1140014
1140015
1140016
1140017
1140018
1140019
1140020
1140021
1140022
1140023
1140024
1140025
1140100
1140101
1140102
1140103
1140104
1140105
1140106
1140107
1140108
1140109
1140110
1140111
1140112
1140113
1140114
1140115
1140116
1140117
1140118
1140119
1140120
1140121
1140122
1140123
1140124
1140125
1140200
1140201
1140202
1140203
1140204
1140205
1140206
1140207
1140208
1140209
1140210
1140211
1140212
1140213
1140214
1140215
1140216
1140217
1140218
1140219
1140220
1140221
1140222
1140223
1140224
1140225
1140300
1140301
1140302
1140303
1140304
1140305
1140306
1140307
1140308
1140309
1140310
1140311
1140312
1140313
1140314
1140315
1140316
1140317
1140318
1140319
1140320
1140321
1140322
1140323
1140324
1140325
1140400
1140401
1140402
1140403
1140404
1140405
1140406
1140407
1140408
1140409
1140410
1140411
1140412
1140413
1140414
1140415
1140416
1140417
1140418
1140419
1140420
1140421
1140422
1140423
1140424
1140425
1140500
1140501
1140502
1140503
1140504
1140505
1140506
1140507
1140508
1140509
1140510
1140511
1140512
1140513
1140514
1140515
1140516
1140517
1140518
1140519
1140520
1140521
1140522
1140523
1140524
1140525
1140600
1140601
1140602
1140603
1140604
1140605
1140606
1140607
1140608
1140609
1140610
1140611
1140612
1140613
1140614
1140615
1140616
1140617
1140618
1140619
1140620
1140621
1140622
1140623
1140624
1140625
1140700
1140701
1140702
1140703
1140704
1140705
1140706
1140707
1140708
1140709
1140710
1140711
1140712
1140713
1140714
1140715
1140716
1140717
1140718
1140719
1140720
1140721
1140722
1140723
1140724
1140725
1140800
1140801
1140802
1140803
1140804
1140805
1140806
1140807
1140808
1140809
1140810
1140811
1140812
1140813
1140814
1140815
1140816
1140817
1140818
1140819
1140820
1140821
1140822
1140823
1140824
1140825
1140900
1140901
1140902
1140903
1140904
1140905
1140906
1140907
1140908
1140909
1140910
1140911
1140912
1140913
1140914
1140915
1140916
1140917
1140918
1140919
1140920
1140921
1140922
1140923
1140924
1140925
1141000
1141001
1141002
1141003
1141004
1141005
1141006
1141007
1141008
1141009
1141010
1141011
1141012
1141013
1141014
1141015
1141016
1141017
1141018
1141019
1141020
1141021
1141022
1141023
1141024
1141025
1141100
1141101
1141102
1141103
1141104
1141105
1141106
1141107
1141108
1141109
1141110
1141111
1141112
1141113
1141114
1141115
1141116
1141117
1141118
1141119
1141120
1141121
1141122
1141123
1141124
1141125
1141200
1141201
1141202
1141203
1141204
1141205
1141206
1141207
1141208
1141209
1141210
1141211
1141212
1141213
1141214
1141215
1141216
1141217
1141218
1141219
1141220
1141221
1141222
1141223
1141224
1141225
1150000
1150001
1150002
1150003
1150004
1150005
1150006
1150007
1150008
1150009
1150010
1150011
1150012
1150013
1150014
1150015
1150016
1150017
1150018
1150019
1150020
1150021
1150022
1150023
1150024
1150025
1150100
1150101
1150102
1150103
1150104
1150105
1150106
1150107
1150108
1150109
1150110
1150111
1150112
1150113
1150114
1150115
1150116
1150117
1150118
1150119
1150120
1150121
1150122
1150123
1150124
1150125
1150200
1150201
1150202
1150203
1150204
1150205
1150206
1150207
1150208
1150209
1150210
1150211
1150212
1150213
1150214
1150215
1150216
1150217
1150218
1150219
1150220
1150221
1150222
1150223
1150224
1150225
1150300
1150301
1150302
1150303
1150304
1150305
1150306
1150307
1150308
1150309
1150310
1150311
1150312
1150313
1150314
1150315
1150316
1150317
1150318
1150319
1150320
1150321
1150322
1150323
1150324
1150325
1150400
1150401
1150402
1150403
1150404
1150405
1150406
1150407
1150408
1150409
1150410
1150411
1150412
1150413
1150414
1150415
1150416
1150417
1150418
1150419
1150420
1150421
1150422
1150423
1150424
1150425
1150500
1150501
1150502
1150503
1150504
1150505
1150506
1150507
1150508
1150509
1150510
1150511
1150512
1150513
1150514
1150515
1150516
1150517
1150518
1150519
1150520
1150521
1150522
1150523
1150524
1150525
1150600
1150601
1150602
1150603
1150604
1150605
1150606
1150607
1150608
1150609
1150610
1150611
1150612
1150613
1150614
1150615
1150616
1150617
1150618
1150619
1150620
1150621
1150622
1150623
1150624
1150625
1150700
1150701
1150702
1150703
1150704
1150705
1150706
1150707
1150708
1150709
1150710
1150711
1150712
1150713
1150714
1150715
1150716
1150717
1150718
1150719
1150720
1150721
1150722
1150723
1150724
1150725
1150800
1150801
1150802
1150803
1150804
1150805
1150806
1150807
1150808
1150809
1150810
1150811
1150812
1150813
1150814
1150815
1150816
1150817
1150818
1150819
1150820
1150821
1150822
1150823
1150824
1150825
1150900
1150901
1150902
1150903
1150904
1150905
1150906
1150907
1150908
1150909
1150910
1150911
1150912
1150913
1150914
1150915
1150916
1150917
1150918
1150919
1150920
1150921
1150922
1150923
1150924
1150925
1151000
1151001
1151002
1151003
1151004
1151005
1151006
1151007
1151008
1151009
1151010
1151011
1151012
1151013
1151014
1151015
1151016
1151017
1151018
1151019
1151020
1151021
1151022
1151023
1151024
1151025
1151100
1151101
1151102
1151103
1151104
1151105
1151106
1151107
1151108
1151109
1151110
1151111
1151112
1151113
1151114
1151115
1151116
1151117
1151118
1151119
1151120
1151121
1151122
1151123
1151124
1151125
1151200
1151201
1151202
1151203
1151204
1151205
1151206
1151207
1151208
1151209
1151210
1151211
1151212
1151213
1151214
1151215
1151216
1151217
1151218
1151219
1151220
1151221
1151222
1151223
1151224
1151225
1160000
1160001
1160002
1160003
1160004
1160005
1160006
1160007
1160008
1160009
1160010
1160011
1160012
1160013
1160014
1160015
1160016
1160017
1160018
1160019
1160020
1160021
1160022
1160023
1160024
1160025
1190000
1190001
1190002
1190003
1190004
1190005
1190006
1190007
1190008
1190009
1190010
1190011
1190012
1190013
1190014
1190015
1190016
1190017
1190018
1190019
1190020
1190021
1190022
1190023
1190024
1190025
1500000
1500001
1500002
1500003
1500004
1500005
1500006
1500007
1500008
1500009
1500010
1500011
1500012
1500013
1500014
1500015
1500016
1500017
1500018
1500019
1500020
1500021
1500022
1500023
1500024
1500025
1500100
1500101
1500102
1500103
1500104
1500105
1500106
1500107
1500108
1500109
1500110
1500111
1500112
1500113
1500114
1500115
1500116
1500117
1500118
1500119
1500120
1500121
1500122
1500123
1500124
1500125
1500200
1500201
1500202
1500203
1500204
1500205
1500206
1500207
1500208
1500209
1500210
1500211
1500212
1500213
1500214
1500215
1500216
1500217
1500218
1500219
1500220
1500221
1500222
1500223
1500224
1500225
1500300
1500301
1500302
1500303
1500304
1500305
1500306
1500307
1500308
1500309
1500310
1500311
1500312
1500313
1500314
1500315
1500316
1500317
1500318
1500319
1500320
1500321
1500322
1500323
1500324
1500325
1500400
1500401
1500402
1500403
1500404
1500405
1500406
1500407
1500408
1500409
1500410
1500411
1500412
1500413
1500414
1500415
1500416
1500417
1500418
1500419
1500420
1500421
1500422
1500423
1500424
1500425
1500500
1500501
1500502
1500503
1500504
1500505
1500506
1500507
1500508
1500509
1500510
1500511
1500512
1500513
1500514
1500515
1500516
1500517
1500518
1500519
1500520
1500521
1500522
1500523
1500524
1500525
1500600
1500601
1500602
1500603
1500604
1500605
1500606
1500607
1500608
1500609
1500610
1500611
1500612
1500613
1500614
1500615
1500616
1500617
1500618
1500619
1500620
1500621
1500622
1500623
1500624
1500625
1500700
1500701
1500702
1500703
1500704
1500705
1500706
1500707
1500708
1500709
1500710
1500711
1500712
1500713
1500714
1500715
1500716
1500717
1500718
1500719
1500720
1500721
1500722
1500723
1500724
1500725
1500800
1500801
1500802
1500803
1500804
1500805
1500806
1500807
1500808
1500809
1500810
1500811
1500812
1500813
1500814
1500815
1500816
1500817
1500818
1500819
1500820
1500821
1500822
1500823
1500824
1500825
1500900
1500901
1500902
1500903
1500904
1500905
1500906
1500907
1500908
1500909
1500910
1500911
1500912
1500913
1500914
1500915
1500916
1500917
1500918
1500919
1500920
1500921
1500922
1500923
1500924
1500925
1501000
1501001
1501002
1501003
1501004
1501005
1501006
1501007
1501008
1501009
1501010
1501011
1501012
1501013
1501014
1501015
1501016
1501017
1501018
1501019
1501020
1501021
1501022
1501023
1501024
1501025
1501100
1501101
1501102
1501103
1501104
1501105
1501106
1501107
1501108
1501109
1501110
1501111
1501112
1501113
1501114
1501115
1501116
1501117
1501118
1501119
1501120
1501121
1501122
1501123
1501124
1501125
1501200
1501201
1501202
1501203
1501204
1501205
1501206
1501207
1501208
1501209
1501210
1501211
1501212
1501213
1501214
1501215
1501216
1501217
1501218
1501219
1501220
1501221
1501222
1501223
1501224
1501225
1510000
1510001
1510002
1510003
1510004
1510005
1510006
1510007
1510008
1510009
1510010
1510011
1510012
1510013
1510014
1510015
1510016
1510017
1510018
1510019
1510020
1510021
1510022
1510023
1510024
1510025
1510100
1510101
1510102
1510103
1510104
1510105
1510106
1510107
1510108
1510109
1510110
1510111
1510112
1510113
1510114
1510115
1510116
1510117
1510118
1510119
1510120
1510121
1510122
1510123
1510124
1510125
1510200
1510201
1510202
1510203
1510204
1510205
1510206
1510207
1510208
1510209
1510210
1510211
1510212
1510213
1510214
1510215
1510216
1510217
1510218
1510219
1510220
1510221
1510222
1510223
1510224
1510225
1510300
1510301
1510302
1510303
1510304
1510305
1510306
1510307
1510308
1510309
1510310
1510311
1510312
1510313
1510314
1510315
1510316
1510317
1510318
1510319
1510320
1510321
1510322
1510323
1510324
1510325
1510400
1510401
1510402
1510403
1510404
1510405
1510406
1510407
1510408
1510409
1510410
1510411
1510412
1510413
1510414
1510415
1510416
1510417
1510418
1510419
1510420
1510421
1510422
1510423
1510424
1510425
1510500
1510501
1510502
1510503
1510504
1510505
1510506
1510507
1510508
1510509
1510510
1510511
1510512
1510513
1510514
1510515
1510516
1510517
1510518
1510519
1510520
1510521
1510522
1510523
1510524
1510525
1510600
1510601
1510602
1510603
1510604
1510605
1510606
1510607
1510608
1510609
1510610
1510611
1510612
1510613
1510614
1510615
1510616
1510617
1510618
1510619
1510620
1510621
1510622
1510623
1510624
1510625
1510700
1510701
1510702
1510703
1510704
1510705
1510706
1510707
1510708
1510709
1510710
1510711
1510712
1510713
1510714
1510715
1510716
1510717
1510718
1510719
1510720
1510721
1510722
1510723
1510724
1510725
1510800
1510801
1510802
1510803
1510804
1510805
1510806
1510807
1510808
1510809
1510810
1510811
1510812
1510813
1510814
1510815
1510816
1510817
1510818
1510819
1510820
1510821
1510822
1510823
1510824
1510825
1510900
1510901
1510902
1510903
1510904
1510905
1510906
1510907
1510908
1510909
1510910
1510911
1510912
1510913
1510914
1510915
1510916
1510917
1510918
1510919
1510920
1510921
1510922
1510923
1510924
1510925
1511000
1511001
1511002
1511003
1511004
1511005
1511006
1511007
1511008
1511009
1511010
1511011
1511012
1511013
1511014
1511015
1511016
1511017
1511018
1511019
1511020
1511021
1511022
1511023
1511024
1511025
1511100
1511101
1511102
1511103
1511104
1511105
1511106
1511107
1511108
1511109
1511110
1511111
1511112
1511113
1511114
1511115
1511116
1511117
1511118
1511119
1511120
1511121
1511122
1511123
1511124
1511125
1511200
1511201
1511202
1511203
1511204
1511205
1511206
1511207
1511208
1511209
1511210
1511211
1511212
1511213
1511214
1511215
1511216
1511217
1511218
1511219
1511220
1511221
1511222
1511223
1511224
1511225
1690000
1690001
1690002
1690003
1690004
1690005
1690006
1690007
1690008
1690009
1690010
1690011
1690012
1690013
1690014
1690015
1690016
1690017
1690018
1690019
1690020
1690021
1690022
1690023
1690024
1690025
1910000
1910001
1910002
1910003
1910004
1910005
1910006
1910007
1910008
1910009
1910010
1910011
1910012
1910013
1910014
1910015
1910016
1910017
1910018
1910019
1910020
1910021
1910022
1910023
1910024
1910025
2000000
2000001
2000002
2000003
2000004
2000005
2000006
2000007
2000008
2000009
2000010
2000011
2000012
2000013
2000014
2000015
2000016
2000017
2000018
2000019
2000020
2000021
2000022
2000023
2000024
2000025
2000100
2000101
2000102
2000103
2000104
2000105
2000106
2000107
2000108
2000109
2000110
2000111
2000112
2000113
2000114
2000115
2000116
2000117
2000118
2000119
2000120
2000121
2000122
2000123
2000124
2000125
2000200
2000201
2000202
2000203
2000204
2000205
2000206
2000207
2000208
2000209
2000210
2000211
2000212
2000213
2000214
2000215
2000216
2000217
2000218
2000219
2000220
2000221
2000222
2000223
2000224
2000225
2000300
2000301
2000302
2000303
2000304
2000305
2000306
2000307
2000308
2000309
2000310
2000311
2000312
2000313
2000314
2000315
2000316
2000317
2000318
2000319
2000320
2000321
2000322
2000323
2000324
2000325
2000400
2000401
2000402
2000403
2000404
2000405
2000406
2000407
2000408
2000409
2000410
2000411
2000412
2000413
2000414
2000415
2000416
2000417
2000418
2000419
2000420
2000421
2000422
2000423
2000424
2000425
2000500
2000501
2000502
2000503
2000504
2000505
2000506
2000507
2000508
2000509
2000510
2000511
2000512
2000513
2000514
2000515
2000516
2000517
2000518
2000519
2000520
2000521
2000522
2000523
2000524
2000525
2000600
2000601
2000602
2000603
2000604
2000605
2000606
2000607
2000608
2000609
2000610
2000611
2000612
2000613
2000614
2000615
2000616
2000617
2000618
2000619
2000620
2000621
2000622
2000623
2000624
2000625
2000700
2000701
2000702
2000703
2000704
2000705
2000706
2000707
2000708
2000709
2000710
2000711
2000712
2000713
2000714
2000715
2000716
2000717
2000718
2000719
2000720
2000721
2000722
2000723
2000724
2000725
2000800
2000801
2000802
2000803
2000804
2000805
2000806
2000807
2000808
2000809
2000810
2000811
2000812
2000813
2000814
2000815
2000816
2000817
2000818
2000819
2000820
2000821
2000822
2000823
2000824
2000825
2000900
2000901
2000902
2000903
2000904
2000905
2000906
2000907
2000908
2000909
2000910
2000911
2000912
2000913
2000914
2000915
2000916
2000917
2000918
2000919
2000920
2000921
2000922
2000923
2000924
2000925
2001000
2001001
2001002
2001003
2001004
2001005
2001006
2001007
2001008
2001009
2001010
2001011
2001012
2001013
2001014
2001015
2001016
2001017
2001018
2001019
2001020
2001021
2001022
2001023
2001024
2001025
2001100
2001101
2001102
2001103
2001104
2001105
2001106
2001107
2001108
2001109
2001110
2001111
2001112
2001113
2001114
2001115
2001116
2001117
2001118
2001119
2001120
2001121
2001122
2001123
2001124
2001125
2001200
2001201
2001202
2001203
2001204
2001205
2001206
2001207
2001208
2001209
2001210
2001211
2001212
2001213
2001214
2001215
2001216
2001217
2001218
2001219
2001220
2001221
2001222
2001223
2001224
2001225
2010000
2010001
2010002
2010003
2010004
2010005
2010006
2010007
2010008
2010009
2010010
2010011
2010012
2010013
2010014
2010015
2010016
2010017
2010018
2010019
2010020
2010021
2010022
2010023
2010024
2010025
2010100
2010101
2010102
2010103
2010104
2010105
2010106
2010107
2010108
2010109
2010110
2010111
2010112
2010113
2010114
2010115
2010116
2010117
2010118
2010119
2010120
2010121
2010122
2010123
2010124
2010125
2010200
2010201
2010202
2010203
2010204
2010205
2010206
2010207
2010208
2010209
2010210
2010211
2010212
2010213
2010214
2010215
2010216
2010217
2010218
2010219
2010220
2010221
2010222
2010223
2010224
2010225
2010300
2010301
2010302
2010303
2010304
2010305
2010306
2010307
2010308
2010309
2010310
2010311
2010312
2010313
2010314
2010315
2010316
2010317
2010318
2010319
2010320
2010321
2010322
2010323
2010324
2010325
2010400
2010401
2010402
2010403
2010404
2010405
2010406
2010407
2010408
2010409
2010410
2010411
2010412
2010413
2010414
2010415
2010416
2010417
2010418
2010419
2010420
2010421
2010422
2010423
2010424
2010425
2010500
2010501
2010502
2010503
2010504
2010505
2010506
2010507
2010508
2010509
2010510
2010511
2010512
2010513
2010514
2010515
2010516
2010517
2010518
2010519
2010520
2010521
2010522
2010523
2010524
2010525
2010600
2010601
2010602
2010603
2010604
2010605
2010606
2010607
2010608
2010609
2010610
2010611
2010612
2010613
2010614
2010615
2010616
2010617
2010618
2010619
2010620
2010621
2010622
2010623
2010624
2010625
2010700
2010701
2010702
2010703
2010704
2010705
2010706
2010707
2010708
2010709
2010710
2010711
2010712
2010713
2010714
2010715
2010716
2010717
2010718
2010719
2010720
2010721
2010722
2010723
2010724
2010725
2010800
2010801
2010802
2010803
2010804
2010805
2010806
2010807
2010808
2010809
2010810
2010811
2010812
2010813
2010814
2010815
2010816
2010817
2010818
2010819
2010820
2010821
2010822
2010823
2010824
2010825
2010900
2010901
2010902
2010903
2010904
2010905
2010906
2010907
2010908
2010909
2010910
2010911
2010912
2010913
2010914
2010915
2010916
2010917
2010918
2010919
2010920
2010921
2010922
2010923
2010924
2010925
2011000
2011001
2011002
2011003
2011004
2011005
2011006
2011007
2011008
2011009
2011010
2011011
2011012
2011013
2011014
2011015
2011016
2011017
2011018
2011019
2011020
2011021
2011022
2011023
2011024
2011025
2011100
2011101
2011102
2011103
2011104
2011105
2011106
2011107
2011108
2011109
2011110
2011111
2011112
2011113
2011114
2011115
2011116
2011117
2011118
2011119
2011120
2011121
2011122
2011123
2011124
2011125
2011200
2011201
2011202
2011203
2011204
2011205
2011206
2011207
2011208
2011209
2011210
2011211
2011212
2011213
2011214
2011215
2011216
2011217
2011218
2011219
2011220
2011221
2011222
2011223
2011224
2011225
2020000
2020001
2020002
2020003
2020004
2020005
2020006
2020007
2020008
2020009
2020010
2020011
2020012
2020013
2020014
2020015
2020016
2020017
2020018
2020019
2020020
2020021
2020022
2020023
2020024
2020025
2020100
2020101
2020102
2020103
2020104
2020105
2020106
2020107
2020108
2020109
2020110
2020111
2020112
2020113
2020114
2020115
2020116
2020117
2020118
2020119
2020120
2020121
2020122
2020123
2020124
2020125
2020200
2020201
2020202
2020203
2020204
2020205
2020206
2020207
2020208
2020209
2020210
2020211
2020212
2020213
2020214
2020215
2020216
2020217
2020218
2020219
2020220
2020221
2020222
2020223
2020224
2020225
2020300
2020301
2020302
2020303
2020304
2020305
2020306
2020307
2020308
2020309
2020310
2020311
2020312
2020313
2020314
2020315
2020316
2020317
2020318
2020319
2020320
2020321
2020322
2020323
2020324
2020325
2020400
2020401
2020402
2020403
2020404
2020405
2020406
2020407
2020408
2020409
2020410
2020411
2020412
2020413
2020414
2020415
2020416
2020417
2020418
2020419
2020420
2020421
2020422
2020423
2020424
2020425
2020500
2020501
2020502
2020503
2020504
2020505
2020506
2020507
2020508
2020509
2020510
2020511
2020512
2020513
2020514
2020515
2020516
2020517
2020518
2020519
2020520
2020521
2020522
2020523
2020524
2020525
2020600
2020601
2020602
2020603
2020604
2020605
2020606
2020607
2020608
2020609
2020610
2020611
2020612
2020613
2020614
2020615
2020616
2020617
2020618
2020619
2020620
2020621
2020622
2020623
2020624
2020625
2020700
2020701
2020702
2020703
2020704
2020705
2020706
2020707
2020708
2020709
2020710
2020711
2020712
2020713
2020714
2020715
2020716
2020717
2020718
2020719
2020720
2020721
2020722
2020723
2020724
2020725
2020800
2020801
2020802
2020803
2020804
2020805
2020806
2020807
2020808
2020809
2020810
2020811
2020812
2020813
2020814
2020815
2020816
2020817
2020818
2020819
2020820
2020821
2020822
2020823
2020824
2020825
2020900
2020901
2020902
2020903
2020904
2020905
2020906
2020907
2020908
2020909
2020910
2020911
2020912
2020913
2020914
2020915
2020916
2020917
2020918
2020919
2020920
2020921
2020922
2020923
2020924
2020925
2021000
2021001
2021002
2021003
2021004
2021005
2021006
2021007
2021008
2021009
2021010
2021011
2021012
2021013
2021014
2021015
2021016
2021017
2021018
2021019
2021020
2021021
2021022
2021023
2021024
2021025
2021100
2021101
2021102
2021103
2021104
2021105
2021106
2021107
2021108
2021109
2021110
2021111
2021112
2021113
2021114
2021115
2021116
2021117
2021118
2021119
2021120
2021121
2021122
2021123
2021124
2021125
2021200
2021201
2021202
2021203
2021204
2021205
2021206
2021207
2021208
2021209
2021210
2021211
2021212
2021213
2021214
2021215
2021216
2021217
2021218
2021219
2021220
2021221
2021222
2021223
2021224
2021225
2040000
2040001
2040002
2040003
2040004
2040005
2040006
2040007
2040008
2040009
2040010
2040011
2040012
2040013
2040014
2040015
2040016
2040017
2040018
2040019
2040020
2040021
2040022
2040023
2040024
2040025
2040100
2040101
2040102
2040103
2040104
2040105
2040106
2040107
2040108
2040109
2040110
2040111
2040112
2040113
2040114
2040115
2040116
2040117
2040118
2040119
2040120
2040121
2040122
2040123
2040124
2040125
2040200
2040201
2040202
2040203
2040204
2040205
2040206
2040207
2040208
2040209
2040210
2040211
2040212
2040213
2040214
2040215
2040216
2040217
2040218
2040219
2040220
2040221
2040222
2040223
2040224
2040225
2040300
2040301
2040302
2040303
2040304
2040305
2040306
2040307
2040308
2040309
2040310
2040311
2040312
2040313
2040314
2040315
2040316
2040317
2040318
2040319
2040320
2040321
2040322
2040323
2040324
2040325
2040400
2040401
2040402
2040403
2040404
2040405
2040406
2040407
2040408
2040409
2040410
2040411
2040412
2040413
2040414
2040415
2040416
2040417
2040418
2040419
2040420
2040421
2040422
2040423
2040424
2040425
2040500
2040501
2040502
2040503
2040504
2040505
2040506
2040507
2040508
2040509
2040510
2040511
2040512
2040513
2040514
2040515
2040516
2040517
2040518
2040519
2040520
2040521
2040522
2040523
2040524
2040525
2040600
2040601
2040602
2040603
2040604
2040605
2040606
2040607
2040608
2040609
2040610
2040611
2040612
2040613
2040614
2040615
2040616
2040617
2040618
2040619
2040620
2040621
2040622
2040623
2040624
2040625
2040700
2040701
2040702
2040703
2040704
2040705
2040706
2040707
2040708
2040709
2040710
2040711
2040712
2040713
2040714
2040715
2040716
2040717
2040718
2040719
2040720
2040721
2040722
2040723
2040724
2040725
2040800
2040801
2040802
2040803
2040804
2040805
2040806
2040807
2040808
2040809
2040810
2040811
2040812
2040813
2040814
2040815
2040816
2040817
2040818
2040819
2040820
2040821
2040822
2040823
2040824
2040825
2040900
2040901
2040902
2040903
2040904
2040905
2040906
2040907
2040908
2040909
2040910
2040911
2040912
2040913
2040914
2040915
2040916
2040917
2040918
2040919
2040920
2040921
2040922
2040923
2040924
2040925
2041000
2041001
2041002
2041003
2041004
2041005
2041006
2041007
2041008
2041009
2041010
2041011
2041012
2041013
2041014
2041015
2041016
2041017
2041018
2041019
2041020
2041021
2041022
2041023
2041024
2041025
2041100
2041101
2041102
2041103
2041104
2041105
2041106
2041107
2041108
2041109
2041110
2041111
2041112
2041113
2041114
2041115
2041116
2041117
2041118
2041119
2041120
2041121
2041122
2041123
2041124
2041125
2041200
2041201
2041202
2041203
2041204
2041205
2041206
2041207
2041208
2041209
2041210
2041211
2041212
2041213
2041214
2041215
2041216
2041217
2041218
2041219
2041220
2041221
2041222
2041223
2041224
2041225
2050000
2050001
2050002
2050003
2050004
2050005
2050006
2050007
2050008
2050009
2050010
2050011
2050012
2050013
2050014
2050015
2050016
2050017
2050018
2050019
2050020
2050021
2050022
2050023
2050024
2050025
2050100
2050101
2050102
2050103
2050104
2050105
2050106
2050107
2050108
2050109
2050110
2050111
2050112
2050113
2050114
2050115
2050116
2050117
2050118
2050119
2050120
2050121
2050122
2050123
2050124
2050125
2050200
2050201
2050202
2050203
2050204
2050205
2050206
2050207
2050208
2050209
2050210
2050211
2050212
2050213
2050214
2050215
2050216
2050217
2050218
2050219
2050220
2050221
2050222
2050223
2050224
2050225
2050300
2050301
2050302
2050303
2050304
2050305
2050306
2050307
2050308
2050309
2050310
2050311
2050312
2050313
2050314
2050315
2050316
2050317
2050318
2050319
2050320
2050321
2050322
2050323
2050324
2050325
2050400
2050401
2050402
2050403
2050404
2050405
2050406
2050407
2050408
2050409
2050410
2050411
2050412
2050413
2050414
2050415
2050416
2050417
2050418
2050419
2050420
2050421
2050422
2050423
2050424
2050425
2050500
2050501
2050502
2050503
2050504
2050505
2050506
2050507
2050508
2050509
2050510
2050511
2050512
2050513
2050514
2050515
2050516
2050517
2050518
2050519
2050520
2050521
2050522
2050523
2050524
2050525
2050600
2050601
2050602
2050603
2050604
2050605
2050606
2050607
2050608
2050609
2050610
2050611
2050612
2050613
2050614
2050615
2050616
2050617
2050618
2050619
2050620
2050621
2050622
2050623
2050624
2050625
2050700
2050701
2050702
2050703
2050704
2050705
2050706
2050707
2050708
2050709
2050710
2050711
2050712
2050713
2050714
2050715
2050716
2050717
2050718
2050719
2050720
2050721
2050722
2050723
2050724
2050725
2050800
2050801
2050802
2050803
2050804
2050805
2050806
2050807
2050808
2050809
2050810
2050811
2050812
2050813
2050814
2050815
2050816
2050817
2050818
2050819
2050820
2050821
2050822
2050823
2050824
2050825
2050900
2050901
2050902
2050903
2050904
2050905
2050906
2050907
2050908
2050909
2050910
2050911
2050912
2050913
2050914
2050915
2050916
2050917
2050918
2050919
2050920
2050921
2050922
2050923
2050924
2050925
2051000
2051001
2051002
2051003
2051004
2051005
2051006
2051007
2051008
2051009
2051010
2051011
2051012
2051013
2051014
2051015
2051016
2051017
2051018
2051019
2051020
2051021
2051022
2051023
2051024
2051025
2051100
2051101
2051102
2051103
2051104
2051105
2051106
2051107
2051108
2051109
2051110
2051111
2051112
2051113
2051114
2051115
2051116
2051117
2051118
2051119
2051120
2051121
2051122
2051123
2051124
2051125
2051200
2051201
2051202
2051203
2051204
2051205
2051206
2051207
2051208
2051209
2051210
2051211
2051212
2051213
2051214
2051215
2051216
2051217
2051218
2051219
2051220
2051221
2051222
2051223
2051224
2051225
2060000
2060001
2060002
2060003
2060004
2060005
2060006
2060007
2060008
2060009
2060010
2060011
2060012
2060013
2060014
2060015
2060016
2060017
2060018
2060019
2060020
2060021
2060022
2060023
2060024
2060025
2070000
2070001
2070002
2070003
2070004
2070005
2070006
2070007
2070008
2070009
2070010
2070011
2070012
2070013
2070014
2070015
2070016
2070017
2070018
2070019
2070020
2070021
2070022
2070023
2070024
2070025
2080000
2080001
2080002
2080003
2080004
2080005
2080006
2080007
2080008
2080009
2080010
2080011
2080012
2080013
2080014
2080015
2080016
2080017
2080018
2080019
2080020
2080021
2080022
2080023
2080024
2080025
2090000
2090001
2090002
2090003
2090004
2090005
2090006
2090007
2090008
2090009
2090010
2090011
2090012
2090013
2090014
2090015
2090016
2090017
2090018
2090019
2090020
2090021
2090022
2090023
2090024
2090025
2092000
2092001
2092002
2092003
2092004
2092005
2092006
2092007
2092008
2092009
2092010
2092011
2092012
2092013
2092014
2092015
2092016
2092017
2092018
2092019
2092020
2092021
2092022
2092023
2092024
2092025
2110000
2110001
2110002
2110003
2110004
2110005
2110006
2110007
2110008
2110009
2110010
2110011
2110012
2110013
2110014
2110015
2110016
2110017
2110018
2110019
2110020
2110021
2110022
2110023
2110024
2110025
2140000
2140001
2140002
2140003
2140004
2140005
2140006
2140007
2140008
2140009
2140010
2140011
2140012
2140013
2140014
2140015
2140016
2140017
2140018
2140019
2140020
2140021
2140022
2140023
2140024
2140025
2150000
2150001
2150002
2150003
2150004
2150005
2150006
2150007
2150008
2150009
2150010
2150011
2150012
2150013
2150014
2150015
2150016
2150017
2150018
2150019
2150020
2150021
2150022
2150023
2150024
2150025
2180000
2180001
2180002
2180003
2180004
2180005
2180006
2180007
2180008
2180009
2180010
2180011
2180012
2180013
2180014
2180015
2180016
2180017
2180018
2180019
2180020
2180021
2180022
2180023
2180024
2180025
2190000
2190001
2190002
2190003
2190004
2190005
2190006
2190007
2190008
2190009
2190010
2190011
2190012
2190013
2190014
2190015
2190016
2190017
2190018
2190019
2190020
2190021
2190022
2190023
2190024
2190025
2200000
2200001
2200002
2200003
2200004
2200005
2200006
2200007
2200008
2200009
2200010
2200011
2200012
2200013
2200014
2200015
2200016
2200017
2200018
2200019
2200020
2200021
2200022
2200023
2200024
2200025
2210000
2210001
2210002
2210003
2210004
2210005
2210006
2210007
2210008
2210009
2210010
2210011
2210012
2210013
2210014
2210015
2210016
2210017
2210018
2210019
2210020
2210021
2210022
2210023
2210024
2210025
2210100
2210101
2210102
2210103
2210104
2210105
2210106
2210107
2210108
2210109
2210110
2210111
2210112
2210113
2210114
2210115
2210116
2210117
2210118
2210119
2210120
2210121
2210122
2210123
2210124
2210125
2210200
2210201
2210202
2210203
2210204
2210205
2210206
2210207
2210208
2210209
2210210
2210211
2210212
2210213
2210214
2210215
2210216
2210217
2210218
2210219
2210220
2210221
2210222
2210223
2210224
2210225
2210300
2210301
2210302
2210303
2210304
2210305
2210306
2210307
2210308
2210309
2210310
2210311
2210312
2210313
2210314
2210315
2210316
2210317
2210318
2210319
2210320
2210321
2210322
2210323
2210324
2210325
2210400
2210401
2210402
2210403
2210404
2210405
2210406
2210407
2210408
2210409
2210410
2210411
2210412
2210413
2210414
2210415
2210416
2210417
2210418
2210419
2210420
2210421
2210422
2210423
2210424
2210425
2210500
2210501
2210502
2210503
2210504
2210505
2210506
2210507
2210508
2210509
2210510
2210511
2210512
2210513
2210514
2210515
2210516
2210517
2210518
2210519
2210520
2210521
2210522
2210523
2210524
2210525
2210600
2210601
2210602
2210603
2210604
2210605
2210606
2210607
2210608
2210609
2210610
2210611
2210612
2210613
2210614
2210615
2210616
2210617
2210618
2210619
2210620
2210621
2210622
2210623
2210624
2210625
2210700
2210701
2210702
2210703
2210704
2210705
2210706
2210707
2210708
2210709
2210710
2210711
2210712
2210713
2210714
2210715
2210716
2210717
2210718
2210719
2210720
2210721
2210722
2210723
2210724
2210725
2210800
2210801
2210802
2210803
2210804
2210805
2210806
2210807
2210808
2210809
2210810
2210811
2210812
2210813
2210814
2210815
2210816
2210817
2210818
2210819
2210820
2210821
2210822
2210823
2210824
2210825
2210900
2210901
2210902
2210903
2210904
2210905
2210906
2210907
2210908
2210909
2210910
2210911
2210912
2210913
2210914
2210915
2210916
2210917
2210918
2210919
2210920
2210921
2210922
2210923
2210924
2210925
2211000
2211001
2211002
2211003
2211004
2211005
2211006
2211007
2211008
2211009
2211010
2211011
2211012
2211013
2211014
2211015
2211016
2211017
2211018
2211019
2211020
2211021
2211022
2211023
2211024
2211025
2211100
2211101
2211102
2211103
2211104
2211105
2211106
2211107
2211108
2211109
2211110
2211111
2211112
2211113
2211114
2211115
2211116
2211117
2211118
2211119
2211120
2211121
2211122
2211123
2211124
2211125
2211200
2211201
2211202
2211203
2211204
2211205
2211206
2211207
2211208
2211209
2211210
2211211
2211212
2211213
2211214
2211215
2211216
2211217
2211218
2211219
2211220
2211221
2211222
2211223
2211224
2211225
2220000
2220001
2220002
2220003
2220004
2220005
2220006
2220007
2220008
2220009
2220010
2220011
2220012
2220013
2220014
2220015
2220016
2220017
2220018
2220019
2220020
2220021
2220022
2220023
2220024
2220025
2230000
2230001
2230002
2230003
2230004
2230005
2230006
2230007
2230008
2230009
2230010
2230011
2230012
2230013
2230014
2230015
2230016
2230017
2230018
2230019
2230020
2230021
2230022
2230023
2230024
2230025
2230100
2230101
2230102
2230103
2230104
2230105
2230106
2230107
2230108
2230109
2230110
2230111
2230112
2230113
2230114
2230115
2230116
2230117
2230118
2230119
2230120
2230121
2230122
2230123
2230124
2230125
2230200
2230201
2230202
2230203
2230204
2230205
2230206
2230207
2230208
2230209
2230210
2230211
2230212
2230213
2230214
2230215
2230216
2230217
2230218
2230219
2230220
2230221
2230222
2230223
2230224
2230225
2230300
2230301
2230302
2230303
2230304
2230305
2230306
2230307
2230308
2230309
2230310
2230311
2230312
2230313
2230314
2230315
2230316
2230317
2230318
2230319
2230320
2230321
2230322
2230323
2230324
2230325
2230400
2230401
2230402
2230403
2230404
2230405
2230406
2230407
2230408
2230409
2230410
2230411
2230412
2230413
2230414
2230415
2230416
2230417
2230418
2230419
2230420
2230421
2230422
2230423
2230424
2230425
2230500
2230501
2230502
2230503
2230504
2230505
2230506
2230507
2230508
2230509
2230510
2230511
2230512
2230513
2230514
2230515
2230516
2230517
2230518
2230519
2230520
2230521
2230522
2230523
2230524
2230525
2230600
2230601
2230602
2230603
2230604
2230605
2230606
2230607
2230608
2230609
2230610
2230611
2230612
2230613
2230614
2230615
2230616
2230617
2230618
2230619
2230620
2230621
2230622
2230623
2230624
2230625
2230700
2230701
2230702
2230703
2230704
2230705
2230706
2230707
2230708
2230709
2230710
2230711
2230712
2230713
2230714
2230715
2230716
2230717
2230718
2230719
2230720
2230721
2230722
2230723
2230724
2230725
2230800
2230801
2230802
2230803
2230804
2230805
2230806
2230807
2230808
2230809
2230810
2230811
2230812
2230813
2230814
2230815
2230816
2230817
2230818
2230819
2230820
2230821
2230822
2230823
2230824
2230825
2230900
2230901
2230902
2230903
2230904
2230905
2230906
2230907
2230908
2230909
2230910
2230911
2230912
2230913
2230914
2230915
2230916
2230917
2230918
2230919
2230920
2230921
2230922
2230923
2230924
2230925
2231000
2231001
2231002
2231003
2231004
2231005
2231006
2231007
2231008
2231009
2231010
2231011
2231012
2231013
2231014
2231015
2231016
2231017
2231018
2231019
2231020
2231021
2231022
2231023
2231024
2231025
2231100
2231101
2231102
2231103
2231104
2231105
2231106
2231107
2231108
2231109
2231110
2231111
2231112
2231113
2231114
2231115
2231116
2231117
2231118
2231119
2231120
2231121
2231122
2231123
2231124
2231125
2231200
2231201
2231202
2231203
2231204
2231205
2231206
2231207
2231208
2231209
2231210
2231211
2231212
2231213
2231214
2231215
2231216
2231217
2231218
2231219
2231220
2231221
2231222
2231223
2231224
2231225
2240000
2240001
2240002
2240003
2240004
2240005
2240006
2240007
2240008
2240009
2240010
2240011
2240012
2240013
2240014
2240015
2240016
2240017
2240018
2240019
2240020
2240021
2240022
2240023
2240024
2240025
2240100
2240101
2240102
2240103
2240104
2240105
2240106
2240107
2240108
2240109
2240110
2240111
2240112
2240113
2240114
2240115
2240116
2240117
2240118
2240119
2240120
2240121
2240122
2240123
2240124
2240125
2240200
2240201
2240202
2240203
2240204
2240205
2240206
2240207
2240208
2240209
2240210
2240211
2240212
2240213
2240214
2240215
2240216
2240217
2240218
2240219
2240220
2240221
2240222
2240223
2240224
2240225
2240300
2240301
2240302
2240303
2240304
2240305
2240306
2240307
2240308
2240309
2240310
2240311
2240312
2240313
2240314
2240315
2240316
2240317
2240318
2240319
2240320
2240321
2240322
2240323
2240324
2240325
2240400
2240401
2240402
2240403
2240404
2240405
2240406
2240407
2240408
2240409
2240410
2240411
2240412
2240413
2240414
2240415
2240416
2240417
2240418
2240419
2240420
2240421
2240422
2240423
2240424
2240425
2240500
2240501
2240502
2240503
2240504
2240505
2240506
2240507
2240508
2240509
2240510
2240511
2240512
2240513
2240514
2240515
2240516
2240517
2240518
2240519
2240520
2240521
2240522
2240523
2240524
2240525
2240600
2240601
2240602
2240603
2240604
2240605
2240606
2240607
2240608
2240609
2240610
2240611
2240612
2240613
2240614
2240615
2240616
2240617
2240618
2240619
2240620
2240621
2240622
2240623
2240624
2240625
2240700
2240701
2240702
2240703
2240704
2240705
2240706
2240707
2240708
2240709
2240710
2240711
2240712
2240713
2240714
2240715
2240716
2240717
2240718
2240719
2240720
2240721
2240722
2240723
2240724
2240725
2240800
2240801
2240802
2240803
2240804
2240805
2240806
2240807
2240808
2240809
2240810
2240811
2240812
2240813
2240814
2240815
2240816
2240817
2240818
2240819
2240820
2240821
2240822
2240823
2240824
2240825
2240900
2240901
2240902
2240903
2240904
2240905
2240906
2240907
2240908
2240909
2240910
2240911
2240912
2240913
2240914
2240915
2240916
2240917
2240918
2240919
2240920
2240921
2240922
2240923
2240924
2240925
2241000
2241001
2241002
2241003
2241004
2241005
2241006
2241007
2241008
2241009
2241010
2241011
2241012
2241013
2241014
2241015
2241016
2241017
2241018
2241019
2241020
2241021
2241022
2241023
2241024
2241025
2241100
2241101
2241102
2241103
2241104
2241105
2241106
2241107
2241108
2241109
2241110
2241111
2241112
2241113
2241114
2241115
2241116
2241117
2241118
2241119
2241120
2241121
2241122
2241123
2241124
2241125
2241200
2241201
2241202
2241203
2241204
2241205
2241206
2241207
2241208
2241209
2241210
2241211
2241212
2241213
2241214
2241215
2241216
2241217
2241218
2241219
2241220
2241221
2241222
2241223
2241224
2241225
2250000
2250001
2250002
2250003
2250004
2250005
2250006
2250007
2250008
2250009
2250010
2250011
2250012
2250013
2250014
2250015
2250016
2250017
2250018
2250019
2250020
2250021
2250022
2250023
2250024
2250025
2260000
2260001
2260002
2260003
2260004
2260005
2260006
2260007
2260008
2260009
2260010
2260011
2260012
2260013
2260014
2260015
2260016
2260017
2260018
2260019
2260020
2260021
2260022
2260023
2260024
2260025
2510000
2510001
2510002
2510003
2510004
2510005
2510006
2510007
2510008
2510009
2510010
2510011
2510012
2510013
2510014
2510015
2510016
2510017
2510018
2510019
2510020
2510021
2510022
2510023
2510024
2510025
2520000
2520001
2520002
2520003
2520004
2520005
2520006
2520007
2520008
2520009
2520010
2520011
2520012
2520013
2520014
2520015
2520016
2520017
2520018
2520019
2520020
2520021
2520022
2520023
2520024
2520025
2530000
2530001
2530002
2530003
2530004
2530005
2530006
2530007
2530008
2530009
2530010
2530011
2530012
2530013
2530014
2530015
2530016
2530017
2530018
2530019
2530020
2530021
2530022
2530023
2530024
2530025
2540000
2540001
2540002
2540003
2540004
2540005
2540006
2540007
2540008
2540009
2540010
2540011
2540012
2540013
2540014
2540015
2540016
2540017
2540018
2540019
2540020
2540021
2540022
2540023
2540024
2540025
2550000
2550001
2550002
2550003
2550004
2550005
2550006
2550007
2550008
2550009
2550010
2550011
2550012
2550013
2550014
2550015
2550016
2550017
2550018
2550019
2550020
2550021
2550022
2550023
2550024
2550025
2560000
2560001
2560002
2560003
2560004
2560005
2560006
2560007
2560008
2560009
2560010
2560011
2560012
2560013
2560014
2560015
2560016
2560017
2560018
2560019
2560020
2560021
2560022
2560023
2560024
2560025
3000000
3000001
3000002
3000003
3000004
3000005
3000006
3000007
3000008
3000009
3000010
3000011
3000012
3000013
3000014
3000015
3000016
3000017
3000018
3000019
3000020
3000021
3000022
3000023
3000024
3000025
3000100
3000101
3000102
3000103
3000104
3000105
3000106
3000107
3000108
3000109
3000110
3000111
3000112
3000113
3000114
3000115
3000116
3000117
3000118
3000119
3000120
3000121
3000122
3000123
3000124
3000125
3000200
3000201
3000202
3000203
3000204
3000205
3000206
3000207
3000208
3000209
3000210
3000211
3000212
3000213
3000214
3000215
3000216
3000217
3000218
3000219
3000220
3000221
3000222
3000223
3000224
3000225
3000300
3000301
3000302
3000303
3000304
3000305
3000306
3000307
3000308
3000309
3000310
3000311
3000312
3000313
3000314
3000315
3000316
3000317
3000318
3000319
3000320
3000321
3000322
3000323
3000324
3000325
3000400
3000401
3000402
3000403
3000404
3000405
3000406
3000407
3000408
3000409
3000410
3000411
3000412
3000413
3000414
3000415
3000416
3000417
3000418
3000419
3000420
3000421
3000422
3000423
3000424
3000425
3000500
3000501
3000502
3000503
3000504
3000505
3000506
3000507
3000508
3000509
3000510
3000511
3000512
3000513
3000514
3000515
3000516
3000517
3000518
3000519
3000520
3000521
3000522
3000523
3000524
3000525
3000600
3000601
3000602
3000603
3000604
3000605
3000606
3000607
3000608
3000609
3000610
3000611
3000612
3000613
3000614
3000615
3000616
3000617
3000618
3000619
3000620
3000621
3000622
3000623
3000624
3000625
3000700
3000701
3000702
3000703
3000704
3000705
3000706
3000707
3000708
3000709
3000710
3000711
3000712
3000713
3000714
3000715
3000716
3000717
3000718
3000719
3000720
3000721
3000722
3000723
3000724
3000725
3000800
3000801
3000802
3000803
3000804
3000805
3000806
3000807
3000808
3000809
3000810
3000811
3000812
3000813
3000814
3000815
3000816
3000817
3000818
3000819
3000820
3000821
3000822
3000823
3000824
3000825
3000900
3000901
3000902
3000903
3000904
3000905
3000906
3000907
3000908
3000909
3000910
3000911
3000912
3000913
3000914
3000915
3000916
3000917
3000918
3000919
3000920
3000921
3000922
3000923
3000924
3000925
3001000
3001001
3001002
3001003
3001004
3001005
3001006
3001007
3001008
3001009
3001010
3001011
3001012
3001013
3001014
3001015
3001016
3001017
3001018
3001019
3001020
3001021
3001022
3001023
3001024
3001025
3001100
3001101
3001102
3001103
3001104
3001105
3001106
3001107
3001108
3001109
3001110
3001111
3001112
3001113
3001114
3001115
3001116
3001117
3001118
3001119
3001120
3001121
3001122
3001123
3001124
3001125
3001200
3001201
3001202
3001203
3001204
3001205
3001206
3001207
3001208
3001209
3001210
3001211
3001212
3001213
3001214
3001215
3001216
3001217
3001218
3001219
3001220
3001221
3001222
3001223
3001224
3001225
3010000
3010001
3010002
3010003
3010004
3010005
3010006
3010007
3010008
3010009
3010010
3010011
3010012
3010013
3010014
3010015
3010016
3010017
3010018
3010019
3010020
3010021
3010022
3010023
3010024
3010025
3010100
3010101
3010102
3010103
3010104
3010105
3010106
3010107
3010108
3010109
3010110
3010111
3010112
3010113
3010114
3010115
3010116
3010117
3010118
3010119
3010120
3010121
3010122
3010123
3010124
3010125
3010200
3010201
3010202
3010203
3010204
3010205
3010206
3010207
3010208
3010209
3010210
3010211
3010212
3010213
3010214
3010215
3010216
3010217
3010218
3010219
3010220
3010221
3010222
3010223
3010224
3010225
3010300
3010301
3010302
3010303
3010304
3010305
3010306
3010307
3010308
3010309
3010310
3010311
3010312
3010313
3010314
3010315
3010316
3010317
3010318
3010319
3010320
3010321
3010322
3010323
3010324
3010325
3010400
3010401
3010402
3010403
3010404
3010405
3010406
3010407
3010408
3010409
3010410
3010411
3010412
3010413
3010414
3010415
3010416
3010417
3010418
3010419
3010420
3010421
3010422
3010423
3010424
3010425
3010500
3010501
3010502
3010503
3010504
3010505
3010506
3010507
3010508
3010509
3010510
3010511
3010512
3010513
3010514
3010515
3010516
3010517
3010518
3010519
3010520
3010521
3010522
3010523
3010524
3010525
3010600
3010601
3010602
3010603
3010604
3010605
3010606
3010607
3010608
3010609
3010610
3010611
3010612
3010613
3010614
3010615
3010616
3010617
3010618
3010619
3010620
3010621
3010622
3010623
3010624
3010625
3010700
3010701
3010702
3010703
3010704
3010705
3010706
3010707
3010708
3010709
3010710
3010711
3010712
3010713
3010714
3010715
3010716
3010717
3010718
3010719
3010720
3010721
3010722
3010723
3010724
3010725
3010800
3010801
3010802
3010803
3010804
3010805
3010806
3010807
3010808
3010809
3010810
3010811
3010812
3010813
3010814
3010815
3010816
3010817
3010818
3010819
3010820
3010821
3010822
3010823
3010824
3010825
3010900
3010901
3010902
3010903
3010904
3010905
3010906
3010907
3010908
3010909
3010910
3010911
3010912
3010913
3010914
3010915
3010916
3010917
3010918
3010919
3010920
3010921
3010922
3010923
3010924
3010925
3011000
3011001
3011002
3011003
3011004
3011005
3011006
3011007
3011008
3011009
3011010
3011011
3011012
3011013
3011014
3011015
3011016
3011017
3011018
3011019
3011020
3011021
3011022
3011023
3011024
3011025
3011100
3011101
3011102
3011103
3011104
3011105
3011106
3011107
3011108
3011109
3011110
3011111
3011112
3011113
3011114
3011115
3011116
3011117
3011118
3011119
3011120
3011121
3011122
3011123
3011124
3011125
3011200
3011201
3011202
3011203
3011204
3011205
3011206
3011207
3011208
3011209
3011210
3011211
3011212
3011213
3011214
3011215
3011216
3011217
3011218
3011219
3011220
3011221
3011222
3011223
3011224
3011225
3020000
3020001
3020002
3020003
3020004
3020005
3020006
3020007
3020008
3020009
3020010
3020011
3020012
3020013
3020014
3020015
3020016
3020017
3020018
3020019
3020020
3020021
3020022
3020023
3020024
3020025
3020100
3020101
3020102
3020103
3020104
3020105
3020106
3020107
3020108
3020109
3020110
3020111
3020112
3020113
3020114
3020115
3020116
3020117
3020118
3020119
3020120
3020121
3020122
3020123
3020124
3020125
3020200
3020201
3020202
3020203
3020204
3020205
3020206
3020207
3020208
3020209
3020210
3020211
3020212
3020213
3020214
3020215
3020216
3020217
3020218
3020219
3020220
3020221
3020222
3020223
3020224
3020225
3020300
3020301
3020302
3020303
3020304
3020305
3020306
3020307
3020308
3020309
3020310
3020311
3020312
3020313
3020314
3020315
3020316
3020317
3020318
3020319
3020320
3020321
3020322
3020323
3020324
3020325
3020400
3020401
3020402
3020403
3020404
3020405
3020406
3020407
3020408
3020409
3020410
3020411
3020412
3020413
3020414
3020415
3020416
3020417
3020418
3020419
3020420
3020421
3020422
3020423
3020424
3020425
3020500
3020501
3020502
3020503
3020504
3020505
3020506
3020507
3020508
3020509
3020510
3020511
3020512
3020513
3020514
3020515
3020516
3020517
3020518
3020519
3020520
3020521
3020522
3020523
3020524
3020525
3020600
3020601
3020602
3020603
3020604
3020605
3020606
3020607
3020608
3020609
3020610
3020611
3020612
3020613
3020614
3020615
3020616
3020617
3020618
3020619
3020620
3020621
3020622
3020623
3020624
3020625
3020700
3020701
3020702
3020703
3020704
3020705
3020706
3020707
3020708
3020709
3020710
3020711
3020712
3020713
3020714
3020715
3020716
3020717
3020718
3020719
3020720
3020721
3020722
3020723
3020724
3020725
3020800
3020801
3020802
3020803
3020804
3020805
3020806
3020807
3020808
3020809
3020810
3020811
3020812
3020813
3020814
3020815
3020816
3020817
3020818
3020819
3020820
3020821
3020822
3020823
3020824
3020825
3020900
3020901
3020902
3020903
3020904
3020905
3020906
3020907
3020908
3020909
3020910
3020911
3020912
3020913
3020914
3020915
3020916
3020917
3020918
3020919
3020920
3020921
3020922
3020923
3020924
3020925
3021000
3021001
3021002
3021003
3021004
3021005
3021006
3021007
3021008
3021009
3021010
3021011
3021012
3021013
3021014
3021015
3021016
3021017
3021018
3021019
3021020
3021021
3021022
3021023
3021024
3021025
3021100
3021101
3021102
3021103
3021104
3021105
3021106
3021107
3021108
3021109
3021110
3021111
3021112
3021113
3021114
3021115
3021116
3021117
3021118
3021119
3021120
3021121
3021122
3021123
3021124
3021125
3021200
3021201
3021202
3021203
3021204
3021205
3021206
3021207
3021208
3021209
3021210
3021211
3021212
3021213
3021214
3021215
3021216
3021217
3021218
3021219
3021220
3021221
3021222
3021223
3021224
3021225
3030000
3030001
3030002
3030003
3030004
3030005
3030006
3030007
3030008
3030009
3030010
3030011
3030012
3030013
3030014
3030015
3030016
3030017
3030018
3030019
3030020
3030021
3030022
3030023
3030024
3030025
3030100
3030101
3030102
3030103
3030104
3030105
3030106
3030107
3030108
3030109
3030110
3030111
3030112
3030113
3030114
3030115
3030116
3030117
3030118
3030119
3030120
3030121
3030122
3030123
3030124
3030125
3030200
3030201
3030202
3030203
3030204
3030205
3030206
3030207
3030208
3030209
3030210
3030211
3030212
3030213
3030214
3030215
3030216
3030217
3030218
3030219
3030220
3030221
3030222
3030223
3030224
3030225
3030300
3030301
3030302
3030303
3030304
3030305
3030306
3030307
3030308
3030309
3030310
3030311
3030312
3030313
3030314
3030315
3030316
3030317
3030318
3030319
3030320
3030321
3030322
3030323
3030324
3030325
3030400
3030401
3030402
3030403
3030404
3030405
3030406
3030407
3030408
3030409
3030410
3030411
3030412
3030413
3030414
3030415
3030416
3030417
3030418
3030419
3030420
3030421
3030422
3030423
3030424
3030425
3030500
3030501
3030502
3030503
3030504
3030505
3030506
3030507
3030508
3030509
3030510
3030511
3030512
3030513
3030514
3030515
3030516
3030517
3030518
3030519
3030520
3030521
3030522
3030523
3030524
3030525
3030600
3030601
3030602
3030603
3030604
3030605
3030606
3030607
3030608
3030609
3030610
3030611
3030612
3030613
3030614
3030615
3030616
3030617
3030618
3030619
3030620
3030621
3030622
3030623
3030624
3030625
3030700
3030701
3030702
3030703
3030704
3030705
3030706
3030707
3030708
3030709
3030710
3030711
3030712
3030713
3030714
3030715
3030716
3030717
3030718
3030719
3030720
3030721
3030722
3030723
3030724
3030725
3030800
3030801
3030802
3030803
3030804
3030805
3030806
3030807
3030808
3030809
3030810
3030811
3030812
3030813
3030814
3030815
3030816
3030817
3030818
3030819
3030820
3030821
3030822
3030823
3030824
3030825
3030900
3030901
3030902
3030903
3030904
3030905
3030906
3030907
3030908
3030909
3030910
3030911
3030912
3030913
3030914
3030915
3030916
3030917
3030918
3030919
3030920
3030921
3030922
3030923
3030924
3030925
3031000
3031001
3031002
3031003
3031004
3031005
3031006
3031007
3031008
3031009
3031010
3031011
3031012
3031013
3031014
3031015
3031016
3031017
3031018
3031019
3031020
3031021
3031022
3031023
3031024
3031025
3031100
3031101
3031102
3031103
3031104
3031105
3031106
3031107
3031108
3031109
3031110
3031111
3031112
3031113
3031114
3031115
3031116
3031117
3031118
3031119
3031120
3031121
3031122
3031123
3031124
3031125
3031200
3031201
3031202
3031203
3031204
3031205
3031206
3031207
3031208
3031209
3031210
3031211
3031212
3031213
3031214
3031215
3031216
3031217
3031218
3031219
3031220
3031221
3031222
3031223
3031224
3031225
3040000
3040001
3040002
3040003
3040004
3040005
3040006
3040007
3040008
3040009
3040010
3040011
3040012
3040013
3040014
3040015
3040016
3040017
3040018
3040019
3040020
3040021
3040022
3040023
3040024
3040025
3040100
3040101
3040102
3040103
3040104
3040105
3040106
3040107
3040108
3040109
3040110
3040111
3040112
3040113
3040114
3040115
3040116
3040117
3040118
3040119
3040120
3040121
3040122
3040123
3040124
3040125
3040200
3040201
3040202
3040203
3040204
3040205
3040206
3040207
3040208
3040209
3040210
3040211
3040212
3040213
3040214
3040215
3040216
3040217
3040218
3040219
3040220
3040221
3040222
3040223
3040224
3040225
3040300
3040301
3040302
3040303
3040304
3040305
3040306
3040307
3040308
3040309
3040310
3040311
3040312
3040313
3040314
3040315
3040316
3040317
3040318
3040319
3040320
3040321
3040322
3040323
3040324
3040325
3040400
3040401
3040402
3040403
3040404
3040405
3040406
3040407
3040408
3040409
3040410
3040411
3040412
3040413
3040414
3040415
3040416
3040417
3040418
3040419
3040420
3040421
3040422
3040423
3040424
3040425
3040500
3040501
3040502
3040503
3040504
3040505
3040506
3040507
3040508
3040509
3040510
3040511
3040512
3040513
3040514
3040515
3040516
3040517
3040518
3040519
3040520
3040521
3040522
3040523
3040524
3040525
3040600
3040601
3040602
3040603
3040604
3040605
3040606
3040607
3040608
3040609
3040610
3040611
3040612
3040613
3040614
3040615
3040616
3040617
3040618
3040619
3040620
3040621
3040622
3040623
3040624
3040625
3040700
3040701
3040702
3040703
3040704
3040705
3040706
3040707
3040708
3040709
3040710
3040711
3040712
3040713
3040714
3040715
3040716
3040717
3040718
3040719
3040720
3040721
3040722
3040723
3040724
3040725
3040800
3040801
3040802
3040803
3040804
3040805
3040806
3040807
3040808
3040809
3040810
3040811
3040812
3040813
3040814
3040815
3040816
3040817
3040818
3040819
3040820
3040821
3040822
3040823
3040824
3040825
3040900
3040901
3040902
3040903
3040904
3040905
3040906
3040907
3040908
3040909
3040910
3040911
3040912
3040913
3040914
3040915
3040916
3040917
3040918
3040919
3040920
3040921
3040922
3040923
3040924
3040925
3041000
3041001
3041002
3041003
3041004
3041005
3041006
3041007
3041008
3041009
3041010
3041011
3041012
3041013
3041014
3041015
3041016
3041017
3041018
3041019
3041020
3041021
3041022
3041023
3041024
3041025
3041100
3041101
3041102
3041103
3041104
3041105
3041106
3041107
3041108
3041109
3041110
3041111
3041112
3041113
3041114
3041115
3041116
3041117
3041118
3041119
3041120
3041121
3041122
3041123
3041124
3041125
3041200
3041201
3041202
3041203
3041204
3041205
3041206
3041207
3041208
3041209
3041210
3041211
3041212
3041213
3041214
3041215
3041216
3041217
3041218
3041219
3041220
3041221
3041222
3041223
3041224
3041225
3050000
3050001
3050002
3050003
3050004
3050005
3050006
3050007
3050008
3050009
3050010
3050011
3050012
3050013
3050014
3050015
3050016
3050017
3050018
3050019
3050020
3050021
3050022
3050023
3050024
3050025
3050100
3050101
3050102
3050103
3050104
3050105
3050106
3050107
3050108
3050109
3050110
3050111
3050112
3050113
3050114
3050115
3050116
3050117
3050118
3050119
3050120
3050121
3050122
3050123
3050124
3050125
3050200
3050201
3050202
3050203
3050204
3050205
3050206
3050207
3050208
3050209
3050210
3050211
3050212
3050213
3050214
3050215
3050216
3050217
3050218
3050219
3050220
3050221
3050222
3050223
3050224
3050225
3050300
3050301
3050302
3050303
3050304
3050305
3050306
3050307
3050308
3050309
3050310
3050311
3050312
3050313
3050314
3050315
3050316
3050317
3050318
3050319
3050320
3050321
3050322
3050323
3050324
3050325
3050400
3050401
3050402
3050403
3050404
3050405
3050406
3050407
3050408
3050409
3050410
3050411
3050412
3050413
3050414
3050415
3050416
3050417
3050418
3050419
3050420
3050421
3050422
3050423
3050424
3050425
3050500
3050501
3050502
3050503
3050504
3050505
3050506
3050507
3050508
3050509
3050510
3050511
3050512
3050513
3050514
3050515
3050516
3050517
3050518
3050519
3050520
3050521
3050522
3050523
3050524
3050525
3050600
3050601
3050602
3050603
3050604
3050605
3050606
3050607
3050608
3050609
3050610
3050611
3050612
3050613
3050614
3050615
3050616
3050617
3050618
3050619
3050620
3050621
3050622
3050623
3050624
3050625
3050700
3050701
3050702
3050703
3050704
3050705
3050706
3050707
3050708
3050709
3050710
3050711
3050712
3050713
3050714
3050715
3050716
3050717
3050718
3050719
3050720
3050721
3050722
3050723
3050724
3050725
3050800
3050801
3050802
3050803
3050804
3050805
3050806
3050807
3050808
3050809
3050810
3050811
3050812
3050813
3050814
3050815
3050816
3050817
3050818
3050819
3050820
3050821
3050822
3050823
3050824
3050825
3050900
3050901
3050902
3050903
3050904
3050905
3050906
3050907
3050908
3050909
3050910
3050911
3050912
3050913
3050914
3050915
3050916
3050917
3050918
3050919
3050920
3050921
3050922
3050923
3050924
3050925
3051000
3051001
3051002
3051003
3051004
3051005
3051006
3051007
3051008
3051009
3051010
3051011
3051012
3051013
3051014
3051015
3051016
3051017
3051018
3051019
3051020
3051021
3051022
3051023
3051024
3051025
3051100
3051101
3051102
3051103
3051104
3051105
3051106
3051107
3051108
3051109
3051110
3051111
3051112
3051113
3051114
3051115
3051116
3051117
3051118
3051119
3051120
3051121
3051122
3051123
3051124
3051125
3051200
3051201
3051202
3051203
3051204
3051205
3051206
3051207
3051208
3051209
3051210
3051211
3051212
3051213
3051214
3051215
3051216
3051217
3051218
3051219
3051220
3051221
3051222
3051223
3051224
3051225
3060000
3060001
3060002
3060003
3060004
3060005
3060006
3060007
3060008
3060009
3060010
3060011
3060012
3060013
3060014
3060015
3060016
3060017
3060018
3060019
3060020
3060021
3060022
3060023
3060024
3060025
3070000
3070001
3070002
3070003
3070004
3070005
3070006
3070007
3070008
3070009
3070010
3070011
3070012
3070013
3070014
3070015
3070016
3070017
3070018
3070019
3070020
3070021
3070022
3070023
3070024
3070025
3080000
3080001
3080002
3080003
3080004
3080005
3080006
3080007
3080008
3080009
3080010
3080011
3080012
3080013
3080014
3080015
3080016
3080017
3080018
3080019
3080020
3080021
3080022
3080023
3080024
3080025
3080100
3080101
3080102
3080103
3080104
3080105
3080106
3080107
3080108
3080109
3080110
3080111
3080112
3080113
3080114
3080115
3080116
3080117
3080118
3080119
3080120
3080121
3080122
3080123
3080124
3080125
3080200
3080201
3080202
3080203
3080204
3080205
3080206
3080207
3080208
3080209
3080210
3080211
3080212
3080213
3080214
3080215
3080216
3080217
3080218
3080219
3080220
3080221
3080222
3080223
3080224
3080225
3080300
3080301
3080302
3080303
3080304
3080305
3080306
3080307
3080308
3080309
3080310
3080311
3080312
3080313
3080314
3080315
3080316
3080317
3080318
3080319
3080320
3080321
3080322
3080323
3080324
3080325
3080400
3080401
3080402
3080403
3080404
3080405
3080406
3080407
3080408
3080409
3080410
3080411
3080412
3080413
3080414
3080415
3080416
3080417
3080418
3080419
3080420
3080421
3080422
3080423
3080424
3080425
3080500
3080501
3080502
3080503
3080504
3080505
3080506
3080507
3080508
3080509
3080510
3080511
3080512
3080513
3080514
3080515
3080516
3080517
3080518
3080519
3080520
3080521
3080522
3080523
3080524
3080525
3080600
3080601
3080602
3080603
3080604
3080605
3080606
3080607
3080608
3080609
3080610
3080611
3080612
3080613
3080614
3080615
3080616
3080617
3080618
3080619
3080620
3080621
3080622
3080623
3080624
3080625
3080700
3080701
3080702
3080703
3080704
3080705
3080706
3080707
3080708
3080709
3080710
3080711
3080712
3080713
3080714
3080715
3080716
3080717
3080718
3080719
3080720
3080721
3080722
3080723
3080724
3080725
3080800
3080801
3080802
3080803
3080804
3080805
3080806
3080807
3080808
3080809
3080810
3080811
3080812
3080813
3080814
3080815
3080816
3080817
3080818
3080819
3080820
3080821
3080822
3080823
3080824
3080825
3080900
3080901
3080902
3080903
3080904
3080905
3080906
3080907
3080908
3080909
3080910
3080911
3080912
3080913
3080914
3080915
3080916
3080917
3080918
3080919
3080920
3080921
3080922
3080923
3080924
3080925
3081000
3081001
3081002
3081003
3081004
3081005
3081006
3081007
3081008
3081009
3081010
3081011
3081012
3081013
3081014
3081015
3081016
3081017
3081018
3081019
3081020
3081021
3081022
3081023
3081024
3081025
3081100
3081101
3081102
3081103
3081104
3081105
3081106
3081107
3081108
3081109
3081110
3081111
3081112
3081113
3081114
3081115
3081116
3081117
3081118
3081119
3081120
3081121
3081122
3081123
3081124
3081125
3081200
3081201
3081202
3081203
3081204
3081205
3081206
3081207
3081208
3081209
3081210
3081211
3081212
3081213
3081214
3081215
3081216
3081217
3081218
3081219
3081220
3081221
3081222
3081223
3081224
3081225
3090000
3090001
3090002
3090003
3090004
3090005
3090006
3090007
3090008
3090009
3090010
3090011
3090012
3090013
3090014
3090015
3090016
3090017
3090018
3090019
3090020
3090021
3090022
3090023
3090024
3090025
3100000
3100001
3100002
3100003
3100004
3100005
3100006
3100007
3100008
3100009
3100010
3100011
3100012
3100013
3100014
3100015
3100016
3100017
3100018
3100019
3100020
3100021
3100022
3100023
3100024
3100025
3130000
3130001
3130002
3130003
3130004
3130005
3130006
3130007
3130008
3130009
3130010
3130011
3130012
3130013
3130014
3130015
3130016
3130017
3130018
3130019
3130020
3130021
3130022
3130023
3130024
3130025
3140000
3140001
3140002
3140003
3140004
3140005
3140006
3140007
3140008
3140009
3140010
3140011
3140012
3140013
3140014
3140015
3140016
3140017
3140018
3140019
3140020
3140021
3140022
3140023
3140024
3140025
3150000
3150001
3150002
3150003
3150004
3150005
3150006
3150007
3150008
3150009
3150010
3150011
3150012
3150013
3150014
3150015
3150016
3150017
3150018
3150019
3150020
3150021
3150022
3150023
3150024
3150025
3160000
3160001
3160002
3160003
3160004
3160005
3160006
3160007
3160008
3160009
3160010
3160011
3160012
3160013
3160014
3160015
3160016
3160017
3160018
3160019
3160020
3160021
3160022
3160023
3160024
3160025
3170000
3170001
3170002
3170003
3170004
3170005
3170006
3170007
3170008
3170009
3170010
3170011
3170012
3170013
3170014
3170015
3170016
3170017
3170018
3170019
3170020
3170021
3170022
3170023
3170024
3170025
3180000
3180001
3180002
3180003
3180004
3180005
3180006
3180007
3180008
3180009
3180010
3180011
3180012
3180013
3180014
3180015
3180016
3180017
3180018
3180019
3180020
3180021
3180022
3180023
3180024
3180025
3180100
3180101
3180102
3180103
3180104
3180105
3180106
3180107
3180108
3180109
3180110
3180111
3180112
3180113
3180114
3180115
3180116
3180117
3180118
3180119
3180120
3180121
3180122
3180123
3180124
3180125
3180200
3180201
3180202
3180203
3180204
3180205
3180206
3180207
3180208
3180209
3180210
3180211
3180212
3180213
3180214
3180215
3180216
3180217
3180218
3180219
3180220
3180221
3180222
3180223
3180224
3180225
3180300
3180301
3180302
3180303
3180304
3180305
3180306
3180307
3180308
3180309
3180310
3180311
3180312
3180313
3180314
3180315
3180316
3180317
3180318
3180319
3180320
3180321
3180322
3180323
3180324
3180325
3180400
3180401
3180402
3180403
3180404
3180405
3180406
3180407
3180408
3180409
3180410
3180411
3180412
3180413
3180414
3180415
3180416
3180417
3180418
3180419
3180420
3180421
3180422
3180423
3180424
3180425
3180500
3180501
3180502
3180503
3180504
3180505
3180506
3180507
3180508
3180509
3180510
3180511
3180512
3180513
3180514
3180515
3180516
3180517
3180518
3180519
3180520
3180521
3180522
3180523
3180524
3180525
3180600
3180601
3180602
3180603
3180604
3180605
3180606
3180607
3180608
3180609
3180610
3180611
3180612
3180613
3180614
3180615
3180616
3180617
3180618
3180619
3180620
3180621
3180622
3180623
3180624
3180625
3180700
3180701
3180702
3180703
3180704
3180705
3180706
3180707
3180708
3180709
3180710
3180711
3180712
3180713
3180714
3180715
3180716
3180717
3180718
3180719
3180720
3180721
3180722
3180723
3180724
3180725
3180800
3180801
3180802
3180803
3180804
3180805
3180806
3180807
3180808
3180809
3180810
3180811
3180812
3180813
3180814
3180815
3180816
3180817
3180818
3180819
3180820
3180821
3180822
3180823
3180824
3180825
3180900
3180901
3180902
3180903
3180904
3180905
3180906
3180907
3180908
3180909
3180910
3180911
3180912
3180913
3180914
3180915
3180916
3180917
3180918
3180919
3180920
3180921
3180922
3180923
3180924
3180925
3181000
3181001
3181002
3181003
3181004
3181005
3181006
3181007
3181008
3181009
3181010
3181011
3181012
3181013
3181014
3181015
3181016
3181017
3181018
3181019
3181020
3181021
3181022
3181023
3181024
3181025
3181100
3181101
3181102
3181103
3181104
3181105
3181106
3181107
3181108
3181109
3181110
3181111
3181112
3181113
3181114
3181115
3181116
3181117
3181118
3181119
3181120
3181121
3181122
3181123
3181124
3181125
3181200
3181201
3181202
3181203
3181204
3181205
3181206
3181207
3181208
3181209
3181210
3181211
3181212
3181213
3181214
3181215
3181216
3181217
3181218
3181219
3181220
3181221
3181222
3181223
3181224
3181225
3190000
3190001
3190002
3190003
3190004
3190005
3190006
3190007
3190008
3190009
3190010
3190011
3190012
3190013
3190014
3190015
3190016
3190017
3190018
3190019
3190020
3190021
3190022
3190023
3190024
3190025
3190100
3190101
3190102
3190103
3190104
3190105
3190106
3190107
3190108
3190109
3190110
3190111
3190112
3190113
3190114
3190115
3190116
3190117
3190118
3190119
3190120
3190121
3190122
3190123
3190124
3190125
3190200
3190201
3190202
3190203
3190204
3190205
3190206
3190207
3190208
3190209
3190210
3190211
3190212
3190213
3190214
3190215
3190216
3190217
3190218
3190219
3190220
3190221
3190222
3190223
3190224
3190225
3190300
3190301
3190302
3190303
3190304
3190305
3190306
3190307
3190308
3190309
3190310
3190311
3190312
3190313
3190314
3190315
3190316
3190317
3190318
3190319
3190320
3190321
3190322
3190323
3190324
3190325
3190400
3190401
3190402
3190403
3190404
3190405
3190406
3190407
3190408
3190409
3190410
3190411
3190412
3190413
3190414
3190415
3190416
3190417
3190418
3190419
3190420
3190421
3190422
3190423
3190424
3190425
3190500
3190501
3190502
3190503
3190504
3190505
3190506
3190507
3190508
3190509
3190510
3190511
3190512
3190513
3190514
3190515
3190516
3190517
3190518
3190519
3190520
3190521
3190522
3190523
3190524
3190525
3190600
3190601
3190602
3190603
3190604
3190605
3190606
3190607
3190608
3190609
3190610
3190611
3190612
3190613
3190614
3190615
3190616
3190617
3190618
3190619
3190620
3190621
3190622
3190623
3190624
3190625
3190700
3190701
3190702
3190703
3190704
3190705
3190706
3190707
3190708
3190709
3190710
3190711
3190712
3190713
3190714
3190715
3190716
3190717
3190718
3190719
3190720
3190721
3190722
3190723
3190724
3190725
3190800
3190801
3190802
3190803
3190804
3190805
3190806
3190807
3190808
3190809
3190810
3190811
3190812
3190813
3190814
3190815
3190816
3190817
3190818
3190819
3190820
3190821
3190822
3190823
3190824
3190825
3190900
3190901
3190902
3190903
3190904
3190905
3190906
3190907
3190908
3190909
3190910
3190911
3190912
3190913
3190914
3190915
3190916
3190917
3190918
3190919
3190920
3190921
3190922
3190923
3190924
3190925
3191000
3191001
3191002
3191003
3191004
3191005
3191006
3191007
3191008
3191009
3191010
3191011
3191012
3191013
3191014
3191015
3191016
3191017
3191018
3191019
3191020
3191021
3191022
3191023
3191024
3191025
3191100
3191101
3191102
3191103
3191104
3191105
3191106
3191107
3191108
3191109
3191110
3191111
3191112
3191113
3191114
3191115
3191116
3191117
3191118
3191119
3191120
3191121
3191122
3191123
3191124
3191125
3191200
3191201
3191202
3191203
3191204
3191205
3191206
3191207
3191208
3191209
3191210
3191211
3191212
3191213
3191214
3191215
3191216
3191217
3191218
3191219
3191220
3191221
3191222
3191223
3191224
3191225
3200000
3200001
3200002
3200003
3200004
3200005
3200006
3200007
3200008
3200009
3200010
3200011
3200012
3200013
3200014
3200015
3200016
3200017
3200018
3200019
3200020
3200021
3200022
3200023
3200024
3200025
3210000
3210001
3210002
3210003
3210004
3210005
3210006
3210007
3210008
3210009
3210010
3210011
3210012
3210013
3210014
3210015
3210016
3210017
3210018
3210019
3210020
3210021
3210022
3210023
3210024
3210025
3220000
3220001
3220002
3220003
3220004
3220005
3220006
3220007
3220008
3220009
3220010
3220011
3220012
3220013
3220014
3220015
3220016
3220017
3220018
3220019
3220020
3220021
3220022
3220023
3220024
3220025
3500000
3500001
3500002
3500003
3500004
3500005
3500006
3500007
3500008
3500009
3500010
3500011
3500012
3500013
3500014
3500015
3500016
3500017
3500018
3500019
3500020
3500021
3500022
3500023
3500024
3500025
3500100
3500101
3500102
3500103
3500104
3500105
3500106
3500107
3500108
3500109
3500110
3500111
3500112
3500113
3500114
3500115
3500116
3500117
3500118
3500119
3500120
3500121
3500122
3500123
3500124
3500125
3500200
3500201
3500202
3500203
3500204
3500205
3500206
3500207
3500208
3500209
3500210
3500211
3500212
3500213
3500214
3500215
3500216
3500217
3500218
3500219
3500220
3500221
3500222
3500223
3500224
3500225
3500300
3500301
3500302
3500303
3500304
3500305
3500306
3500307
3500308
3500309
3500310
3500311
3500312
3500313
3500314
3500315
3500316
3500317
3500318
3500319
3500320
3500321
3500322
3500323
3500324
3500325
3500400
3500401
3500402
3500403
3500404
3500405
3500406
3500407
3500408
3500409
3500410
3500411
3500412
3500413
3500414
3500415
3500416
3500417
3500418
3500419
3500420
3500421
3500422
3500423
3500424
3500425
3500500
3500501
3500502
3500503
3500504
3500505
3500506
3500507
3500508
3500509
3500510
3500511
3500512
3500513
3500514
3500515
3500516
3500517
3500518
3500519
3500520
3500521
3500522
3500523
3500524
3500525
3500600
3500601
3500602
3500603
3500604
3500605
3500606
3500607
3500608
3500609
3500610
3500611
3500612
3500613
3500614
3500615
3500616
3500617
3500618
3500619
3500620
3500621
3500622
3500623
3500624
3500625
3500700
3500701
3500702
3500703
3500704
3500705
3500706
3500707
3500708
3500709
3500710
3500711
3500712
3500713
3500714
3500715
3500716
3500717
3500718
3500719
3500720
3500721
3500722
3500723
3500724
3500725
3500800
3500801
3500802
3500803
3500804
3500805
3500806
3500807
3500808
3500809
3500810
3500811
3500812
3500813
3500814
3500815
3500816
3500817
3500818
3500819
3500820
3500821
3500822
3500823
3500824
3500825
3500900
3500901
3500902
3500903
3500904
3500905
3500906
3500907
3500908
3500909
3500910
3500911
3500912
3500913
3500914
3500915
3500916
3500917
3500918
3500919
3500920
3500921
3500922
3500923
3500924
3500925
3501000
3501001
3501002
3501003
3501004
3501005
3501006
3501007
3501008
3501009
3501010
3501011
3501012
3501013
3501014
3501015
3501016
3501017
3501018
3501019
3501020
3501021
3501022
3501023
3501024
3501025
3501100
3501101
3501102
3501103
3501104
3501105
3501106
3501107
3501108
3501109
3501110
3501111
3501112
3501113
3501114
3501115
3501116
3501117
3501118
3501119
3501120
3501121
3501122
3501123
3501124
3501125
3501200
3501201
3501202
3501203
3501204
3501205
3501206
3501207
3501208
3501209
3501210
3501211
3501212
3501213
3501214
3501215
3501216
3501217
3501218
3501219
3501220
3501221
3501222
3501223
3501224
3501225
3510000
3510001
3510002
3510003
3510004
3510005
3510006
3510007
3510008
3510009
3510010
3510011
3510012
3510013
3510014
3510015
3510016
3510017
3510018
3510019
3510020
3510021
3510022
3510023
3510024
3510025
3520000
3520001
3520002
3520003
3520004
3520005
3520006
3520007
3520008
3520009
3520010
3520011
3520012
3520013
3520014
3520015
3520016
3520017
3520018
3520019
3520020
3520021
3520022
3520023
3520024
3520025
3520100
3520101
3520102
3520103
3520104
3520105
3520106
3520107
3520108
3520109
3520110
3520111
3520112
3520113
3520114
3520115
3520116
3520117
3520118
3520119
3520120
3520121
3520122
3520123
3520124
3520125
3520200
3520201
3520202
3520203
3520204
3520205
3520206
3520207
3520208
3520209
3520210
3520211
3520212
3520213
3520214
3520215
3520216
3520217
3520218
3520219
3520220
3520221
3520222
3520223
3520224
3520225
3520300
3520301
3520302
3520303
3520304
3520305
3520306
3520307
3520308
3520309
3520310
3520311
3520312
3520313
3520314
3520315
3520316
3520317
3520318
3520319
3520320
3520321
3520322
3520323
3520324
3520325
3520400
3520401
3520402
3520403
3520404
3520405
3520406
3520407
3520408
3520409
3520410
3520411
3520412
3520413
3520414
3520415
3520416
3520417
3520418
3520419
3520420
3520421
3520422
3520423
3520424
3520425
3520500
3520501
3520502
3520503
3520504
3520505
3520506
3520507
3520508
3520509
3520510
3520511
3520512
3520513
3520514
3520515
3520516
3520517
3520518
3520519
3520520
3520521
3520522
3520523
3520524
3520525
3520600
3520601
3520602
3520603
3520604
3520605
3520606
3520607
3520608
3520609
3520610
3520611
3520612
3520613
3520614
3520615
3520616
3520617
3520618
3520619
3520620
3520621
3520622
3520623
3520624
3520625
3520700
3520701
3520702
3520703
3520704
3520705
3520706
3520707
3520708
3520709
3520710
3520711
3520712
3520713
3520714
3520715
3520716
3520717
3520718
3520719
3520720
3520721
3520722
3520723
3520724
3520725
3520800
3520801
3520802
3520803
3520804
3520805
3520806
3520807
3520808
3520809
3520810
3520811
3520812
3520813
3520814
3520815
3520816
3520817
3520818
3520819
3520820
3520821
3520822
3520823
3520824
3520825
3520900
3520901
3520902
3520903
3520904
3520905
3520906
3520907
3520908
3520909
3520910
3520911
3520912
3520913
3520914
3520915
3520916
3520917
3520918
3520919
3520920
3520921
3520922
3520923
3520924
3520925
3521000
3521001
3521002
3521003
3521004
3521005
3521006
3521007
3521008
3521009
3521010
3521011
3521012
3521013
3521014
3521015
3521016
3521017
3521018
3521019
3521020
3521021
3521022
3521023
3521024
3521025
3521100
3521101
3521102
3521103
3521104
3521105
3521106
3521107
3521108
3521109
3521110
3521111
3521112
3521113
3521114
3521115
3521116
3521117
3521118
3521119
3521120
3521121
3521122
3521123
3521124
3521125
3521200
3521201
3521202
3521203
3521204
3521205
3521206
3521207
3521208
3521209
3521210
3521211
3521212
3521213
3521214
3521215
3521216
3521217
3521218
3521219
3521220
3521221
3521222
3521223
3521224
3521225
3550000
3550001
3550002
3550003
3550004
3550005
3550006
3550007
3550008
3550009
3550010
3550011
3550012
3550013
3550014
3550015
3550016
3550017
3550018
3550019
3550020
3550021
3550022
3550023
3550024
3550025
3690000
3690001
3690002
3690003
3690004
3690005
3690006
3690007
3690008
3690009
3690010
3690011
3690012
3690013
3690014
3690015
3690016
3690017
3690018
3690019
3690020
3690021
3690022
3690023
3690024
3690025
3900000
3900001
3900002
3900003
3900004
3900005
3900006
3900007
3900008
3900009
3900010
3900011
3900012
3900013
3900014
3900015
3900016
3900017
3900018
3900019
3900020
3900021
3900022
3900023
3900024
3900025
4000000
4000001
4000002
4000003
4000004
4000005
4000006
4000007
4000008
4000009
4000010
4000011
4000012
4000013
4000014
4000015
4000016
4000017
4000018
4000019
4000020
4000021
4000022
4000023
4000024
4000025
4000100
4000101
4000102
4000103
4000104
4000105
4000106
4000107
4000108
4000109
4000110
4000111
4000112
4000113
4000114
4000115
4000116
4000117
4000118
4000119
4000120
4000121
4000122
4000123
4000124
4000125
4000200
4000201
4000202
4000203
4000204
4000205
4000206
4000207
4000208
4000209
4000210
4000211
4000212
4000213
4000214
4000215
4000216
4000217
4000218
4000219
4000220
4000221
4000222
4000223
4000224
4000225
4000300
4000301
4000302
4000303
4000304
4000305
4000306
4000307
4000308
4000309
4000310
4000311
4000312
4000313
4000314
4000315
4000316
4000317
4000318
4000319
4000320
4000321
4000322
4000323
4000324
4000325
4000400
4000401
4000402
4000403
4000404
4000405
4000406
4000407
4000408
4000409
4000410
4000411
4000412
4000413
4000414
4000415
4000416
4000417
4000418
4000419
4000420
4000421
4000422
4000423
4000424
4000425
4000500
4000501
4000502
4000503
4000504
4000505
4000506
4000507
4000508
4000509
4000510
4000511
4000512
4000513
4000514
4000515
4000516
4000517
4000518
4000519
4000520
4000521
4000522
4000523
4000524
4000525
4000600
4000601
4000602
4000603
4000604
4000605
4000606
4000607
4000608
4000609
4000610
4000611
4000612
4000613
4000614
4000615
4000616
4000617
4000618
4000619
4000620
4000621
4000622
4000623
4000624
4000625
4000700
4000701
4000702
4000703
4000704
4000705
4000706
4000707
4000708
4000709
4000710
4000711
4000712
4000713
4000714
4000715
4000716
4000717
4000718
4000719
4000720
4000721
4000722
4000723
4000724
4000725
4000800
4000801
4000802
4000803
4000804
4000805
4000806
4000807
4000808
4000809
4000810
4000811
4000812
4000813
4000814
4000815
4000816
4000817
4000818
4000819
4000820
4000821
4000822
4000823
4000824
4000825
4000900
4000901
4000902
4000903
4000904
4000905
4000906
4000907
4000908
4000909
4000910
4000911
4000912
4000913
4000914
4000915
4000916
4000917
4000918
4000919
4000920
4000921
4000922
4000923
4000924
4000925
4001000
4001001
4001002
4001003
4001004
4001005
4001006
4001007
4001008
4001009
4001010
4001011
4001012
4001013
4001014
4001015
4001016
4001017
4001018
4001019
4001020
4001021
4001022
4001023
4001024
4001025
4001100
4001101
4001102
4001103
4001104
4001105
4001106
4001107
4001108
4001109
4001110
4001111
4001112
4001113
4001114
4001115
4001116
4001117
4001118
4001119
4001120
4001121
4001122
4001123
4001124
4001125
4001200
4001201
4001202
4001203
4001204
4001205
4001206
4001207
4001208
4001209
4001210
4001211
4001212
4001213
4001214
4001215
4001216
4001217
4001218
4001219
4001220
4001221
4001222
4001223
4001224
4001225
4010000
4010001
4010002
4010003
4010004
4010005
4010006
4010007
4010008
4010009
4010010
4010011
4010012
4010013
4010014
4010015
4010016
4010017
4010018
4010019
4010020
4010021
4010022
4010023
4010024
4010025
4010100
4010101
4010102
4010103
4010104
4010105
4010106
4010107
4010108
4010109
4010110
4010111
4010112
4010113
4010114
4010115
4010116
4010117
4010118
4010119
4010120
4010121
4010122
4010123
4010124
4010125
4010200
4010201
4010202
4010203
4010204
4010205
4010206
4010207
4010208
4010209
4010210
4010211
4010212
4010213
4010214
4010215
4010216
4010217
4010218
4010219
4010220
4010221
4010222
4010223
4010224
4010225
4010300
4010301
4010302
4010303
4010304
4010305
4010306
4010307
4010308
4010309
4010310
4010311
4010312
4010313
4010314
4010315
4010316
4010317
4010318
4010319
4010320
4010321
4010322
4010323
4010324
4010325
4010400
4010401
4010402
4010403
4010404
4010405
4010406
4010407
4010408
4010409
4010410
4010411
4010412
4010413
4010414
4010415
4010416
4010417
4010418
4010419
4010420
4010421
4010422
4010423
4010424
4010425
4010500
4010501
4010502
4010503
4010504
4010505
4010506
4010507
4010508
4010509
4010510
4010511
4010512
4010513
4010514
4010515
4010516
4010517
4010518
4010519
4010520
4010521
4010522
4010523
4010524
4010525
4010600
4010601
4010602
4010603
4010604
4010605
4010606
4010607
4010608
4010609
4010610
4010611
4010612
4010613
4010614
4010615
4010616
4010617
4010618
4010619
4010620
4010621
4010622
4010623
4010624
4010625
4010700
4010701
4010702
4010703
4010704
4010705
4010706
4010707
4010708
4010709
4010710
4010711
4010712
4010713
4010714
4010715
4010716
4010717
4010718
4010719
4010720
4010721
4010722
4010723
4010724
4010725
4010800
4010801
4010802
4010803
4010804
4010805
4010806
4010807
4010808
4010809
4010810
4010811
4010812
4010813
4010814
4010815
4010816
4010817
4010818
4010819
4010820
4010821
4010822
4010823
4010824
4010825
4010900
4010901
4010902
4010903
4010904
4010905
4010906
4010907
4010908
4010909
4010910
4010911
4010912
4010913
4010914
4010915
4010916
4010917
4010918
4010919
4010920
4010921
4010922
4010923
4010924
4010925
4011000
4011001
4011002
4011003
4011004
4011005
4011006
4011007
4011008
4011009
4011010
4011011
4011012
4011013
4011014
4011015
4011016
4011017
4011018
4011019
4011020
4011021
4011022
4011023
4011024
4011025
4011100
4011101
4011102
4011103
4011104
4011105
4011106
4011107
4011108
4011109
4011110
4011111
4011112
4011113
4011114
4011115
4011116
4011117
4011118
4011119
4011120
4011121
4011122
4011123
4011124
4011125
4011200
4011201
4011202
4011203
4011204
4011205
4011206
4011207
4011208
4011209
4011210
4011211
4011212
4011213
4011214
4011215
4011216
4011217
4011218
4011219
4011220
4011221
4011222
4011223
4011224
4011225
4020000
4020001
4020002
4020003
4020004
4020005
4020006
4020007
4020008
4020009
4020010
4020011
4020012
4020013
4020014
4020015
4020016
4020017
4020018
4020019
4020020
4020021
4020022
4020023
4020024
4020025
4030000
4030001
4030002
4030003
4030004
4030005
4030006
4030007
4030008
4030009
4030010
4030011
4030012
4030013
4030014
4030015
4030016
4030017
4030018
4030019
4030020
4030021
4030022
4030023
4030024
4030025
4030100
4030101
4030102
4030103
4030104
4030105
4030106
4030107
4030108
4030109
4030110
4030111
4030112
4030113
4030114
4030115
4030116
4030117
4030118
4030119
4030120
4030121
4030122
4030123
4030124
4030125
4030200
4030201
4030202
4030203
4030204
4030205
4030206
4030207
4030208
4030209
4030210
4030211
4030212
4030213
4030214
4030215
4030216
4030217
4030218
4030219
4030220
4030221
4030222
4030223
4030224
4030225
4030300
4030301
4030302
4030303
4030304
4030305
4030306
4030307
4030308
4030309
4030310
4030311
4030312
4030313
4030314
4030315
4030316
4030317
4030318
4030319
4030320
4030321
4030322
4030323
4030324
4030325
4030400
4030401
4030402
4030403
4030404
4030405
4030406
4030407
4030408
4030409
4030410
4030411
4030412
4030413
4030414
4030415
4030416
4030417
4030418
4030419
4030420
4030421
4030422
4030423
4030424
4030425
4030500
4030501
4030502
4030503
4030504
4030505
4030506
4030507
4030508
4030509
4030510
4030511
4030512
4030513
4030514
4030515
4030516
4030517
4030518
4030519
4030520
4030521
4030522
4030523
4030524
4030525
4030600
4030601
4030602
4030603
4030604
4030605
4030606
4030607
4030608
4030609
4030610
4030611
4030612
4030613
4030614
4030615
4030616
4030617
4030618
4030619
4030620
4030621
4030622
4030623
4030624
4030625
4030700
4030701
4030702
4030703
4030704
4030705
4030706
4030707
4030708
4030709
4030710
4030711
4030712
4030713
4030714
4030715
4030716
4030717
4030718
4030719
4030720
4030721
4030722
4030723
4030724
4030725
4030800
4030801
4030802
4030803
4030804
4030805
4030806
4030807
4030808
4030809
4030810
4030811
4030812
4030813
4030814
4030815
4030816
4030817
4030818
4030819
4030820
4030821
4030822
4030823
4030824
4030825
4030900
4030901
4030902
4030903
4030904
4030905
4030906
4030907
4030908
4030909
4030910
4030911
4030912
4030913
4030914
4030915
4030916
4030917
4030918
4030919
4030920
4030921
4030922
4030923
4030924
4030925
4031000
4031001
4031002
4031003
4031004
4031005
4031006
4031007
4031008
4031009
4031010
4031011
4031012
4031013
4031014
4031015
4031016
4031017
4031018
4031019
4031020
4031021
4031022
4031023
4031024
4031025
4031100
4031101
4031102
4031103
4031104
4031105
4031106
4031107
4031108
4031109
4031110
4031111
4031112
4031113
4031114
4031115
4031116
4031117
4031118
4031119
4031120
4031121
4031122
4031123
4031124
4031125
4031200
4031201
4031202
4031203
4031204
4031205
4031206
4031207
4031208
4031209
4031210
4031211
4031212
4031213
4031214
4031215
4031216
4031217
4031218
4031219
4031220
4031221
4031222
4031223
4031224
4031225
4040000
4040001
4040002
4040003
4040004
4040005
4040006
4040007
4040008
4040009
4040010
4040011
4040012
4040013
4040014
4040015
4040016
4040017
4040018
4040019
4040020
4040021
4040022
4040023
4040024
4040025
4040100
4040101
4040102
4040103
4040104
4040105
4040106
4040107
4040108
4040109
4040110
4040111
4040112
4040113
4040114
4040115
4040116
4040117
4040118
4040119
4040120
4040121
4040122
4040123
4040124
4040125
4040200
4040201
4040202
4040203
4040204
4040205
4040206
4040207
4040208
4040209
4040210
4040211
4040212
4040213
4040214
4040215
4040216
4040217
4040218
4040219
4040220
4040221
4040222
4040223
4040224
4040225
4040300
4040301
4040302
4040303
4040304
4040305
4040306
4040307
4040308
4040309
4040310
4040311
4040312
4040313
4040314
4040315
4040316
4040317
4040318
4040319
4040320
4040321
4040322
4040323
4040324
4040325
4040400
4040401
4040402
4040403
4040404
4040405
4040406
4040407
4040408
4040409
4040410
4040411
4040412
4040413
4040414
4040415
4040416
4040417
4040418
4040419
4040420
4040421
4040422
4040423
4040424
4040425
4040500
4040501
4040502
4040503
4040504
4040505
4040506
4040507
4040508
4040509
4040510
4040511
4040512
4040513
4040514
4040515
4040516
4040517
4040518
4040519
4040520
4040521
4040522
4040523
4040524
4040525
4040600
4040601
4040602
4040603
4040604
4040605
4040606
4040607
4040608
4040609
4040610
4040611
4040612
4040613
4040614
4040615
4040616
4040617
4040618
4040619
4040620
4040621
4040622
4040623
4040624
4040625
4040700
4040701
4040702
4040703
4040704
4040705
4040706
4040707
4040708
4040709
4040710
4040711
4040712
4040713
4040714
4040715
4040716
4040717
4040718
4040719
4040720
4040721
4040722
4040723
4040724
4040725
4040800
4040801
4040802
4040803
4040804
4040805
4040806
4040807
4040808
4040809
4040810
4040811
4040812
4040813
4040814
4040815
4040816
4040817
4040818
4040819
4040820
4040821
4040822
4040823
4040824
4040825
4040900
4040901
4040902
4040903
4040904
4040905
4040906
4040907
4040908
4040909
4040910
4040911
4040912
4040913
4040914
4040915
4040916
4040917
4040918
4040919
4040920
4040921
4040922
4040923
4040924
4040925
4041000
4041001
4041002
4041003
4041004
4041005
4041006
4041007
4041008
4041009
4041010
4041011
4041012
4041013
4041014
4041015
4041016
4041017
4041018
4041019
4041020
4041021
4041022
4041023
4041024
4041025
4041100
4041101
4041102
4041103
4041104
4041105
4041106
4041107
4041108
4041109
4041110
4041111
4041112
4041113
4041114
4041115
4041116
4041117
4041118
4041119
4041120
4041121
4041122
4041123
4041124
4041125
4041200
4041201
4041202
4041203
4041204
4041205
4041206
4041207
4041208
4041209
4041210
4041211
4041212
4041213
4041214
4041215
4041216
4041217
4041218
4041219
4041220
4041221
4041222
4041223
4041224
4041225
4050000
4050001
4050002
4050003
4050004
4050005
4050006
4050007
4050008
4050009
4050010
4050011
4050012
4050013
4050014
4050015
4050016
4050017
4050018
4050019
4050020
4050021
4050022
4050023
4050024
4050025
4060000
4060001
4060002
4060003
4060004
4060005
4060006
4060007
4060008
4060009
4060010
4060011
4060012
4060013
4060014
4060015
4060016
4060017
4060018
4060019
4060020
4060021
4060022
4060023
4060024
4060025
4070000
4070001
4070002
4070003
4070004
4070005
4070006
4070007
4070008
4070009
4070010
4070011
4070012
4070013
4070014
4070015
4070016
4070017
4070018
4070019
4070020
4070021
4070022
4070023
4070024
4070025
4080000
4080001
4080002
4080003
4080004
4080005
4080006
4080007
4080008
4080009
4080010
4080011
4080012
4080013
4080014
4080015
4080016
4080017
4080018
4080019
4080020
4080021
4080022
4080023
4080024
4080025
4100000
4100001
4100002
4100003
4100004
4100005
4100006
4100007
4100008
4100009
4100010
4100011
4100012
4100013
4100014
4100015
4100016
4100017
4100018
4100019
4100020
4100021
4100022
4100023
4100024
4100025
4110000
4110001
4110002
4110003
4110004
4110005
4110006
4110007
4110008
4110009
4110010
4110011
4110012
4110013
4110014
4110015
4110016
4110017
4110018
4110019
4110020
4110021
4110022
4110023
4110024
4110025
4500000
4500001
4500002
4500003
4500004
4500005
4500006
4500007
4500008
4500009
4500010
4500011
4500012
4500013
4500014
4500015
4500016
4500017
4500018
4500019
4500020
4500021
4500022
4500023
4500024
4500025
4520000
4520001
4520002
4520003
4520004
4520005
4520006
4520007
4520008
4520009
4520010
4520011
4520012
4520013
4520014
4520015
4520016
4520017
4520018
4520019
4520020
4520021
4520022
4520023
4520024
4520025
4520100
4520101
4520102
4520103
4520104
4520105
4520106
4520107
4520108
4520109
4520110
4520111
4520112
4520113
4520114
4520115
4520116
4520117
4520118
4520119
4520120
4520121
4520122
4520123
4520124
4520125
4520200
4520201
4520202
4520203
4520204
4520205
4520206
4520207
4520208
4520209
4520210
4520211
4520212
4520213
4520214
4520215
4520216
4520217
4520218
4520219
4520220
4520221
4520222
4520223
4520224
4520225
4520300
4520301
4520302
4520303
4520304
4520305
4520306
4520307
4520308
4520309
4520310
4520311
4520312
4520313
4520314
4520315
4520316
4520317
4520318
4520319
4520320
4520321
4520322
4520323
4520324
4520325
4520400
4520401
4520402
4520403
4520404
4520405
4520406
4520407
4520408
4520409
4520410
4520411
4520412
4520413
4520414
4520415
4520416
4520417
4520418
4520419
4520420
4520421
4520422
4520423
4520424
4520425
4520500
4520501
4520502
4520503
4520504
4520505
4520506
4520507
4520508
4520509
4520510
4520511
4520512
4520513
4520514
4520515
4520516
4520517
4520518
4520519
4520520
4520521
4520522
4520523
4520524
4520525
4520600
4520601
4520602
4520603
4520604
4520605
4520606
4520607
4520608
4520609
4520610
4520611
4520612
4520613
4520614
4520615
4520616
4520617
4520618
4520619
4520620
4520621
4520622
4520623
4520624
4520625
4520700
4520701
4520702
4520703
4520704
4520705
4520706
4520707
4520708
4520709
4520710
4520711
4520712
4520713
4520714
4520715
4520716
4520717
4520718
4520719
4520720
4520721
4520722
4520723
4520724
4520725
4520800
4520801
4520802
4520803
4520804
4520805
4520806
4520807
4520808
4520809
4520810
4520811
4520812
4520813
4520814
4520815
4520816
4520817
4520818
4520819
4520820
4520821
4520822
4520823
4520824
4520825
4520900
4520901
4520902
4520903
4520904
4520905
4520906
4520907
4520908
4520909
4520910
4520911
4520912
4520913
4520914
4520915
4520916
4520917
4520918
4520919
4520920
4520921
4520922
4520923
4520924
4520925
4521000
4521001
4521002
4521003
4521004
4521005
4521006
4521007
4521008
4521009
4521010
4521011
4521012
4521013
4521014
4521015
4521016
4521017
4521018
4521019
4521020
4521021
4521022
4521023
4521024
4521025
4521100
4521101
4521102
4521103
4521104
4521105
4521106
4521107
4521108
4521109
4521110
4521111
4521112
4521113
4521114
4521115
4521116
4521117
4521118
4521119
4521120
4521121
4521122
4521123
4521124
4521125
4521200
4521201
4521202
4521203
4521204
4521205
4521206
4521207
4521208
4521209
4521210
4521211
4521212
4521213
4521214
4521215
4521216
4521217
4521218
4521219
4521220
4521221
4521222
4521223
4521224
4521225
4530000
4530001
4530002
4530003
4530004
4530005
4530006
4530007
4530008
4530009
4530010
4530011
4530012
4530013
4530014
4530015
4530016
4530017
4530018
4530019
4530020
4530021
4530022
4530023
4530024
4530025
4540000
4540001
4540002
4540003
4540004
4540005
4540006
4540007
4540008
4540009
4540010
4540011
4540012
4540013
4540014
4540015
4540016
4540017
4540018
4540019
4540020
4540021
4540022
4540023
4540024
4540025
4550000
4550001
4550002
4550003
4550004
4550005
4550006
4550007
4550008
4550009
4550010
4550011
4550012
4550013
4550014
4550015
4550016
4550017
4550018
4550019
4550020
4550021
4550022
4550023
4550024
4550025
4690000
4690001
4690002
4690003
4690004
4690005
4690006
4690007
4690008
4690009
4690010
4690011
4690012
4690013
4690014
4690015
4690016
4690017
4690018
4690019
4690020
4690021
4690022
4690023
4690024
4690025
4900000
4900001
4900002
4900003
4900004
4900005
4900006
4900007
4900008
4900009
4900010
4900011
4900012
4900013
4900014
4900015
4900016
4900017
4900018
4900019
4900020
4900021
4900022
4900023
4900024
4900025
4910000
4910001
4910002
4910003
4910004
4910005
4910006
4910007
4910008
4910009
4910010
4910011
4910012
4910013
4910014
4910015
4910016
4910017
4910018
4910019
4910020
4910021
4910022
4910023
4910024
4910025
5000000
5000001
5000002
5000003
5000004
5000005
5000006
5000007
5000008
5000009
5000010
5000011
5000012
5000013
5000014
5000015
5000016
5000017
5000018
5000019
5000020
5000021
5000022
5000023
5000024
5000025
5000100
5000101
5000102
5000103
5000104
5000105
5000106
5000107
5000108
5000109
5000110
5000111
5000112
5000113
5000114
5000115
5000116
5000117
5000118
5000119
5000120
5000121
5000122
5000123
5000124
5000125
5000200
5000201
5000202
5000203
5000204
5000205
5000206
5000207
5000208
5000209
5000210
5000211
5000212
5000213
5000214
5000215
5000216
5000217
5000218
5000219
5000220
5000221
5000222
5000223
5000224
5000225
5000300
5000301
5000302
5000303
5000304
5000305
5000306
5000307
5000308
5000309
5000310
5000311
5000312
5000313
5000314
5000315
5000316
5000317
5000318
5000319
5000320
5000321
5000322
5000323
5000324
5000325
5000400
5000401
5000402
5000403
5000404
5000405
5000406
5000407
5000408
5000409
5000410
5000411
5000412
5000413
5000414
5000415
5000416
5000417
5000418
5000419
5000420
5000421
5000422
5000423
5000424
5000425
5000500
5000501
5000502
5000503
5000504
5000505
5000506
5000507
5000508
5000509
5000510
5000511
5000512
5000513
5000514
5000515
5000516
5000517
5000518
5000519
5000520
5000521
5000522
5000523
5000524
5000525
5000600
5000601
5000602
5000603
5000604
5000605
5000606
5000607
5000608
5000609
5000610
5000611
5000612
5000613
5000614
5000615
5000616
5000617
5000618
5000619
5000620
5000621
5000622
5000623
5000624
5000625
5000700
5000701
5000702
5000703
5000704
5000705
5000706
5000707
5000708
5000709
5000710
5000711
5000712
5000713
5000714
5000715
5000716
5000717
5000718
5000719
5000720
5000721
5000722
5000723
5000724
5000725
5000800
5000801
5000802
5000803
5000804
5000805
5000806
5000807
5000808
5000809
5000810
5000811
5000812
5000813
5000814
5000815
5000816
5000817
5000818
5000819
5000820
5000821
5000822
5000823
5000824
5000825
5000900
5000901
5000902
5000903
5000904
5000905
5000906
5000907
5000908
5000909
5000910
5000911
5000912
5000913
5000914
5000915
5000916
5000917
5000918
5000919
5000920
5000921
5000922
5000923
5000924
5000925
5001000
5001001
5001002
5001003
5001004
5001005
5001006
5001007
5001008
5001009
5001010
5001011
5001012
5001013
5001014
5001015
5001016
5001017
5001018
5001019
5001020
5001021
5001022
5001023
5001024
5001025
5001100
5001101
5001102
5001103
5001104
5001105
5001106
5001107
5001108
5001109
5001110
5001111
5001112
5001113
5001114
5001115
5001116
5001117
5001118
5001119
5001120
5001121
5001122
5001123
5001124
5001125
5001200
5001201
5001202
5001203
5001204
5001205
5001206
5001207
5001208
5001209
5001210
5001211
5001212
5001213
5001214
5001215
5001216
5001217
5001218
5001219
5001220
5001221
5001222
5001223
5001224
5001225
5010000
5010001
5010002
5010003
5010004
5010005
5010006
5010007
5010008
5010009
5010010
5010011
5010012
5010013
5010014
5010015
5010016
5010017
5010018
5010019
5010020
5010021
5010022
5010023
5010024
5010025
5010100
5010101
5010102
5010103
5010104
5010105
5010106
5010107
5010108
5010109
5010110
5010111
5010112
5010113
5010114
5010115
5010116
5010117
5010118
5010119
5010120
5010121
5010122
5010123
5010124
5010125
5010200
5010201
5010202
5010203
5010204
5010205
5010206
5010207
5010208
5010209
5010210
5010211
5010212
5010213
5010214
5010215
5010216
5010217
5010218
5010219
5010220
5010221
5010222
5010223
5010224
5010225
5010300
5010301
5010302
5010303
5010304
5010305
5010306
5010307
5010308
5010309
5010310
5010311
5010312
5010313
5010314
5010315
5010316
5010317
5010318
5010319
5010320
5010321
5010322
5010323
5010324
5010325
5010400
5010401
5010402
5010403
5010404
5010405
5010406
5010407
5010408
5010409
5010410
5010411
5010412
5010413
5010414
5010415
5010416
5010417
5010418
5010419
5010420
5010421
5010422
5010423
5010424
5010425
5010500
5010501
5010502
5010503
5010504
5010505
5010506
5010507
5010508
5010509
5010510
5010511
5010512
5010513
5010514
5010515
5010516
5010517
5010518
5010519
5010520
5010521
5010522
5010523
5010524
5010525
5010600
5010601
5010602
5010603
5010604
5010605
5010606
5010607
5010608
5010609
5010610
5010611
5010612
5010613
5010614
5010615
5010616
5010617
5010618
5010619
5010620
5010621
5010622
5010623
5010624
5010625
5010700
5010701
5010702
5010703
5010704
5010705
5010706
5010707
5010708
5010709
5010710
5010711
5010712
5010713
5010714
5010715
5010716
5010717
5010718
5010719
5010720
5010721
5010722
5010723
5010724
5010725
5010800
5010801
5010802
5010803
5010804
5010805
5010806
5010807
5010808
5010809
5010810
5010811
5010812
5010813
5010814
5010815
5010816
5010817
5010818
5010819
5010820
5010821
5010822
5010823
5010824
5010825
5010900
5010901
5010902
5010903
5010904
5010905
5010906
5010907
5010908
5010909
5010910
5010911
5010912
5010913
5010914
5010915
5010916
5010917
5010918
5010919
5010920
5010921
5010922
5010923
5010924
5010925
5011000
5011001
5011002
5011003
5011004
5011005
5011006
5011007
5011008
5011009
5011010
5011011
5011012
5011013
5011014
5011015
5011016
5011017
5011018
5011019
5011020
5011021
5011022
5011023
5011024
5011025
5011100
5011101
5011102
5011103
5011104
5011105
5011106
5011107
5011108
5011109
5011110
5011111
5011112
5011113
5011114
5011115
5011116
5011117
5011118
5011119
5011120
5011121
5011122
5011123
5011124
5011125
5011200
5011201
5011202
5011203
5011204
5011205
5011206
5011207
5011208
5011209
5011210
5011211
5011212
5011213
5011214
5011215
5011216
5011217
5011218
5011219
5011220
5011221
5011222
5011223
5011224
5011225
5020000
5020001
5020002
5020003
5020004
5020005
5020006
5020007
5020008
5020009
5020010
5020011
5020012
5020013
5020014
5020015
5020016
5020017
5020018
5020019
5020020
5020021
5020022
5020023
5020024
5020025
5020100
5020101
5020102
5020103
5020104
5020105
5020106
5020107
5020108
5020109
5020110
5020111
5020112
5020113
5020114
5020115
5020116
5020117
5020118
5020119
5020120
5020121
5020122
5020123
5020124
5020125
5020200
5020201
5020202
5020203
5020204
5020205
5020206
5020207
5020208
5020209
5020210
5020211
5020212
5020213
5020214
5020215
5020216
5020217
5020218
5020219
5020220
5020221
5020222
5020223
5020224
5020225
5020300
5020301
5020302
5020303
5020304
5020305
5020306
5020307
5020308
5020309
5020310
5020311
5020312
5020313
5020314
5020315
5020316
5020317
5020318
5020319
5020320
5020321
5020322
5020323
5020324
5020325
5020400
5020401
5020402
5020403
5020404
5020405
5020406
5020407
5020408
5020409
5020410
5020411
5020412
5020413
5020414
5020415
5020416
5020417
5020418
5020419
5020420
5020421
5020422
5020423
5020424
5020425
5020500
5020501
5020502
5020503
5020504
5020505
5020506
5020507
5020508
5020509
5020510
5020511
5020512
5020513
5020514
5020515
5020516
5020517
5020518
5020519
5020520
5020521
5020522
5020523
5020524
5020525
5020600
5020601
5020602
5020603
5020604
5020605
5020606
5020607
5020608
5020609
5020610
5020611
5020612
5020613
5020614
5020615
5020616
5020617
5020618
5020619
5020620
5020621
5020622
5020623
5020624
5020625
5020700
5020701
5020702
5020703
5020704
5020705
5020706
5020707
5020708
5020709
5020710
5020711
5020712
5020713
5020714
5020715
5020716
5020717
5020718
5020719
5020720
5020721
5020722
5020723
5020724
5020725
5020800
5020801
5020802
5020803
5020804
5020805
5020806
5020807
5020808
5020809
5020810
5020811
5020812
5020813
5020814
5020815
5020816
5020817
5020818
5020819
5020820
5020821
5020822
5020823
5020824
5020825
5020900
5020901
5020902
5020903
5020904
5020905
5020906
5020907
5020908
5020909
5020910
5020911
5020912
5020913
5020914
5020915
5020916
5020917
5020918
5020919
5020920
5020921
5020922
5020923
5020924
5020925
5021000
5021001
5021002
5021003
5021004
5021005
5021006
5021007
5021008
5021009
5021010
5021011
5021012
5021013
5021014
5021015
5021016
5021017
5021018
5021019
5021020
5021021
5021022
5021023
5021024
5021025
5021100
5021101
5021102
5021103
5021104
5021105
5021106
5021107
5021108
5021109
5021110
5021111
5021112
5021113
5021114
5021115
5021116
5021117
5021118
5021119
5021120
5021121
5021122
5021123
5021124
5021125
5021200
5021201
5021202
5021203
5021204
5021205
5021206
5021207
5021208
5021209
5021210
5021211
5021212
5021213
5021214
5021215
5021216
5021217
5021218
5021219
5021220
5021221
5021222
5021223
5021224
5021225
5030000
5030001
5030002
5030003
5030004
5030005
5030006
5030007
5030008
5030009
5030010
5030011
5030012
5030013
5030014
5030015
5030016
5030017
5030018
5030019
5030020
5030021
5030022
5030023
5030024
5030025
5030100
5030101
5030102
5030103
5030104
5030105
5030106
5030107
5030108
5030109
5030110
5030111
5030112
5030113
5030114
5030115
5030116
5030117
5030118
5030119
5030120
5030121
5030122
5030123
5030124
5030125
5030200
5030201
5030202
5030203
5030204
5030205
5030206
5030207
5030208
5030209
5030210
5030211
5030212
5030213
5030214
5030215
5030216
5030217
5030218
5030219
5030220
5030221
5030222
5030223
5030224
5030225
5030300
5030301
5030302
5030303
5030304
5030305
5030306
5030307
5030308
5030309
5030310
5030311
5030312
5030313
5030314
5030315
5030316
5030317
5030318
5030319
5030320
5030321
5030322
5030323
5030324
5030325
5030400
5030401
5030402
5030403
5030404
5030405
5030406
5030407
5030408
5030409
5030410
5030411
5030412
5030413
5030414
5030415
5030416
5030417
5030418
5030419
5030420
5030421
5030422
5030423
5030424
5030425
5030500
5030501
5030502
5030503
5030504
5030505
5030506
5030507
5030508
5030509
5030510
5030511
5030512
5030513
5030514
5030515
5030516
5030517
5030518
5030519
5030520
5030521
5030522
5030523
5030524
5030525
5030600
5030601
5030602
5030603
5030604
5030605
5030606
5030607
5030608
5030609
5030610
5030611
5030612
5030613
5030614
5030615
5030616
5030617
5030618
5030619
5030620
5030621
5030622
5030623
5030624
5030625
5030700
5030701
5030702
5030703
5030704
5030705
5030706
5030707
5030708
5030709
5030710
5030711
5030712
5030713
5030714
5030715
5030716
5030717
5030718
5030719
5030720
5030721
5030722
5030723
5030724
5030725
5030800
5030801
5030802
5030803
5030804
5030805
5030806
5030807
5030808
5030809
5030810
5030811
5030812
5030813
5030814
5030815
5030816
5030817
5030818
5030819
5030820
5030821
5030822
5030823
5030824
5030825
5030900
5030901
5030902
5030903
5030904
5030905
5030906
5030907
5030908
5030909
5030910
5030911
5030912
5030913
5030914
5030915
5030916
5030917
5030918
5030919
5030920
5030921
5030922
5030923
5030924
5030925
5031000
5031001
5031002
5031003
5031004
5031005
5031006
5031007
5031008
5031009
5031010
5031011
5031012
5031013
5031014
5031015
5031016
5031017
5031018
5031019
5031020
5031021
5031022
5031023
5031024
5031025
5031100
5031101
5031102
5031103
5031104
5031105
5031106
5031107
5031108
5031109
5031110
5031111
5031112
5031113
5031114
5031115
5031116
5031117
5031118
5031119
5031120
5031121
5031122
5031123
5031124
5031125
5031200
5031201
5031202
5031203
5031204
5031205
5031206
5031207
5031208
5031209
5031210
5031211
5031212
5031213
5031214
5031215
5031216
5031217
5031218
5031219
5031220
5031221
5031222
5031223
5031224
5031225
5040000
5040001
5040002
5040003
5040004
5040005
5040006
5040007
5040008
5040009
5040010
5040011
5040012
5040013
5040014
5040015
5040016
5040017
5040018
5040019
5040020
5040021
5040022
5040023
5040024
5040025
5040100
5040101
5040102
5040103
5040104
5040105
5040106
5040107
5040108
5040109
5040110
5040111
5040112
5040113
5040114
5040115
5040116
5040117
5040118
5040119
5040120
5040121
5040122
5040123
5040124
5040125
5040200
5040201
5040202
5040203
5040204
5040205
5040206
5040207
5040208
5040209
5040210
5040211
5040212
5040213
5040214
5040215
5040216
5040217
5040218
5040219
5040220
5040221
5040222
5040223
5040224
5040225
5040300
5040301
5040302
5040303
5040304
5040305
5040306
5040307
5040308
5040309
5040310
5040311
5040312
5040313
5040314
5040315
5040316
5040317
5040318
5040319
5040320
5040321
5040322
5040323
5040324
5040325
5040400
5040401
5040402
5040403
5040404
5040405
5040406
5040407
5040408
5040409
5040410
5040411
5040412
5040413
5040414
5040415
5040416
5040417
5040418
5040419
5040420
5040421
5040422
5040423
5040424
5040425
5040500
5040501
5040502
5040503
5040504
5040505
5040506
5040507
5040508
5040509
5040510
5040511
5040512
5040513
5040514
5040515
5040516
5040517
5040518
5040519
5040520
5040521
5040522
5040523
5040524
5040525
5040600
5040601
5040602
5040603
5040604
5040605
5040606
5040607
5040608
5040609
5040610
5040611
5040612
5040613
5040614
5040615
5040616
5040617
5040618
5040619
5040620
5040621
5040622
5040623
5040624
5040625
5040700
5040701
5040702
5040703
5040704
5040705
5040706
5040707
5040708
5040709
5040710
5040711
5040712
5040713
5040714
5040715
5040716
5040717
5040718
5040719
5040720
5040721
5040722
5040723
5040724
5040725
5040800
5040801
5040802
5040803
5040804
5040805
5040806
5040807
5040808
5040809
5040810
5040811
5040812
5040813
5040814
5040815
5040816
5040817
5040818
5040819
5040820
5040821
5040822
5040823
5040824
5040825
5040900
5040901
5040902
5040903
5040904
5040905
5040906
5040907
5040908
5040909
5040910
5040911
5040912
5040913
5040914
5040915
5040916
5040917
5040918
5040919
5040920
5040921
5040922
5040923
5040924
5040925
5041000
5041001
5041002
5041003
5041004
5041005
5041006
5041007
5041008
5041009
5041010
5041011
5041012
5041013
5041014
5041015
5041016
5041017
5041018
5041019
5041020
5041021
5041022
5041023
5041024
5041025
5041100
5041101
5041102
5041103
5041104
5041105
5041106
5041107
5041108
5041109
5041110
5041111
5041112
5041113
5041114
5041115
5041116
5041117
5041118
5041119
5041120
5041121
5041122
5041123
5041124
5041125
5041200
5041201
5041202
5041203
5041204
5041205
5041206
5041207
5041208
5041209
5041210
5041211
5041212
5041213
5041214
5041215
5041216
5041217
5041218
5041219
5041220
5041221
5041222
5041223
5041224
5041225
5050000
5050001
5050002
5050003
5050004
5050005
5050006
5050007
5050008
5050009
5050010
5050011
5050012
5050013
5050014
5050015
5050016
5050017
5050018
5050019
5050020
5050021
5050022
5050023
5050024
5050025
5060000
5060001
5060002
5060003
5060004
5060005
5060006
5060007
5060008
5060009
5060010
5060011
5060012
5060013
5060014
5060015
5060016
5060017
5060018
5060019
5060020
5060021
5060022
5060023
5060024
5060025
5060100
5060101
5060102
5060103
5060104
5060105
5060106
5060107
5060108
5060109
5060110
5060111
5060112
5060113
5060114
5060115
5060116
5060117
5060118
5060119
5060120
5060121
5060122
5060123
5060124
5060125
5060200
5060201
5060202
5060203
5060204
5060205
5060206
5060207
5060208
5060209
5060210
5060211
5060212
5060213
5060214
5060215
5060216
5060217
5060218
5060219
5060220
5060221
5060222
5060223
5060224
5060225
5060300
5060301
5060302
5060303
5060304
5060305
5060306
5060307
5060308
5060309
5060310
5060311
5060312
5060313
5060314
5060315
5060316
5060317
5060318
5060319
5060320
5060321
5060322
5060323
5060324
5060325
5060400
5060401
5060402
5060403
5060404
5060405
5060406
5060407
5060408
5060409
5060410
5060411
5060412
5060413
5060414
5060415
5060416
5060417
5060418
5060419
5060420
5060421
5060422
5060423
5060424
5060425
5060500
5060501
5060502
5060503
5060504
5060505
5060506
5060507
5060508
5060509
5060510
5060511
5060512
5060513
5060514
5060515
5060516
5060517
5060518
5060519
5060520
5060521
5060522
5060523
5060524
5060525
5060600
5060601
5060602
5060603
5060604
5060605
5060606
5060607
5060608
5060609
5060610
5060611
5060612
5060613
5060614
5060615
5060616
5060617
5060618
5060619
5060620
5060621
5060622
5060623
5060624
5060625
5060700
5060701
5060702
5060703
5060704
5060705
5060706
5060707
5060708
5060709
5060710
5060711
5060712
5060713
5060714
5060715
5060716
5060717
5060718
5060719
5060720
5060721
5060722
5060723
5060724
5060725
5060800
5060801
5060802
5060803
5060804
5060805
5060806
5060807
5060808
5060809
5060810
5060811
5060812
5060813
5060814
5060815
5060816
5060817
5060818
5060819
5060820
5060821
5060822
5060823
5060824
5060825
5060900
5060901
5060902
5060903
5060904
5060905
5060906
5060907
5060908
5060909
5060910
5060911
5060912
5060913
5060914
5060915
5060916
5060917
5060918
5060919
5060920
5060921
5060922
5060923
5060924
5060925
5061000
5061001
5061002
5061003
5061004
5061005
5061006
5061007
5061008
5061009
5061010
5061011
5061012
5061013
5061014
5061015
5061016
5061017
5061018
5061019
5061020
5061021
5061022
5061023
5061024
5061025
5061100
5061101
5061102
5061103
5061104
5061105
5061106
5061107
5061108
5061109
5061110
5061111
5061112
5061113
5061114
5061115
5061116
5061117
5061118
5061119
5061120
5061121
5061122
5061123
5061124
5061125
5061200
5061201
5061202
5061203
5061204
5061205
5061206
5061207
5061208
5061209
5061210
5061211
5061212
5061213
5061214
5061215
5061216
5061217
5061218
5061219
5061220
5061221
5061222
5061223
5061224
5061225
5690000
5690001
5690002
5690003
5690004
5690005
5690006
5690007
5690008
5690009
5690010
5690011
5690012
5690013
5690014
5690015
5690016
5690017
5690018
5690019
5690020
5690021
5690022
5690023
5690024
5690025
6000000
6000001
6000002
6000003
6000004
6000005
6000006
6000007
6000008
6000009
6000010
6000011
6000012
6000013
6000014
6000015
6000016
6000017
6000018
6000019
6000020
6000021
6000022
6000023
6000024
6000025
6010000
6010001
6010002
6010003
6010004
6010005
6010006
6010007
6010008
6010009
6010010
6010011
6010012
6010013
6010014
6010015
6010016
6010017
6010018
6010019
6010020
6010021
6010022
6010023
6010024
6010025
6010100
6010101
6010102
6010103
6010104
6010105
6010106
6010107
6010108
6010109
6010110
6010111
6010112
6010113
6010114
6010115
6010116
6010117
6010118
6010119
6010120
6010121
6010122
6010123
6010124
6010125
6010200
6010201
6010202
6010203
6010204
6010205
6010206
6010207
6010208
6010209
6010210
6010211
6010212
6010213
6010214
6010215
6010216
6010217
6010218
6010219
6010220
6010221
6010222
6010223
6010224
6010225
6010300
6010301
6010302
6010303
6010304
6010305
6010306
6010307
6010308
6010309
6010310
6010311
6010312
6010313
6010314
6010315
6010316
6010317
6010318
6010319
6010320
6010321
6010322
6010323
6010324
6010325
6010400
6010401
6010402
6010403
6010404
6010405
6010406
6010407
6010408
6010409
6010410
6010411
6010412
6010413
6010414
6010415
6010416
6010417
6010418
6010419
6010420
6010421
6010422
6010423
6010424
6010425
6010500
6010501
6010502
6010503
6010504
6010505
6010506
6010507
6010508
6010509
6010510
6010511
6010512
6010513
6010514
6010515
6010516
6010517
6010518
6010519
6010520
6010521
6010522
6010523
6010524
6010525
6010600
6010601
6010602
6010603
6010604
6010605
6010606
6010607
6010608
6010609
6010610
6010611
6010612
6010613
6010614
6010615
6010616
6010617
6010618
6010619
6010620
6010621
6010622
6010623
6010624
6010625
6010700
6010701
6010702
6010703
6010704
6010705
6010706
6010707
6010708
6010709
6010710
6010711
6010712
6010713
6010714
6010715
6010716
6010717
6010718
6010719
6010720
6010721
6010722
6010723
6010724
6010725
6010800
6010801
6010802
6010803
6010804
6010805
6010806
6010807
6010808
6010809
6010810
6010811
6010812
6010813
6010814
6010815
6010816
6010817
6010818
6010819
6010820
6010821
6010822
6010823
6010824
6010825
6010900
6010901
6010902
6010903
6010904
6010905
6010906
6010907
6010908
6010909
6010910
6010911
6010912
6010913
6010914
6010915
6010916
6010917
6010918
6010919
6010920
6010921
6010922
6010923
6010924
6010925
6011000
6011001
6011002
6011003
6011004
6011005
6011006
6011007
6011008
6011009
6011010
6011011
6011012
6011013
6011014
6011015
6011016
6011017
6011018
6011019
6011020
6011021
6011022
6011023
6011024
6011025
6011100
6011101
6011102
6011103
6011104
6011105
6011106
6011107
6011108
6011109
6011110
6011111
6011112
6011113
6011114
6011115
6011116
6011117
6011118
6011119
6011120
6011121
6011122
6011123
6011124
6011125
6011200
6011201
6011202
6011203
6011204
6011205
6011206
6011207
6011208
6011209
6011210
6011211
6011212
6011213
6011214
6011215
6011216
6011217
6011218
6011219
6011220
6011221
6011222
6011223
6011224
6011225
6020000
6020001
6020002
6020003
6020004
6020005
6020006
6020007
6020008
6020009
6020010
6020011
6020012
6020013
6020014
6020015
6020016
6020017
6020018
6020019
6020020
6020021
6020022
6020023
6020024
6020025
6020100
6020101
6020102
6020103
6020104
6020105
6020106
6020107
6020108
6020109
6020110
6020111
6020112
6020113
6020114
6020115
6020116
6020117
6020118
6020119
6020120
6020121
6020122
6020123
6020124
6020125
6020200
6020201
6020202
6020203
6020204
6020205
6020206
6020207
6020208
6020209
6020210
6020211
6020212
6020213
6020214
6020215
6020216
6020217
6020218
6020219
6020220
6020221
6020222
6020223
6020224
6020225
6020300
6020301
6020302
6020303
6020304
6020305
6020306
6020307
6020308
6020309
6020310
6020311
6020312
6020313
6020314
6020315
6020316
6020317
6020318
6020319
6020320
6020321
6020322
6020323
6020324
6020325
6020400
6020401
6020402
6020403
6020404
6020405
6020406
6020407
6020408
6020409
6020410
6020411
6020412
6020413
6020414
6020415
6020416
6020417
6020418
6020419
6020420
6020421
6020422
6020423
6020424
6020425
6020500
6020501
6020502
6020503
6020504
6020505
6020506
6020507
6020508
6020509
6020510
6020511
6020512
6020513
6020514
6020515
6020516
6020517
6020518
6020519
6020520
6020521
6020522
6020523
6020524
6020525
6020600
6020601
6020602
6020603
6020604
6020605
6020606
6020607
6020608
6020609
6020610
6020611
6020612
6020613
6020614
6020615
6020616
6020617
6020618
6020619
6020620
6020621
6020622
6020623
6020624
6020625
6020700
6020701
6020702
6020703
6020704
6020705
6020706
6020707
6020708
6020709
6020710
6020711
6020712
6020713
6020714
6020715
6020716
6020717
6020718
6020719
6020720
6020721
6020722
6020723
6020724
6020725
6020800
6020801
6020802
6020803
6020804
6020805
6020806
6020807
6020808
6020809
6020810
6020811
6020812
6020813
6020814
6020815
6020816
6020817
6020818
6020819
6020820
6020821
6020822
6020823
6020824
6020825
6020900
6020901
6020902
6020903
6020904
6020905
6020906
6020907
6020908
6020909
6020910
6020911
6020912
6020913
6020914
6020915
6020916
6020917
6020918
6020919
6020920
6020921
6020922
6020923
6020924
6020925
6021000
6021001
6021002
6021003
6021004
6021005
6021006
6021007
6021008
6021009
6021010
6021011
6021012
6021013
6021014
6021015
6021016
6021017
6021018
6021019
6021020
6021021
6021022
6021023
6021024
6021025
6021100
6021101
6021102
6021103
6021104
6021105
6021106
6021107
6021108
6021109
6021110
6021111
6021112
6021113
6021114
6021115
6021116
6021117
6021118
6021119
6021120
6021121
6021122
6021123
6021124
6021125
6021200
6021201
6021202
6021203
6021204
6021205
6021206
6021207
6021208
6021209
6021210
6021211
6021212
6021213
6021214
6021215
6021216
6021217
6021218
6021219
6021220
6021221
6021222
6021223
6021224
6021225
6040000
6040001
6040002
6040003
6040004
6040005
6040006
6040007
6040008
6040009
6040010
6040011
6040012
6040013
6040014
6040015
6040016
6040017
6040018
6040019
6040020
6040021
6040022
6040023
6040024
6040025
6500000
6500001
6500002
6500003
6500004
6500005
6500006
6500007
6500008
6500009
6500010
6500011
6500012
6500013
6500014
6500015
6500016
6500017
6500018
6500019
6500020
6500021
6500022
6500023
6500024
6500025
6500100
6500101
6500102
6500103
6500104
6500105
6500106
6500107
6500108
6500109
6500110
6500111
6500112
6500113
6500114
6500115
6500116
6500117
6500118
6500119
6500120
6500121
6500122
6500123
6500124
6500125
6500200
6500201
6500202
6500203
6500204
6500205
6500206
6500207
6500208
6500209
6500210
6500211
6500212
6500213
6500214
6500215
6500216
6500217
6500218
6500219
6500220
6500221
6500222
6500223
6500224
6500225
6500300
6500301
6500302
6500303
6500304
6500305
6500306
6500307
6500308
6500309
6500310
6500311
6500312
6500313
6500314
6500315
6500316
6500317
6500318
6500319
6500320
6500321
6500322
6500323
6500324
6500325
6500400
6500401
6500402
6500403
6500404
6500405
6500406
6500407
6500408
6500409
6500410
6500411
6500412
6500413
6500414
6500415
6500416
6500417
6500418
6500419
6500420
6500421
6500422
6500423
6500424
6500425
6500500
6500501
6500502
6500503
6500504
6500505
6500506
6500507
6500508
6500509
6500510
6500511
6500512
6500513
6500514
6500515
6500516
6500517
6500518
6500519
6500520
6500521
6500522
6500523
6500524
6500525
6500600
6500601
6500602
6500603
6500604
6500605
6500606
6500607
6500608
6500609
6500610
6500611
6500612
6500613
6500614
6500615
6500616
6500617
6500618
6500619
6500620
6500621
6500622
6500623
6500624
6500625
6500700
6500701
6500702
6500703
6500704
6500705
6500706
6500707
6500708
6500709
6500710
6500711
6500712
6500713
6500714
6500715
6500716
6500717
6500718
6500719
6500720
6500721
6500722
6500723
6500724
6500725
6500800
6500801
6500802
6500803
6500804
6500805
6500806
6500807
6500808
6500809
6500810
6500811
6500812
6500813
6500814
6500815
6500816
6500817
6500818
6500819
6500820
6500821
6500822
6500823
6500824
6500825
6500900
6500901
6500902
6500903
6500904
6500905
6500906
6500907
6500908
6500909
6500910
6500911
6500912
6500913
6500914
6500915
6500916
6500917
6500918
6500919
6500920
6500921
6500922
6500923
6500924
6500925
6501000
6501001
6501002
6501003
6501004
6501005
6501006
6501007
6501008
6501009
6501010
6501011
6501012
6501013
6501014
6501015
6501016
6501017
6501018
6501019
6501020
6501021
6501022
6501023
6501024
6501025
6501100
6501101
6501102
6501103
6501104
6501105
6501106
6501107
6501108
6501109
6501110
6501111
6501112
6501113
6501114
6501115
6501116
6501117
6501118
6501119
6501120
6501121
6501122
6501123
6501124
6501125
6501200
6501201
6501202
6501203
6501204
6501205
6501206
6501207
6501208
6501209
6501210
6501211
6501212
6501213
6501214
6501215
6501216
6501217
6501218
6501219
6501220
6501221
6501222
6501223
6501224
6501225
6690000
6690001
6690002
6690003
6690004
6690005
6690006
6690007
6690008
6690009
6690010
6690011
6690012
6690013
6690014
6690015
6690016
6690017
6690018
6690019
6690020
6690021
6690022
6690023
6690024
6690025
6900000
6900001
6900002
6900003
6900004
6900005
6900006
6900007
6900008
6900009
6900010
6900011
6900012
6900013
6900014
6900015
6900016
6900017
6900018
6900019
6900020
6900021
6900022
6900023
6900024
6900025
7000000
7000001
7000002
7000003
7000004
7000005
7000006
7000007
7000008
7000009
7000010
7000011
7000012
7000013
7000014
7000015
7000016
7000017
7000018
7000019
7000020
7000021
7000022
7000023
7000024
7000025
7000100
7000101
7000102
7000103
7000104
7000105
7000106
7000107
7000108
7000109
7000110
7000111
7000112
7000113
7000114
7000115
7000116
7000117
7000118
7000119
7000120
7000121
7000122
7000123
7000124
7000125
7000200
7000201
7000202
7000203
7000204
7000205
7000206
7000207
7000208
7000209
7000210
7000211
7000212
7000213
7000214
7000215
7000216
7000217
7000218
7000219
7000220
7000221
7000222
7000223
7000224
7000225
7000300
7000301
7000302
7000303
7000304
7000305
7000306
7000307
7000308
7000309
7000310
7000311
7000312
7000313
7000314
7000315
7000316
7000317
7000318
7000319
7000320
7000321
7000322
7000323
7000324
7000325
7000400
7000401
7000402
7000403
7000404
7000405
7000406
7000407
7000408
7000409
7000410
7000411
7000412
7000413
7000414
7000415
7000416
7000417
7000418
7000419
7000420
7000421
7000422
7000423
7000424
7000425
7000500
7000501
7000502
7000503
7000504
7000505
7000506
7000507
7000508
7000509
7000510
7000511
7000512
7000513
7000514
7000515
7000516
7000517
7000518
7000519
7000520
7000521
7000522
7000523
7000524
7000525
7000600
7000601
7000602
7000603
7000604
7000605
7000606
7000607
7000608
7000609
7000610
7000611
7000612
7000613
7000614
7000615
7000616
7000617
7000618
7000619
7000620
7000621
7000622
7000623
7000624
7000625
7000700
7000701
7000702
7000703
7000704
7000705
7000706
7000707
7000708
7000709
7000710
7000711
7000712
7000713
7000714
7000715
7000716
7000717
7000718
7000719
7000720
7000721
7000722
7000723
7000724
7000725
7000800
7000801
7000802
7000803
7000804
7000805
7000806
7000807
7000808
7000809
7000810
7000811
7000812
7000813
7000814
7000815
7000816
7000817
7000818
7000819
7000820
7000821
7000822
7000823
7000824
7000825
7000900
7000901
7000902
7000903
7000904
7000905
7000906
7000907
7000908
7000909
7000910
7000911
7000912
7000913
7000914
7000915
7000916
7000917
7000918
7000919
7000920
7000921
7000922
7000923
7000924
7000925
7001000
7001001
7001002
7001003
7001004
7001005
7001006
7001007
7001008
7001009
7001010
7001011
7001012
7001013
7001014
7001015
7001016
7001017
7001018
7001019
7001020
7001021
7001022
7001023
7001024
7001025
7001100
7001101
7001102
7001103
7001104
7001105
7001106
7001107
7001108
7001109
7001110
7001111
7001112
7001113
7001114
7001115
7001116
7001117
7001118
7001119
7001120
7001121
7001122
7001123
7001124
7001125
7001200
7001201
7001202
7001203
7001204
7001205
7001206
7001207
7001208
7001209
7001210
7001211
7001212
7001213
7001214
7001215
7001216
7001217
7001218
7001219
7001220
7001221
7001222
7001223
7001224
7001225
7010000
7010001
7010002
7010003
7010004
7010005
7010006
7010007
7010008
7010009
7010010
7010011
7010012
7010013
7010014
7010015
7010016
7010017
7010018
7010019
7010020
7010021
7010022
7010023
7010024
7010025
7010100
7010101
7010102
7010103
7010104
7010105
7010106
7010107
7010108
7010109
7010110
7010111
7010112
7010113
7010114
7010115
7010116
7010117
7010118
7010119
7010120
7010121
7010122
7010123
7010124
7010125
7010200
7010201
7010202
7010203
7010204
7010205
7010206
7010207
7010208
7010209
7010210
7010211
7010212
7010213
7010214
7010215
7010216
7010217
7010218
7010219
7010220
7010221
7010222
7010223
7010224
7010225
7010300
7010301
7010302
7010303
7010304
7010305
7010306
7010307
7010308
7010309
7010310
7010311
7010312
7010313
7010314
7010315
7010316
7010317
7010318
7010319
7010320
7010321
7010322
7010323
7010324
7010325
7010400
7010401
7010402
7010403
7010404
7010405
7010406
7010407
7010408
7010409
7010410
7010411
7010412
7010413
7010414
7010415
7010416
7010417
7010418
7010419
7010420
7010421
7010422
7010423
7010424
7010425
7010500
7010501
7010502
7010503
7010504
7010505
7010506
7010507
7010508
7010509
7010510
7010511
7010512
7010513
7010514
7010515
7010516
7010517
7010518
7010519
7010520
7010521
7010522
7010523
7010524
7010525
7010600
7010601
7010602
7010603
7010604
7010605
7010606
7010607
7010608
7010609
7010610
7010611
7010612
7010613
7010614
7010615
7010616
7010617
7010618
7010619
7010620
7010621
7010622
7010623
7010624
7010625
7010700
7010701
7010702
7010703
7010704
7010705
7010706
7010707
7010708
7010709
7010710
7010711
7010712
7010713
7010714
7010715
7010716
7010717
7010718
7010719
7010720
7010721
7010722
7010723
7010724
7010725
7010800
7010801
7010802
7010803
7010804
7010805
7010806
7010807
7010808
7010809
7010810
7010811
7010812
7010813
7010814
7010815
7010816
7010817
7010818
7010819
7010820
7010821
7010822
7010823
7010824
7010825
7010900
7010901
7010902
7010903
7010904
7010905
7010906
7010907
7010908
7010909
7010910
7010911
7010912
7010913
7010914
7010915
7010916
7010917
7010918
7010919
7010920
7010921
7010922
7010923
7010924
7010925
7011000
7011001
7011002
7011003
7011004
7011005
7011006
7011007
7011008
7011009
7011010
7011011
7011012
7011013
7011014
7011015
7011016
7011017
7011018
7011019
7011020
7011021
7011022
7011023
7011024
7011025
7011100
7011101
7011102
7011103
7011104
7011105
7011106
7011107
7011108
7011109
7011110
7011111
7011112
7011113
7011114
7011115
7011116
7011117
7011118
7011119
7011120
7011121
7011122
7011123
7011124
7011125
7011200
7011201
7011202
7011203
7011204
7011205
7011206
7011207
7011208
7011209
7011210
7011211
7011212
7011213
7011214
7011215
7011216
7011217
7011218
7011219
7011220
7011221
7011222
7011223
7011224
7011225
7020000
7020001
7020002
7020003
7020004
7020005
7020006
7020007
7020008
7020009
7020010
7020011
7020012
7020013
7020014
7020015
7020016
7020017
7020018
7020019
7020020
7020021
7020022
7020023
7020024
7020025
7020100
7020101
7020102
7020103
7020104
7020105
7020106
7020107
7020108
7020109
7020110
7020111
7020112
7020113
7020114
7020115
7020116
7020117
7020118
7020119
7020120
7020121
7020122
7020123
7020124
7020125
7020200
7020201
7020202
7020203
7020204
7020205
7020206
7020207
7020208
7020209
7020210
7020211
7020212
7020213
7020214
7020215
7020216
7020217
7020218
7020219
7020220
7020221
7020222
7020223
7020224
7020225
7020300
7020301
7020302
7020303
7020304
7020305
7020306
7020307
7020308
7020309
7020310
7020311
7020312
7020313
7020314
7020315
7020316
7020317
7020318
7020319
7020320
7020321
7020322
7020323
7020324
7020325
7020400
7020401
7020402
7020403
7020404
7020405
7020406
7020407
7020408
7020409
7020410
7020411
7020412
7020413
7020414
7020415
7020416
7020417
7020418
7020419
7020420
7020421
7020422
7020423
7020424
7020425
7020500
7020501
7020502
7020503
7020504
7020505
7020506
7020507
7020508
7020509
7020510
7020511
7020512
7020513
7020514
7020515
7020516
7020517
7020518
7020519
7020520
7020521
7020522
7020523
7020524
7020525
7020600
7020601
7020602
7020603
7020604
7020605
7020606
7020607
7020608
7020609
7020610
7020611
7020612
7020613
7020614
7020615
7020616
7020617
7020618
7020619
7020620
7020621
7020622
7020623
7020624
7020625
7020700
7020701
7020702
7020703
7020704
7020705
7020706
7020707
7020708
7020709
7020710
7020711
7020712
7020713
7020714
7020715
7020716
7020717
7020718
7020719
7020720
7020721
7020722
7020723
7020724
7020725
7020800
7020801
7020802
7020803
7020804
7020805
7020806
7020807
7020808
7020809
7020810
7020811
7020812
7020813
7020814
7020815
7020816
7020817
7020818
7020819
7020820
7020821
7020822
7020823
7020824
7020825
7020900
7020901
7020902
7020903
7020904
7020905
7020906
7020907
7020908
7020909
7020910
7020911
7020912
7020913
7020914
7020915
7020916
7020917
7020918
7020919
7020920
7020921
7020922
7020923
7020924
7020925
7021000
7021001
7021002
7021003
7021004
7021005
7021006
7021007
7021008
7021009
7021010
7021011
7021012
7021013
7021014
7021015
7021016
7021017
7021018
7021019
7021020
7021021
7021022
7021023
7021024
7021025
7021100
7021101
7021102
7021103
7021104
7021105
7021106
7021107
7021108
7021109
7021110
7021111
7021112
7021113
7021114
7021115
7021116
7021117
7021118
7021119
7021120
7021121
7021122
7021123
7021124
7021125
7021200
7021201
7021202
7021203
7021204
7021205
7021206
7021207
7021208
7021209
7021210
7021211
7021212
7021213
7021214
7021215
7021216
7021217
7021218
7021219
7021220
7021221
7021222
7021223
7021224
7021225
7030000
7030001
7030002
7030003
7030004
7030005
7030006
7030007
7030008
7030009
7030010
7030011
7030012
7030013
7030014
7030015
7030016
7030017
7030018
7030019
7030020
7030021
7030022
7030023
7030024
7030025
7030100
7030101
7030102
7030103
7030104
7030105
7030106
7030107
7030108
7030109
7030110
7030111
7030112
7030113
7030114
7030115
7030116
7030117
7030118
7030119
7030120
7030121
7030122
7030123
7030124
7030125
7030200
7030201
7030202
7030203
7030204
7030205
7030206
7030207
7030208
7030209
7030210
7030211
7030212
7030213
7030214
7030215
7030216
7030217
7030218
7030219
7030220
7030221
7030222
7030223
7030224
7030225
7030300
7030301
7030302
7030303
7030304
7030305
7030306
7030307
7030308
7030309
7030310
7030311
7030312
7030313
7030314
7030315
7030316
7030317
7030318
7030319
7030320
7030321
7030322
7030323
7030324
7030325
7030400
7030401
7030402
7030403
7030404
7030405
7030406
7030407
7030408
7030409
7030410
7030411
7030412
7030413
7030414
7030415
7030416
7030417
7030418
7030419
7030420
7030421
7030422
7030423
7030424
7030425
7030500
7030501
7030502
7030503
7030504
7030505
7030506
7030507
7030508
7030509
7030510
7030511
7030512
7030513
7030514
7030515
7030516
7030517
7030518
7030519
7030520
7030521
7030522
7030523
7030524
7030525
7030600
7030601
7030602
7030603
7030604
7030605
7030606
7030607
7030608
7030609
7030610
7030611
7030612
7030613
7030614
7030615
7030616
7030617
7030618
7030619
7030620
7030621
7030622
7030623
7030624
7030625
7030700
7030701
7030702
7030703
7030704
7030705
7030706
7030707
7030708
7030709
7030710
7030711
7030712
7030713
7030714
7030715
7030716
7030717
7030718
7030719
7030720
7030721
7030722
7030723
7030724
7030725
7030800
7030801
7030802
7030803
7030804
7030805
7030806
7030807
7030808
7030809
7030810
7030811
7030812
7030813
7030814
7030815
7030816
7030817
7030818
7030819
7030820
7030821
7030822
7030823
7030824
7030825
7030900
7030901
7030902
7030903
7030904
7030905
7030906
7030907
7030908
7030909
7030910
7030911
7030912
7030913
7030914
7030915
7030916
7030917
7030918
7030919
7030920
7030921
7030922
7030923
7030924
7030925
7031000
7031001
7031002
7031003
7031004
7031005
7031006
7031007
7031008
7031009
7031010
7031011
7031012
7031013
7031014
7031015
7031016
7031017
7031018
7031019
7031020
7031021
7031022
7031023
7031024
7031025
7031100
7031101
7031102
7031103
7031104
7031105
7031106
7031107
7031108
7031109
7031110
7031111
7031112
7031113
7031114
7031115
7031116
7031117
7031118
7031119
7031120
7031121
7031122
7031123
7031124
7031125
7031200
7031201
7031202
7031203
7031204
7031205
7031206
7031207
7031208
7031209
7031210
7031211
7031212
7031213
7031214
7031215
7031216
7031217
7031218
7031219
7031220
7031221
7031222
7031223
7031224
7031225
7040000
7040001
7040002
7040003
7040004
7040005
7040006
7040007
7040008
7040009
7040010
7040011
7040012
7040013
7040014
7040015
7040016
7040017
7040018
7040019
7040020
7040021
7040022
7040023
7040024
7040025
7040100
7040101
7040102
7040103
7040104
7040105
7040106
7040107
7040108
7040109
7040110
7040111
7040112
7040113
7040114
7040115
7040116
7040117
7040118
7040119
7040120
7040121
7040122
7040123
7040124
7040125
7040200
7040201
7040202
7040203
7040204
7040205
7040206
7040207
7040208
7040209
7040210
7040211
7040212
7040213
7040214
7040215
7040216
7040217
7040218
7040219
7040220
7040221
7040222
7040223
7040224
7040225
7040300
7040301
7040302
7040303
7040304
7040305
7040306
7040307
7040308
7040309
7040310
7040311
7040312
7040313
7040314
7040315
7040316
7040317
7040318
7040319
7040320
7040321
7040322
7040323
7040324
7040325
7040400
7040401
7040402
7040403
7040404
7040405
7040406
7040407
7040408
7040409
7040410
7040411
7040412
7040413
7040414
7040415
7040416
7040417
7040418
7040419
7040420
7040421
7040422
7040423
7040424
7040425
7040500
7040501
7040502
7040503
7040504
7040505
7040506
7040507
7040508
7040509
7040510
7040511
7040512
7040513
7040514
7040515
7040516
7040517
7040518
7040519
7040520
7040521
7040522
7040523
7040524
7040525
7040600
7040601
7040602
7040603
7040604
7040605
7040606
7040607
7040608
7040609
7040610
7040611
7040612
7040613
7040614
7040615
7040616
7040617
7040618
7040619
7040620
7040621
7040622
7040623
7040624
7040625
7040700
7040701
7040702
7040703
7040704
7040705
7040706
7040707
7040708
7040709
7040710
7040711
7040712
7040713
7040714
7040715
7040716
7040717
7040718
7040719
7040720
7040721
7040722
7040723
7040724
7040725
7040800
7040801
7040802
7040803
7040804
7040805
7040806
7040807
7040808
7040809
7040810
7040811
7040812
7040813
7040814
7040815
7040816
7040817
7040818
7040819
7040820
7040821
7040822
7040823
7040824
7040825
7040900
7040901
7040902
7040903
7040904
7040905
7040906
7040907
7040908
7040909
7040910
7040911
7040912
7040913
7040914
7040915
7040916
7040917
7040918
7040919
7040920
7040921
7040922
7040923
7040924
7040925
7041000
7041001
7041002
7041003
7041004
7041005
7041006
7041007
7041008
7041009
7041010
7041011
7041012
7041013
7041014
7041015
7041016
7041017
7041018
7041019
7041020
7041021
7041022
7041023
7041024
7041025
7041100
7041101
7041102
7041103
7041104
7041105
7041106
7041107
7041108
7041109
7041110
7041111
7041112
7041113
7041114
7041115
7041116
7041117
7041118
7041119
7041120
7041121
7041122
7041123
7041124
7041125
7041200
7041201
7041202
7041203
7041204
7041205
7041206
7041207
7041208
7041209
7041210
7041211
7041212
7041213
7041214
7041215
7041216
7041217
7041218
7041219
7041220
7041221
7041222
7041223
7041224
7041225
7050000
7050001
7050002
7050003
7050004
7050005
7050006
7050007
7050008
7050009
7050010
7050011
7050012
7050013
7050014
7050015
7050016
7050017
7050018
7050019
7050020
7050021
7050022
7050023
7050024
7050025
7060000
7060001
7060002
7060003
7060004
7060005
7060006
7060007
7060008
7060009
7060010
7060011
7060012
7060013
7060014
7060015
7060016
7060017
7060018
7060019
7060020
7060021
7060022
7060023
7060024
7060025
7060100
7060101
7060102
7060103
7060104
7060105
7060106
7060107
7060108
7060109
7060110
7060111
7060112
7060113
7060114
7060115
7060116
7060117
7060118
7060119
7060120
7060121
7060122
7060123
7060124
7060125
7060200
7060201
7060202
7060203
7060204
7060205
7060206
7060207
7060208
7060209
7060210
7060211
7060212
7060213
7060214
7060215
7060216
7060217
7060218
7060219
7060220
7060221
7060222
7060223
7060224
7060225
7060300
7060301
7060302
7060303
7060304
7060305
7060306
7060307
7060308
7060309
7060310
7060311
7060312
7060313
7060314
7060315
7060316
7060317
7060318
7060319
7060320
7060321
7060322
7060323
7060324
7060325
7060400
7060401
7060402
7060403
7060404
7060405
7060406
7060407
7060408
7060409
7060410
7060411
7060412
7060413
7060414
7060415
7060416
7060417
7060418
7060419
7060420
7060421
7060422
7060423
7060424
7060425
7060500
7060501
7060502
7060503
7060504
7060505
7060506
7060507
7060508
7060509
7060510
7060511
7060512
7060513
7060514
7060515
7060516
7060517
7060518
7060519
7060520
7060521
7060522
7060523
7060524
7060525
7060600
7060601
7060602
7060603
7060604
7060605
7060606
7060607
7060608
7060609
7060610
7060611
7060612
7060613
7060614
7060615
7060616
7060617
7060618
7060619
7060620
7060621
7060622
7060623
7060624
7060625
7060700
7060701
7060702
7060703
7060704
7060705
7060706
7060707
7060708
7060709
7060710
7060711
7060712
7060713
7060714
7060715
7060716
7060717
7060718
7060719
7060720
7060721
7060722
7060723
7060724
7060725
7060800
7060801
7060802
7060803
7060804
7060805
7060806
7060807
7060808
7060809
7060810
7060811
7060812
7060813
7060814
7060815
7060816
7060817
7060818
7060819
7060820
7060821
7060822
7060823
7060824
7060825
7060900
7060901
7060902
7060903
7060904
7060905
7060906
7060907
7060908
7060909
7060910
7060911
7060912
7060913
7060914
7060915
7060916
7060917
7060918
7060919
7060920
7060921
7060922
7060923
7060924
7060925
7061000
7061001
7061002
7061003
7061004
7061005
7061006
7061007
7061008
7061009
7061010
7061011
7061012
7061013
7061014
7061015
7061016
7061017
7061018
7061019
7061020
7061021
7061022
7061023
7061024
7061025
7061100
7061101
7061102
7061103
7061104
7061105
7061106
7061107
7061108
7061109
7061110
7061111
7061112
7061113
7061114
7061115
7061116
7061117
7061118
7061119
7061120
7061121
7061122
7061123
7061124
7061125
7061200
7061201
7061202
7061203
7061204
7061205
7061206
7061207
7061208
7061209
7061210
7061211
7061212
7061213
7061214
7061215
7061216
7061217
7061218
7061219
7061220
7061221
7061222
7061223
7061224
7061225
7070000
7070001
7070002
7070003
7070004
7070005
7070006
7070007
7070008
7070009
7070010
7070011
7070012
7070013
7070014
7070015
7070016
7070017
7070018
7070019
7070020
7070021
7070022
7070023
7070024
7070025
7080000
7080001
7080002
7080003
7080004
7080005
7080006
7080007
7080008
7080009
7080010
7080011
7080012
7080013
7080014
7080015
7080016
7080017
7080018
7080019
7080020
7080021
7080022
7080023
7080024
7080025
7080100
7080101
7080102
7080103
7080104
7080105
7080106
7080107
7080108
7080109
7080110
7080111
7080112
7080113
7080114
7080115
7080116
7080117
7080118
7080119
7080120
7080121
7080122
7080123
7080124
7080125
7080200
7080201
7080202
7080203
7080204
7080205
7080206
7080207
7080208
7080209
7080210
7080211
7080212
7080213
7080214
7080215
7080216
7080217
7080218
7080219
7080220
7080221
7080222
7080223
7080224
7080225
7080300
7080301
7080302
7080303
7080304
7080305
7080306
7080307
7080308
7080309
7080310
7080311
7080312
7080313
7080314
7080315
7080316
7080317
7080318
7080319
7080320
7080321
7080322
7080323
7080324
7080325
7080400
7080401
7080402
7080403
7080404
7080405
7080406
7080407
7080408
7080409
7080410
7080411
7080412
7080413
7080414
7080415
7080416
7080417
7080418
7080419
7080420
7080421
7080422
7080423
7080424
7080425
7080500
7080501
7080502
7080503
7080504
7080505
7080506
7080507
7080508
7080509
7080510
7080511
7080512
7080513
7080514
7080515
7080516
7080517
7080518
7080519
7080520
7080521
7080522
7080523
7080524
7080525
7080600
7080601
7080602
7080603
7080604
7080605
7080606
7080607
7080608
7080609
7080610
7080611
7080612
7080613
7080614
7080615
7080616
7080617
7080618
7080619
7080620
7080621
7080622
7080623
7080624
7080625
7080700
7080701
7080702
7080703
7080704
7080705
7080706
7080707
7080708
7080709
7080710
7080711
7080712
7080713
7080714
7080715
7080716
7080717
7080718
7080719
7080720
7080721
7080722
7080723
7080724
7080725
7080800
7080801
7080802
7080803
7080804
7080805
7080806
7080807
7080808
7080809
7080810
7080811
7080812
7080813
7080814
7080815
7080816
7080817
7080818
7080819
7080820
7080821
7080822
7080823
7080824
7080825
7080900
7080901
7080902
7080903
7080904
7080905
7080906
7080907
7080908
7080909
7080910
7080911
7080912
7080913
7080914
7080915
7080916
7080917
7080918
7080919
7080920
7080921
7080922
7080923
7080924
7080925
7081000
7081001
7081002
7081003
7081004
7081005
7081006
7081007
7081008
7081009
7081010
7081011
7081012
7081013
7081014
7081015
7081016
7081017
7081018
7081019
7081020
7081021
7081022
7081023
7081024
7081025
7081100
7081101
7081102
7081103
7081104
7081105
7081106
7081107
7081108
7081109
7081110
7081111
7081112
7081113
7081114
7081115
7081116
7081117
7081118
7081119
7081120
7081121
7081122
7081123
7081124
7081125
7081200
7081201
7081202
7081203
7081204
7081205
7081206
7081207
7081208
7081209
7081210
7081211
7081212
7081213
7081214
7081215
7081216
7081217
7081218
7081219
7081220
7081221
7081222
7081223
7081224
7081225
7100000
7100001
7100002
7100003
7100004
7100005
7100006
7100007
7100008
7100009
7100010
7100011
7100012
7100013
7100014
7100015
7100016
7100017
7100018
7100019
7100020
7100021
7100022
7100023
7100024
7100025
7110000
7110001
7110002
7110003
7110004
7110005
7110006
7110007
7110008
7110009
7110010
7110011
7110012
7110013
7110014
7110015
7110016
7110017
7110018
7110019
7110020
7110021
7110022
7110023
7110024
7110025
7110100
7110101
7110102
7110103
7110104
7110105
7110106
7110107
7110108
7110109
7110110
7110111
7110112
7110113
7110114
7110115
7110116
7110117
7110118
7110119
7110120
7110121
7110122
7110123
7110124
7110125
7110200
7110201
7110202
7110203
7110204
7110205
7110206
7110207
7110208
7110209
7110210
7110211
7110212
7110213
7110214
7110215
7110216
7110217
7110218
7110219
7110220
7110221
7110222
7110223
7110224
7110225
7110300
7110301
7110302
7110303
7110304
7110305
7110306
7110307
7110308
7110309
7110310
7110311
7110312
7110313
7110314
7110315
7110316
7110317
7110318
7110319
7110320
7110321
7110322
7110323
7110324
7110325
7110400
7110401
7110402
7110403
7110404
7110405
7110406
7110407
7110408
7110409
7110410
7110411
7110412
7110413
7110414
7110415
7110416
7110417
7110418
7110419
7110420
7110421
7110422
7110423
7110424
7110425
7110500
7110501
7110502
7110503
7110504
7110505
7110506
7110507
7110508
7110509
7110510
7110511
7110512
7110513
7110514
7110515
7110516
7110517
7110518
7110519
7110520
7110521
7110522
7110523
7110524
7110525
7110600
7110601
7110602
7110603
7110604
7110605
7110606
7110607
7110608
7110609
7110610
7110611
7110612
7110613
7110614
7110615
7110616
7110617
7110618
7110619
7110620
7110621
7110622
7110623
7110624
7110625
7110700
7110701
7110702
7110703
7110704
7110705
7110706
7110707
7110708
7110709
7110710
7110711
7110712
7110713
7110714
7110715
7110716
7110717
7110718
7110719
7110720
7110721
7110722
7110723
7110724
7110725
7110800
7110801
7110802
7110803
7110804
7110805
7110806
7110807
7110808
7110809
7110810
7110811
7110812
7110813
7110814
7110815
7110816
7110817
7110818
7110819
7110820
7110821
7110822
7110823
7110824
7110825
7110900
7110901
7110902
7110903
7110904
7110905
7110906
7110907
7110908
7110909
7110910
7110911
7110912
7110913
7110914
7110915
7110916
7110917
7110918
7110919
7110920
7110921
7110922
7110923
7110924
7110925
7111000
7111001
7111002
7111003
7111004
7111005
7111006
7111007
7111008
7111009
7111010
7111011
7111012
7111013
7111014
7111015
7111016
7111017
7111018
7111019
7111020
7111021
7111022
7111023
7111024
7111025
7111100
7111101
7111102
7111103
7111104
7111105
7111106
7111107
7111108
7111109
7111110
7111111
7111112
7111113
7111114
7111115
7111116
7111117
7111118
7111119
7111120
7111121
7111122
7111123
7111124
7111125
7111200
7111201
7111202
7111203
7111204
7111205
7111206
7111207
7111208
7111209
7111210
7111211
7111212
7111213
7111214
7111215
7111216
7111217
7111218
7111219
7111220
7111221
7111222
7111223
7111224
7111225
7120000
7120001
7120002
7120003
7120004
7120005
7120006
7120007
7120008
7120009
7120010
7120011
7120012
7120013
7120014
7120015
7120016
7120017
7120018
7120019
7120020
7120021
7120022
7120023
7120024
7120025
7120100
7120101
7120102
7120103
7120104
7120105
7120106
7120107
7120108
7120109
7120110
7120111
7120112
7120113
7120114
7120115
7120116
7120117
7120118
7120119
7120120
7120121
7120122
7120123
7120124
7120125
7120200
7120201
7120202
7120203
7120204
7120205
7120206
7120207
7120208
7120209
7120210
7120211
7120212
7120213
7120214
7120215
7120216
7120217
7120218
7120219
7120220
7120221
7120222
7120223
7120224
7120225
7120300
7120301
7120302
7120303
7120304
7120305
7120306
7120307
7120308
7120309
7120310
7120311
7120312
7120313
7120314
7120315
7120316
7120317
7120318
7120319
7120320
7120321
7120322
7120323
7120324
7120325
7120400
7120401
7120402
7120403
7120404
7120405
7120406
7120407
7120408
7120409
7120410
7120411
7120412
7120413
7120414
7120415
7120416
7120417
7120418
7120419
7120420
7120421
7120422
7120423
7120424
7120425
7120500
7120501
7120502
7120503
7120504
7120505
7120506
7120507
7120508
7120509
7120510
7120511
7120512
7120513
7120514
7120515
7120516
7120517
7120518
7120519
7120520
7120521
7120522
7120523
7120524
7120525
7120600
7120601
7120602
7120603
7120604
7120605
7120606
7120607
7120608
7120609
7120610
7120611
7120612
7120613
7120614
7120615
7120616
7120617
7120618
7120619
7120620
7120621
7120622
7120623
7120624
7120625
7120700
7120701
7120702
7120703
7120704
7120705
7120706
7120707
7120708
7120709
7120710
7120711
7120712
7120713
7120714
7120715
7120716
7120717
7120718
7120719
7120720
7120721
7120722
7120723
7120724
7120725
7120800
7120801
7120802
7120803
7120804
7120805
7120806
7120807
7120808
7120809
7120810
7120811
7120812
7120813
7120814
7120815
7120816
7120817
7120818
7120819
7120820
7120821
7120822
7120823
7120824
7120825
7120900
7120901
7120902
7120903
7120904
7120905
7120906
7120907
7120908
7120909
7120910
7120911
7120912
7120913
7120914
7120915
7120916
7120917
7120918
7120919
7120920
7120921
7120922
7120923
7120924
7120925
7121000
7121001
7121002
7121003
7121004
7121005
7121006
7121007
7121008
7121009
7121010
7121011
7121012
7121013
7121014
7121015
7121016
7121017
7121018
7121019
7121020
7121021
7121022
7121023
7121024
7121025
7121100
7121101
7121102
7121103
7121104
7121105
7121106
7121107
7121108
7121109
7121110
7121111
7121112
7121113
7121114
7121115
7121116
7121117
7121118
7121119
7121120
7121121
7121122
7121123
7121124
7121125
7121200
7121201
7121202
7121203
7121204
7121205
7121206
7121207
7121208
7121209
7121210
7121211
7121212
7121213
7121214
7121215
7121216
7121217
7121218
7121219
7121220
7121221
7121222
7121223
7121224
7121225
7140000
7140001
7140002
7140003
7140004
7140005
7140006
7140007
7140008
7140009
7140010
7140011
7140012
7140013
7140014
7140015
7140016
7140017
7140018
7140019
7140020
7140021
7140022
7140023
7140024
7140025
7140100
7140101
7140102
7140103
7140104
7140105
7140106
7140107
7140108
7140109
7140110
7140111
7140112
7140113
7140114
7140115
7140116
7140117
7140118
7140119
7140120
7140121
7140122
7140123
7140124
7140125
7140200
7140201
7140202
7140203
7140204
7140205
7140206
7140207
7140208
7140209
7140210
7140211
7140212
7140213
7140214
7140215
7140216
7140217
7140218
7140219
7140220
7140221
7140222
7140223
7140224
7140225
7140300
7140301
7140302
7140303
7140304
7140305
7140306
7140307
7140308
7140309
7140310
7140311
7140312
7140313
7140314
7140315
7140316
7140317
7140318
7140319
7140320
7140321
7140322
7140323
7140324
7140325
7140400
7140401
7140402
7140403
7140404
7140405
7140406
7140407
7140408
7140409
7140410
7140411
7140412
7140413
7140414
7140415
7140416
7140417
7140418
7140419
7140420
7140421
7140422
7140423
7140424
7140425
7140500
7140501
7140502
7140503
7140504
7140505
7140506
7140507
7140508
7140509
7140510
7140511
7140512
7140513
7140514
7140515
7140516
7140517
7140518
7140519
7140520
7140521
7140522
7140523
7140524
7140525
7140600
7140601
7140602
7140603
7140604
7140605
7140606
7140607
7140608
7140609
7140610
7140611
7140612
7140613
7140614
7140615
7140616
7140617
7140618
7140619
7140620
7140621
7140622
7140623
7140624
7140625
7140700
7140701
7140702
7140703
7140704
7140705
7140706
7140707
7140708
7140709
7140710
7140711
7140712
7140713
7140714
7140715
7140716
7140717
7140718
7140719
7140720
7140721
7140722
7140723
7140724
7140725
7140800
7140801
7140802
7140803
7140804
7140805
7140806
7140807
7140808
7140809
7140810
7140811
7140812
7140813
7140814
7140815
7140816
7140817
7140818
7140819
7140820
7140821
7140822
7140823
7140824
7140825
7140900
7140901
7140902
7140903
7140904
7140905
7140906
7140907
7140908
7140909
7140910
7140911
7140912
7140913
7140914
7140915
7140916
7140917
7140918
7140919
7140920
7140921
7140922
7140923
7140924
7140925
7141000
7141001
7141002
7141003
7141004
7141005
7141006
7141007
7141008
7141009
7141010
7141011
7141012
7141013
7141014
7141015
7141016
7141017
7141018
7141019
7141020
7141021
7141022
7141023
7141024
7141025
7141100
7141101
7141102
7141103
7141104
7141105
7141106
7141107
7141108
7141109
7141110
7141111
7141112
7141113
7141114
7141115
7141116
7141117
7141118
7141119
7141120
7141121
7141122
7141123
7141124
7141125
7141200
7141201
7141202
7141203
7141204
7141205
7141206
7141207
7141208
7141209
7141210
7141211
7141212
7141213
7141214
7141215
7141216
7141217
7141218
7141219
7141220
7141221
7141222
7141223
7141224
7141225
7150000
7150001
7150002
7150003
7150004
7150005
7150006
7150007
7150008
7150009
7150010
7150011
7150012
7150013
7150014
7150015
7150016
7150017
7150018
7150019
7150020
7150021
7150022
7150023
7150024
7150025
7150100
7150101
7150102
7150103
7150104
7150105
7150106
7150107
7150108
7150109
7150110
7150111
7150112
7150113
7150114
7150115
7150116
7150117
7150118
7150119
7150120
7150121
7150122
7150123
7150124
7150125
7150200
7150201
7150202
7150203
7150204
7150205
7150206
7150207
7150208
7150209
7150210
7150211
7150212
7150213
7150214
7150215
7150216
7150217
7150218
7150219
7150220
7150221
7150222
7150223
7150224
7150225
7150300
7150301
7150302
7150303
7150304
7150305
7150306
7150307
7150308
7150309
7150310
7150311
7150312
7150313
7150314
7150315
7150316
7150317
7150318
7150319
7150320
7150321
7150322
7150323
7150324
7150325
7150400
7150401
7150402
7150403
7150404
7150405
7150406
7150407
7150408
7150409
7150410
7150411
7150412
7150413
7150414
7150415
7150416
7150417
7150418
7150419
7150420
7150421
7150422
7150423
7150424
7150425
7150500
7150501
7150502
7150503
7150504
7150505
7150506
7150507
7150508
7150509
7150510
7150511
7150512
7150513
7150514
7150515
7150516
7150517
7150518
7150519
7150520
7150521
7150522
7150523
7150524
7150525
7150600
7150601
7150602
7150603
7150604
7150605
7150606
7150607
7150608
7150609
7150610
7150611
7150612
7150613
7150614
7150615
7150616
7150617
7150618
7150619
7150620
7150621
7150622
7150623
7150624
7150625
7150700
7150701
7150702
7150703
7150704
7150705
7150706
7150707
7150708
7150709
7150710
7150711
7150712
7150713
7150714
7150715
7150716
7150717
7150718
7150719
7150720
7150721
7150722
7150723
7150724
7150725
7150800
7150801
7150802
7150803
7150804
7150805
7150806
7150807
7150808
7150809
7150810
7150811
7150812
7150813
7150814
7150815
7150816
7150817
7150818
7150819
7150820
7150821
7150822
7150823
7150824
7150825
7150900
7150901
7150902
7150903
7150904
7150905
7150906
7150907
7150908
7150909
7150910
7150911
7150912
7150913
7150914
7150915
7150916
7150917
7150918
7150919
7150920
7150921
7150922
7150923
7150924
7150925
7151000
7151001
7151002
7151003
7151004
7151005
7151006
7151007
7151008
7151009
7151010
7151011
7151012
7151013
7151014
7151015
7151016
7151017
7151018
7151019
7151020
7151021
7151022
7151023
7151024
7151025
7151100
7151101
7151102
7151103
7151104
7151105
7151106
7151107
7151108
7151109
7151110
7151111
7151112
7151113
7151114
7151115
7151116
7151117
7151118
7151119
7151120
7151121
7151122
7151123
7151124
7151125
7151200
7151201
7151202
7151203
7151204
7151205
7151206
7151207
7151208
7151209
7151210
7151211
7151212
7151213
7151214
7151215
7151216
7151217
7151218
7151219
7151220
7151221
7151222
7151223
7151224
7151225
7500000
7500001
7500002
7500003
7500004
7500005
7500006
7500007
7500008
7500009
7500010
7500011
7500012
7500013
7500014
7500015
7500016
7500017
7500018
7500019
7500020
7500021
7500022
7500023
7500024
7500025
7510000
7510001
7510002
7510003
7510004
7510005
7510006
7510007
7510008
7510009
7510010
7510011
7510012
7510013
7510014
7510015
7510016
7510017
7510018
7510019
7510020
7510021
7510022
7510023
7510024
7510025
7520000
7520001
7520002
7520003
7520004
7520005
7520006
7520007
7520008
7520009
7520010
7520011
7520012
7520013
7520014
7520015
7520016
7520017
7520018
7520019
7520020
7520021
7520022
7520023
7520024
7520025
7530000
7530001
7530002
7530003
7530004
7530005
7530006
7530007
7530008
7530009
7530010
7530011
7530012
7530013
7530014
7530015
7530016
7530017
7530018
7530019
7530020
7530021
7530022
7530023
7530024
7530025
7670000
7670001
7670002
7670003
7670004
7670005
7670006
7670007
7670008
7670009
7670010
7670011
7670012
7670013
7670014
7670015
7670016
7670017
7670018
7670019
7670020
7670021
7670022
7670023
7670024
7670025
7680000
7680001
7680002
7680003
7680004
7680005
7680006
7680007
7680008
7680009
7680010
7680011
7680012
7680013
7680014
7680015
7680016
7680017
7680018
7680019
7680020
7680021
7680022
7680023
7680024
7680025
7690000
7690001
7690002
7690003
7690004
7690005
7690006
7690007
7690008
7690009
7690010
7690011
7690012
7690013
7690014
7690015
7690016
7690017
7690018
7690019
7690020
7690021
7690022
7690023
7690024
7690025
8010000
8010001
8010002
8010003
8010004
8010005
8010006
8010007
8010008
8010009
8010010
8010011
8010012
8010013
8010014
8010015
8010016
8010017
8010018
8010019
8010020
8010021
8010022
8010023
8010024
8010025
8020000
8020001
8020002
8020003
8020004
8020005
8020006
8020007
8020008
8020009
8020010
8020011
8020012
8020013
8020014
8020015
8020016
8020017
8020018
8020019
8020020
8020021
8020022
8020023
8020024
8020025
8020100
8020101
8020102
8020103
8020104
8020105
8020106
8020107
8020108
8020109
8020110
8020111
8020112
8020113
8020114
8020115
8020116
8020117
8020118
8020119
8020120
8020121
8020122
8020123
8020124
8020125
8020200
8020201
8020202
8020203
8020204
8020205
8020206
8020207
8020208
8020209
8020210
8020211
8020212
8020213
8020214
8020215
8020216
8020217
8020218
8020219
8020220
8020221
8020222
8020223
8020224
8020225
8020300
8020301
8020302
8020303
8020304
8020305
8020306
8020307
8020308
8020309
8020310
8020311
8020312
8020313
8020314
8020315
8020316
8020317
8020318
8020319
8020320
8020321
8020322
8020323
8020324
8020325
8020400
8020401
8020402
8020403
8020404
8020405
8020406
8020407
8020408
8020409
8020410
8020411
8020412
8020413
8020414
8020415
8020416
8020417
8020418
8020419
8020420
8020421
8020422
8020423
8020424
8020425
8020500
8020501
8020502
8020503
8020504
8020505
8020506
8020507
8020508
8020509
8020510
8020511
8020512
8020513
8020514
8020515
8020516
8020517
8020518
8020519
8020520
8020521
8020522
8020523
8020524
8020525
8020600
8020601
8020602
8020603
8020604
8020605
8020606
8020607
8020608
8020609
8020610
8020611
8020612
8020613
8020614
8020615
8020616
8020617
8020618
8020619
8020620
8020621
8020622
8020623
8020624
8020625
8020700
8020701
8020702
8020703
8020704
8020705
8020706
8020707
8020708
8020709
8020710
8020711
8020712
8020713
8020714
8020715
8020716
8020717
8020718
8020719
8020720
8020721
8020722
8020723
8020724
8020725
8020800
8020801
8020802
8020803
8020804
8020805
8020806
8020807
8020808
8020809
8020810
8020811
8020812
8020813
8020814
8020815
8020816
8020817
8020818
8020819
8020820
8020821
8020822
8020823
8020824
8020825
8020900
8020901
8020902
8020903
8020904
8020905
8020906
8020907
8020908
8020909
8020910
8020911
8020912
8020913
8020914
8020915
8020916
8020917
8020918
8020919
8020920
8020921
8020922
8020923
8020924
8020925
8021000
8021001
8021002
8021003
8021004
8021005
8021006
8021007
8021008
8021009
8021010
8021011
8021012
8021013
8021014
8021015
8021016
8021017
8021018
8021019
8021020
8021021
8021022
8021023
8021024
8021025
8021100
8021101
8021102
8021103
8021104
8021105
8021106
8021107
8021108
8021109
8021110
8021111
8021112
8021113
8021114
8021115
8021116
8021117
8021118
8021119
8021120
8021121
8021122
8021123
8021124
8021125
8021200
8021201
8021202
8021203
8021204
8021205
8021206
8021207
8021208
8021209
8021210
8021211
8021212
8021213
8021214
8021215
8021216
8021217
8021218
8021219
8021220
8021221
8021222
8021223
8021224
8021225
8030000
8030001
8030002
8030003
8030004
8030005
8030006
8030007
8030008
8030009
8030010
8030011
8030012
8030013
8030014
8030015
8030016
8030017
8030018
8030019
8030020
8030021
8030022
8030023
8030024
8030025
8040000
8040001
8040002
8040003
8040004
8040005
8040006
8040007
8040008
8040009
8040010
8040011
8040012
8040013
8040014
8040015
8040016
8040017
8040018
8040019
8040020
8040021
8040022
8040023
8040024
8040025
8050000
8050001
8050002
8050003
8050004
8050005
8050006
8050007
8050008
8050009
8050010
8050011
8050012
8050013
8050014
8050015
8050016
8050017
8050018
8050019
8050020
8050021
8050022
8050023
8050024
8050025
8060000
8060001
8060002
8060003
8060004
8060005
8060006
8060007
8060008
8060009
8060010
8060011
8060012
8060013
8060014
8060015
8060016
8060017
8060018
8060019
8060020
8060021
8060022
8060023
8060024
8060025
8060100
8060101
8060102
8060103
8060104
8060105
8060106
8060107
8060108
8060109
8060110
8060111
8060112
8060113
8060114
8060115
8060116
8060117
8060118
8060119
8060120
8060121
8060122
8060123
8060124
8060125
8060200
8060201
8060202
8060203
8060204
8060205
8060206
8060207
8060208
8060209
8060210
8060211
8060212
8060213
8060214
8060215
8060216
8060217
8060218
8060219
8060220
8060221
8060222
8060223
8060224
8060225
8060300
8060301
8060302
8060303
8060304
8060305
8060306
8060307
8060308
8060309
8060310
8060311
8060312
8060313
8060314
8060315
8060316
8060317
8060318
8060319
8060320
8060321
8060322
8060323
8060324
8060325
8060400
8060401
8060402
8060403
8060404
8060405
8060406
8060407
8060408
8060409
8060410
8060411
8060412
8060413
8060414
8060415
8060416
8060417
8060418
8060419
8060420
8060421
8060422
8060423
8060424
8060425
8060500
8060501
8060502
8060503
8060504
8060505
8060506
8060507
8060508
8060509
8060510
8060511
8060512
8060513
8060514
8060515
8060516
8060517
8060518
8060519
8060520
8060521
8060522
8060523
8060524
8060525
8060600
8060601
8060602
8060603
8060604
8060605
8060606
8060607
8060608
8060609
8060610
8060611
8060612
8060613
8060614
8060615
8060616
8060617
8060618
8060619
8060620
8060621
8060622
8060623
8060624
8060625
8060700
8060701
8060702
8060703
8060704
8060705
8060706
8060707
8060708
8060709
8060710
8060711
8060712
8060713
8060714
8060715
8060716
8060717
8060718
8060719
8060720
8060721
8060722
8060723
8060724
8060725
8060800
8060801
8060802
8060803
8060804
8060805
8060806
8060807
8060808
8060809
8060810
8060811
8060812
8060813
8060814
8060815
8060816
8060817
8060818
8060819
8060820
8060821
8060822
8060823
8060824
8060825
8060900
8060901
8060902
8060903
8060904
8060905
8060906
8060907
8060908
8060909
8060910
8060911
8060912
8060913
8060914
8060915
8060916
8060917
8060918
8060919
8060920
8060921
8060922
8060923
8060924
8060925
8061000
8061001
8061002
8061003
8061004
8061005
8061006
8061007
8061008
8061009
8061010
8061011
8061012
8061013
8061014
8061015
8061016
8061017
8061018
8061019
8061020
8061021
8061022
8061023
8061024
8061025
8061100
8061101
8061102
8061103
8061104
8061105
8061106
8061107
8061108
8061109
8061110
8061111
8061112
8061113
8061114
8061115
8061116
8061117
8061118
8061119
8061120
8061121
8061122
8061123
8061124
8061125
8061200
8061201
8061202
8061203
8061204
8061205
8061206
8061207
8061208
8061209
8061210
8061211
8061212
8061213
8061214
8061215
8061216
8061217
8061218
8061219
8061220
8061221
8061222
8061223
8061224
8061225
8070000
8070001
8070002
8070003
8070004
8070005
8070006
8070007
8070008
8070009
8070010
8070011
8070012
8070013
8070014
8070015
8070016
8070017
8070018
8070019
8070020
8070021
8070022
8070023
8070024
8070025
8070100
8070101
8070102
8070103
8070104
8070105
8070106
8070107
8070108
8070109
8070110
8070111
8070112
8070113
8070114
8070115
8070116
8070117
8070118
8070119
8070120
8070121
8070122
8070123
8070124
8070125
8070200
8070201
8070202
8070203
8070204
8070205
8070206
8070207
8070208
8070209
8070210
8070211
8070212
8070213
8070214
8070215
8070216
8070217
8070218
8070219
8070220
8070221
8070222
8070223
8070224
8070225
8070300
8070301
8070302
8070303
8070304
8070305
8070306
8070307
8070308
8070309
8070310
8070311
8070312
8070313
8070314
8070315
8070316
8070317
8070318
8070319
8070320
8070321
8070322
8070323
8070324
8070325
8070400
8070401
8070402
8070403
8070404
8070405
8070406
8070407
8070408
8070409
8070410
8070411
8070412
8070413
8070414
8070415
8070416
8070417
8070418
8070419
8070420
8070421
8070422
8070423
8070424
8070425
8070500
8070501
8070502
8070503
8070504
8070505
8070506
8070507
8070508
8070509
8070510
8070511
8070512
8070513
8070514
8070515
8070516
8070517
8070518
8070519
8070520
8070521
8070522
8070523
8070524
8070525
8070600
8070601
8070602
8070603
8070604
8070605
8070606
8070607
8070608
8070609
8070610
8070611
8070612
8070613
8070614
8070615
8070616
8070617
8070618
8070619
8070620
8070621
8070622
8070623
8070624
8070625
8070700
8070701
8070702
8070703
8070704
8070705
8070706
8070707
8070708
8070709
8070710
8070711
8070712
8070713
8070714
8070715
8070716
8070717
8070718
8070719
8070720
8070721
8070722
8070723
8070724
8070725
8070800
8070801
8070802
8070803
8070804
8070805
8070806
8070807
8070808
8070809
8070810
8070811
8070812
8070813
8070814
8070815
8070816
8070817
8070818
8070819
8070820
8070821
8070822
8070823
8070824
8070825
8070900
8070901
8070902
8070903
8070904
8070905
8070906
8070907
8070908
8070909
8070910
8070911
8070912
8070913
8070914
8070915
8070916
8070917
8070918
8070919
8070920
8070921
8070922
8070923
8070924
8070925
8071000
8071001
8071002
8071003
8071004
8071005
8071006
8071007
8071008
8071009
8071010
8071011
8071012
8071013
8071014
8071015
8071016
8071017
8071018
8071019
8071020
8071021
8071022
8071023
8071024
8071025
8071100
8071101
8071102
8071103
8071104
8071105
8071106
8071107
8071108
8071109
8071110
8071111
8071112
8071113
8071114
8071115
8071116
8071117
8071118
8071119
8071120
8071121
8071122
8071123
8071124
8071125
8071200
8071201
8071202
8071203
8071204
8071205
8071206
8071207
8071208
8071209
8071210
8071211
8071212
8071213
8071214
8071215
8071216
8071217
8071218
8071219
8071220
8071221
8071222
8071223
8071224
8071225
8080000
8080001
8080002
8080003
8080004
8080005
8080006
8080007
8080008
8080009
8080010
8080011
8080012
8080013
8080014
8080015
8080016
8080017
8080018
8080019
8080020
8080021
8080022
8080023
8080024
8080025
8080100
8080101
8080102
8080103
8080104
8080105
8080106
8080107
8080108
8080109
8080110
8080111
8080112
8080113
8080114
8080115
8080116
8080117
8080118
8080119
8080120
8080121
8080122
8080123
8080124
8080125
8080200
8080201
8080202
8080203
8080204
8080205
8080206
8080207
8080208
8080209
8080210
8080211
8080212
8080213
8080214
8080215
8080216
8080217
8080218
8080219
8080220
8080221
8080222
8080223
8080224
8080225
8080300
8080301
8080302
8080303
8080304
8080305
8080306
8080307
8080308
8080309
8080310
8080311
8080312
8080313
8080314
8080315
8080316
8080317
8080318
8080319
8080320
8080321
8080322
8080323
8080324
8080325
8080400
8080401
8080402
8080403
8080404
8080405
8080406
8080407
8080408
8080409
8080410
8080411
8080412
8080413
8080414
8080415
8080416
8080417
8080418
8080419
8080420
8080421
8080422
8080423
8080424
8080425
8080500
8080501
8080502
8080503
8080504
8080505
8080506
8080507
8080508
8080509
8080510
8080511
8080512
8080513
8080514
8080515
8080516
8080517
8080518
8080519
8080520
8080521
8080522
8080523
8080524
8080525
8080600
8080601
8080602
8080603
8080604
8080605
8080606
8080607
8080608
8080609
8080610
8080611
8080612
8080613
8080614
8080615
8080616
8080617
8080618
8080619
8080620
8080621
8080622
8080623
8080624
8080625
8080700
8080701
8080702
8080703
8080704
8080705
8080706
8080707
8080708
8080709
8080710
8080711
8080712
8080713
8080714
8080715
8080716
8080717
8080718
8080719
8080720
8080721
8080722
8080723
8080724
8080725
8080800
8080801
8080802
8080803
8080804
8080805
8080806
8080807
8080808
8080809
8080810
8080811
8080812
8080813
8080814
8080815
8080816
8080817
8080818
8080819
8080820
8080821
8080822
8080823
8080824
8080825
8080900
8080901
8080902
8080903
8080904
8080905
8080906
8080907
8080908
8080909
8080910
8080911
8080912
8080913
8080914
8080915
8080916
8080917
8080918
8080919
8080920
8080921
8080922
8080923
8080924
8080925
8081000
8081001
8081002
8081003
8081004
8081005
8081006
8081007
8081008
8081009
8081010
8081011
8081012
8081013
8081014
8081015
8081016
8081017
8081018
8081019
8081020
8081021
8081022
8081023
8081024
8081025
8081100
8081101
8081102
8081103
8081104
8081105
8081106
8081107
8081108
8081109
8081110
8081111
8081112
8081113
8081114
8081115
8081116
8081117
8081118
8081119
8081120
8081121
8081122
8081123
8081124
8081125
8081200
8081201
8081202
8081203
8081204
8081205
8081206
8081207
8081208
8081209
8081210
8081211
8081212
8081213
8081214
8081215
8081216
8081217
8081218
8081219
8081220
8081221
8081222
8081223
8081224
8081225
8100000
8100001
8100002
8100003
8100004
8100005
8100006
8100007
8100008
8100009
8100010
8100011
8100012
8100013
8100014
8100015
8100016
8100017
8100018
8100019
8100020
8100021
8100022
8100023
8100024
8100025
8500000
8500001
8500002
8500003
8500004
8500005
8500006
8500007
8500008
8500009
8500010
8500011
8500012
8500013
8500014
8500015
8500016
8500017
8500018
8500019
8500020
8500021
8500022
8500023
8500024
8500025
8510000
8510001
8510002
8510003
8510004
8510005
8510006
8510007
8510008
8510009
8510010
8510011
8510012
8510013
8510014
8510015
8510016
8510017
8510018
8510019
8510020
8510021
8510022
8510023
8510024
8510025
8510100
8510101
8510102
8510103
8510104
8510105
8510106
8510107
8510108
8510109
8510110
8510111
8510112
8510113
8510114
8510115
8510116
8510117
8510118
8510119
8510120
8510121
8510122
8510123
8510124
8510125
8510200
8510201
8510202
8510203
8510204
8510205
8510206
8510207
8510208
8510209
8510210
8510211
8510212
8510213
8510214
8510215
8510216
8510217
8510218
8510219
8510220
8510221
8510222
8510223
8510224
8510225
8510300
8510301
8510302
8510303
8510304
8510305
8510306
8510307
8510308
8510309
8510310
8510311
8510312
8510313
8510314
8510315
8510316
8510317
8510318
8510319
8510320
8510321
8510322
8510323
8510324
8510325
8510400
8510401
8510402
8510403
8510404
8510405
8510406
8510407
8510408
8510409
8510410
8510411
8510412
8510413
8510414
8510415
8510416
8510417
8510418
8510419
8510420
8510421
8510422
8510423
8510424
8510425
8510500
8510501
8510502
8510503
8510504
8510505
8510506
8510507
8510508
8510509
8510510
8510511
8510512
8510513
8510514
8510515
8510516
8510517
8510518
8510519
8510520
8510521
8510522
8510523
8510524
8510525
8510600
8510601
8510602
8510603
8510604
8510605
8510606
8510607
8510608
8510609
8510610
8510611
8510612
8510613
8510614
8510615
8510616
8510617
8510618
8510619
8510620
8510621
8510622
8510623
8510624
8510625
8510700
8510701
8510702
8510703
8510704
8510705
8510706
8510707
8510708
8510709
8510710
8510711
8510712
8510713
8510714
8510715
8510716
8510717
8510718
8510719
8510720
8510721
8510722
8510723
8510724
8510725
8510800
8510801
8510802
8510803
8510804
8510805
8510806
8510807
8510808
8510809
8510810
8510811
8510812
8510813
8510814
8510815
8510816
8510817
8510818
8510819
8510820
8510821
8510822
8510823
8510824
8510825
8510900
8510901
8510902
8510903
8510904
8510905
8510906
8510907
8510908
8510909
8510910
8510911
8510912
8510913
8510914
8510915
8510916
8510917
8510918
8510919
8510920
8510921
8510922
8510923
8510924
8510925
8511000
8511001
8511002
8511003
8511004
8511005
8511006
8511007
8511008
8511009
8511010
8511011
8511012
8511013
8511014
8511015
8511016
8511017
8511018
8511019
8511020
8511021
8511022
8511023
8511024
8511025
8511100
8511101
8511102
8511103
8511104
8511105
8511106
8511107
8511108
8511109
8511110
8511111
8511112
8511113
8511114
8511115
8511116
8511117
8511118
8511119
8511120
8511121
8511122
8511123
8511124
8511125
8511200
8511201
8511202
8511203
8511204
8511205
8511206
8511207
8511208
8511209
8511210
8511211
8511212
8511213
8511214
8511215
8511216
8511217
8511218
8511219
8511220
8511221
8511222
8511223
8511224
8511225
8520000
8520001
8520002
8520003
8520004
8520005
8520006
8520007
8520008
8520009
8520010
8520011
8520012
8520013
8520014
8520015
8520016
8520017
8520018
8520019
8520020
8520021
8520022
8520023
8520024
8520025
8690000
8690001
8690002
8690003
8690004
8690005
8690006
8690007
8690008
8690009
8690010
8690011
8690012
8690013
8690014
8690015
8690016
8690017
8690018
8690019
8690020
8690021
8690022
8690023
8690024
8690025
8900000
8900001
8900002
8900003
8900004
8900005
8900006
8900007
8900008
8900009
8900010
8900011
8900012
8900013
8900014
8900015
8900016
8900017
8900018
8900019
8900020
8900021
8900022
8900023
8900024
8900025
9000000
9000001
9000002
9000003
9000004
9000005
9000006
9000007
9000008
9000009
9000010
9000011
9000012
9000013
9000014
9000015
9000016
9000017
9000018
9000019
9000020
9000021
9000022
9000023
9000024
9000025
9000100
9000101
9000102
9000103
9000104
9000105
9000106
9000107
9000108
9000109
9000110
9000111
9000112
9000113
9000114
9000115
9000116
9000117
9000118
9000119
9000120
9000121
9000122
9000123
9000124
9000125
9000200
9000201
9000202
9000203
9000204
9000205
9000206
9000207
9000208
9000209
9000210
9000211
9000212
9000213
9000214
9000215
9000216
9000217
9000218
9000219
9000220
9000221
9000222
9000223
9000224
9000225
9000300
9000301
9000302
9000303
9000304
9000305
9000306
9000307
9000308
9000309
9000310
9000311
9000312
9000313
9000314
9000315
9000316
9000317
9000318
9000319
9000320
9000321
9000322
9000323
9000324
9000325
9000400
9000401
9000402
9000403
9000404
9000405
9000406
9000407
9000408
9000409
9000410
9000411
9000412
9000413
9000414
9000415
9000416
9000417
9000418
9000419
9000420
9000421
9000422
9000423
9000424
9000425
9000500
9000501
9000502
9000503
9000504
9000505
9000506
9000507
9000508
9000509
9000510
9000511
9000512
9000513
9000514
9000515
9000516
9000517
9000518
9000519
9000520
9000521
9000522
9000523
9000524
9000525
9000600
9000601
9000602
9000603
9000604
9000605
9000606
9000607
9000608
9000609
9000610
9000611
9000612
9000613
9000614
9000615
9000616
9000617
9000618
9000619
9000620
9000621
9000622
9000623
9000624
9000625
9000700
9000701
9000702
9000703
9000704
9000705
9000706
9000707
9000708
9000709
9000710
9000711
9000712
9000713
9000714
9000715
9000716
9000717
9000718
9000719
9000720
9000721
9000722
9000723
9000724
9000725
9000800
9000801
9000802
9000803
9000804
9000805
9000806
9000807
9000808
9000809
9000810
9000811
9000812
9000813
9000814
9000815
9000816
9000817
9000818
9000819
9000820
9000821
9000822
9000823
9000824
9000825
9000900
9000901
9000902
9000903
9000904
9000905
9000906
9000907
9000908
9000909
9000910
9000911
9000912
9000913
9000914
9000915
9000916
9000917
9000918
9000919
9000920
9000921
9000922
9000923
9000924
9000925
9001000
9001001
9001002
9001003
9001004
9001005
9001006
9001007
9001008
9001009
9001010
9001011
9001012
9001013
9001014
9001015
9001016
9001017
9001018
9001019
9001020
9001021
9001022
9001023
9001024
9001025
9001100
9001101
9001102
9001103
9001104
9001105
9001106
9001107
9001108
9001109
9001110
9001111
9001112
9001113
9001114
9001115
9001116
9001117
9001118
9001119
9001120
9001121
9001122
9001123
9001124
9001125
9001200
9001201
9001202
9001203
9001204
9001205
9001206
9001207
9001208
9001209
9001210
9001211
9001212
9001213
9001214
9001215
9001216
9001217
9001218
9001219
9001220
9001221
9001222
9001223
9001224
9001225
9010000
9010001
9010002
9010003
9010004
9010005
9010006
9010007
9010008
9010009
9010010
9010011
9010012
9010013
9010014
9010015
9010016
9010017
9010018
9010019
9010020
9010021
9010022
9010023
9010024
9010025
9010100
9010101
9010102
9010103
9010104
9010105
9010106
9010107
9010108
9010109
9010110
9010111
9010112
9010113
9010114
9010115
9010116
9010117
9010118
9010119
9010120
9010121
9010122
9010123
9010124
9010125
9010200
9010201
9010202
9010203
9010204
9010205
9010206
9010207
9010208
9010209
9010210
9010211
9010212
9010213
9010214
9010215
9010216
9010217
9010218
9010219
9010220
9010221
9010222
9010223
9010224
9010225
9010300
9010301
9010302
9010303
9010304
9010305
9010306
9010307
9010308
9010309
9010310
9010311
9010312
9010313
9010314
9010315
9010316
9010317
9010318
9010319
9010320
9010321
9010322
9010323
9010324
9010325
9010400
9010401
9010402
9010403
9010404
9010405
9010406
9010407
9010408
9010409
9010410
9010411
9010412
9010413
9010414
9010415
9010416
9010417
9010418
9010419
9010420
9010421
9010422
9010423
9010424
9010425
9010500
9010501
9010502
9010503
9010504
9010505
9010506
9010507
9010508
9010509
9010510
9010511
9010512
9010513
9010514
9010515
9010516
9010517
9010518
9010519
9010520
9010521
9010522
9010523
9010524
9010525
9010600
9010601
9010602
9010603
9010604
9010605
9010606
9010607
9010608
9010609
9010610
9010611
9010612
9010613
9010614
9010615
9010616
9010617
9010618
9010619
9010620
9010621
9010622
9010623
9010624
9010625
9010700
9010701
9010702
9010703
9010704
9010705
9010706
9010707
9010708
9010709
9010710
9010711
9010712
9010713
9010714
9010715
9010716
9010717
9010718
9010719
9010720
9010721
9010722
9010723
9010724
9010725
9010800
9010801
9010802
9010803
9010804
9010805
9010806
9010807
9010808
9010809
9010810
9010811
9010812
9010813
9010814
9010815
9010816
9010817
9010818
9010819
9010820
9010821
9010822
9010823
9010824
9010825
9010900
9010901
9010902
9010903
9010904
9010905
9010906
9010907
9010908
9010909
9010910
9010911
9010912
9010913
9010914
9010915
9010916
9010917
9010918
9010919
9010920
9010921
9010922
9010923
9010924
9010925
9011000
9011001
9011002
9011003
9011004
9011005
9011006
9011007
9011008
9011009
9011010
9011011
9011012
9011013
9011014
9011015
9011016
9011017
9011018
9011019
9011020
9011021
9011022
9011023
9011024
9011025
9011100
9011101
9011102
9011103
9011104
9011105
9011106
9011107
9011108
9011109
9011110
9011111
9011112
9011113
9011114
9011115
9011116
9011117
9011118
9011119
9011120
9011121
9011122
9011123
9011124
9011125
9011200
9011201
9011202
9011203
9011204
9011205
9011206
9011207
9011208
9011209
9011210
9011211
9011212
9011213
9011214
9011215
9011216
9011217
9011218
9011219
9011220
9011221
9011222
9011223
9011224
9011225
9020000
9020001
9020002
9020003
9020004
9020005
9020006
9020007
9020008
9020009
9020010
9020011
9020012
9020013
9020014
9020015
9020016
9020017
9020018
9020019
9020020
9020021
9020022
9020023
9020024
9020025
9030000
9030001
9030002
9030003
9030004
9030005
9030006
9030007
9030008
9030009
9030010
9030011
9030012
9030013
9030014
9030015
9030016
9030017
9030018
9030019
9030020
9030021
9030022
9030023
9030024
9030025
9040000
9040001
9040002
9040003
9040004
9040005
9040006
9040007
9040008
9040009
9040010
9040011
9040012
9040013
9040014
9040015
9040016
9040017
9040018
9040019
9040020
9040021
9040022
9040023
9040024
9040025
9060000
9060001
9060002
9060003
9060004
9060005
9060006
9060007
9060008
9060009
9060010
9060011
9060012
9060013
9060014
9060015
9060016
9060017
9060018
9060019
9060020
9060021
9060022
9060023
9060024
9060025
9070000
9070001
9070002
9070003
9070004
9070005
9070006
9070007
9070008
9070009
9070010
9070011
9070012
9070013
9070014
9070015
9070016
9070017
9070018
9070019
9070020
9070021
9070022
9070023
9070024
9070025
9080000
9080001
9080002
9080003
9080004
9080005
9080006
9080007
9080008
9080009
9080010
9080011
9080012
9080013
9080014
9080015
9080016
9080017
9080018
9080019
9080020
9080021
9080022
9080023
9080024
9080025
9080100
9080101
9080102
9080103
9080104
9080105
9080106
9080107
9080108
9080109
9080110
9080111
9080112
9080113
9080114
9080115
9080116
9080117
9080118
9080119
9080120
9080121
9080122
9080123
9080124
9080125
9080200
9080201
9080202
9080203
9080204
9080205
9080206
9080207
9080208
9080209
9080210
9080211
9080212
9080213
9080214
9080215
9080216
9080217
9080218
9080219
9080220
9080221
9080222
9080223
9080224
9080225
9080300
9080301
9080302
9080303
9080304
9080305
9080306
9080307
9080308
9080309
9080310
9080311
9080312
9080313
9080314
9080315
9080316
9080317
9080318
9080319
9080320
9080321
9080322
9080323
9080324
9080325
9080400
9080401
9080402
9080403
9080404
9080405
9080406
9080407
9080408
9080409
9080410
9080411
9080412
9080413
9080414
9080415
9080416
9080417
9080418
9080419
9080420
9080421
9080422
9080423
9080424
9080425
9080500
9080501
9080502
9080503
9080504
9080505
9080506
9080507
9080508
9080509
9080510
9080511
9080512
9080513
9080514
9080515
9080516
9080517
9080518
9080519
9080520
9080521
9080522
9080523
9080524
9080525
9080600
9080601
9080602
9080603
9080604
9080605
9080606
9080607
9080608
9080609
9080610
9080611
9080612
9080613
9080614
9080615
9080616
9080617
9080618
9080619
9080620
9080621
9080622
9080623
9080624
9080625
9080700
9080701
9080702
9080703
9080704
9080705
9080706
9080707
9080708
9080709
9080710
9080711
9080712
9080713
9080714
9080715
9080716
9080717
9080718
9080719
9080720
9080721
9080722
9080723
9080724
9080725
9080800
9080801
9080802
9080803
9080804
9080805
9080806
9080807
9080808
9080809
9080810
9080811
9080812
9080813
9080814
9080815
9080816
9080817
9080818
9080819
9080820
9080821
9080822
9080823
9080824
9080825
9080900
9080901
9080902
9080903
9080904
9080905
9080906
9080907
9080908
9080909
9080910
9080911
9080912
9080913
9080914
9080915
9080916
9080917
9080918
9080919
9080920
9080921
9080922
9080923
9080924
9080925
9081000
9081001
9081002
9081003
9081004
9081005
9081006
9081007
9081008
9081009
9081010
9081011
9081012
9081013
9081014
9081015
9081016
9081017
9081018
9081019
9081020
9081021
9081022
9081023
9081024
9081025
9081100
9081101
9081102
9081103
9081104
9081105
9081106
9081107
9081108
9081109
9081110
9081111
9081112
9081113
9081114
9081115
9081116
9081117
9081118
9081119
9081120
9081121
9081122
9081123
9081124
9081125
9081200
9081201
9081202
9081203
9081204
9081205
9081206
9081207
9081208
9081209
9081210
9081211
9081212
9081213
9081214
9081215
9081216
9081217
9081218
9081219
9081220
9081221
9081222
9081223
9081224
9081225
9500000
9500001
9500002
9500003
9500004
9500005
9500006
9500007
9500008
9500009
9500010
9500011
9500012
9500013
9500014
9500015
9500016
9500017
9500018
9500019
9500020
9500021
9500022
9500023
9500024
9500025
9680000
9680001
9680002
9680003
9680004
9680005
9680006
9680007
9680008
9680009
9680010
9680011
9680012
9680013
9680014
9680015
9680016
9680017
9680018
9680019
9680020
9680021
9680022
9680023
9680024
9680025
9690000
9690001
9690002
9690003
9690004
9690005
9690006
9690007
9690008
9690009
9690010
9690011
9690012
9690013
9690014
9690015
9690016
9690017
9690018
9690019
9690020
9690021
9690022
9690023
9690024
9690025
9900000
9900001
9900002
9900003
9900004
9900005
9900006
9900007
9900008
9900009
9900010
9900011
9900012
9900013
9900014
9900015
9900016
9900017
9900018
9900019
9900020
9900021
9900022
9900023
9900024
9900025
9910000
9910001
9910002
9910003
9910004
9910005
9910006
9910007
9910008
9910009
9910010
9910011
9910012
9910013
9910014
9910015
9910016
9910017
9910018
9910019
9910020
9910021
9910022
9910023
9910024
9910025
9911000
9911001
9911002
9911003
9911004
9911005
9911006
9911007
9911008
9911009
9911010
9911011
9911012
9911013
9911014
9911015
9911016
9911017
9911018
9911019
9911020
9911021
9911022
9911023
9911024
9911025
9920000
9920001
9920002
9920003
9920004
9920005
9920006
9920007
9920008
9920009
9920010
9920011
9920012
9920013
9920014
9920015
9920016
9920017
9920018
9920019
9920020
9920021
9920022
9920023
9920024
9920025
9930000
9930001
9930002
9930003
9930004
9930005
9930006
9930007
9930008
9930009
9930010
9930011
9930012
9930013
9930014
9930015
9930016
9930017
9930018
9930019
9930020
9930021
9930022
9930023
9930024
9930025
10000000
10000001
10000002
10000003
10000004
10000005
10000006
10000007
10000008
10000009
10000010
10000011
10000012
10000013
10000014
10000015
10000016
10000017
10000018
10000019
10000020
10000021
10000022
10000023
10000024
10000025
10000100
10000101
10000102
10000103
10000104
10000105
10000106
10000107
10000108
10000109
10000110
10000111
10000112
10000113
10000114
10000115
10000116
10000117
10000118
10000119
10000120
10000121
10000122
10000123
10000124
10000125
10000200
10000201
10000202
10000203
10000204
10000205
10000206
10000207
10000208
10000209
10000210
10000211
10000212
10000213
10000214
10000215
10000216
10000217
10000218
10000219
10000220
10000221
10000222
10000223
10000224
10000225
10000300
10000301
10000302
10000303
10000304
10000305
10000306
10000307
10000308
10000309
10000310
10000311
10000312
10000313
10000314
10000315
10000316
10000317
10000318
10000319
10000320
10000321
10000322
10000323
10000324
10000325
10000400
10000401
10000402
10000403
10000404
10000405
10000406
10000407
10000408
10000409
10000410
10000411
10000412
10000413
10000414
10000415
10000416
10000417
10000418
10000419
10000420
10000421
10000422
10000423
10000424
10000425
10000500
10000501
10000502
10000503
10000504
10000505
10000506
10000507
10000508
10000509
10000510
10000511
10000512
10000513
10000514
10000515
10000516
10000517
10000518
10000519
10000520
10000521
10000522
10000523
10000524
10000525
10000600
10000601
10000602
10000603
10000604
10000605
10000606
10000607
10000608
10000609
10000610
10000611
10000612
10000613
10000614
10000615
10000616
10000617
10000618
10000619
10000620
10000621
10000622
10000623
10000624
10000625
10000700
10000701
10000702
10000703
10000704
10000705
10000706
10000707
10000708
10000709
10000710
10000711
10000712
10000713
10000714
10000715
10000716
10000717
10000718
10000719
10000720
10000721
10000722
10000723
10000724
10000725
10000800
10000801
10000802
10000803
10000804
10000805
10000806
10000807
10000808
10000809
10000810
10000811
10000812
10000813
10000814
10000815
10000816
10000817
10000818
10000819
10000820
10000821
10000822
10000823
10000824
10000825
10000900
10000901
10000902
10000903
10000904
10000905
10000906
10000907
10000908
10000909
10000910
10000911
10000912
10000913
10000914
10000915
10000916
10000917
10000918
10000919
10000920
10000921
10000922
10000923
10000924
10000925
10001000
10001001
10001002
10001003
10001004
10001005
10001006
10001007
10001008
10001009
10001010
10001011
10001012
10001013
10001014
10001015
10001016
10001017
10001018
10001019
10001020
10001021
10001022
10001023
10001024
10001025
10001100
10001101
10001102
10001103
10001104
10001105
10001106
10001107
10001108
10001109
10001110
10001111
10001112
10001113
10001114
10001115
10001116
10001117
10001118
10001119
10001120
10001121
10001122
10001123
10001124
10001125
10001200
10001201
10001202
10001203
10001204
10001205
10001206
10001207
10001208
10001209
10001210
10001211
10001212
10001213
10001214
10001215
10001216
10001217
10001218
10001219
10001220
10001221
10001222
10001223
10001224
10001225
10010000
10010001
10010002
10010003
10010004
10010005
10010006
10010007
10010008
10010009
10010010
10010011
10010012
10010013
10010014
10010015
10010016
10010017
10010018
10010019
10010020
10010021
10010022
10010023
10010024
10010025
10010100
10010101
10010102
10010103
10010104
10010105
10010106
10010107
10010108
10010109
10010110
10010111
10010112
10010113
10010114
10010115
10010116
10010117
10010118
10010119
10010120
10010121
10010122
10010123
10010124
10010125
10010200
10010201
10010202
10010203
10010204
10010205
10010206
10010207
10010208
10010209
10010210
10010211
10010212
10010213
10010214
10010215
10010216
10010217
10010218
10010219
10010220
10010221
10010222
10010223
10010224
10010225
10010300
10010301
10010302
10010303
10010304
10010305
10010306
10010307
10010308
10010309
10010310
10010311
10010312
10010313
10010314
10010315
10010316
10010317
10010318
10010319
10010320
10010321
10010322
10010323
10010324
10010325
10010400
10010401
10010402
10010403
10010404
10010405
10010406
10010407
10010408
10010409
10010410
10010411
10010412
10010413
10010414
10010415
10010416
10010417
10010418
10010419
10010420
10010421
10010422
10010423
10010424
10010425
10010500
10010501
10010502
10010503
10010504
10010505
10010506
10010507
10010508
10010509
10010510
10010511
10010512
10010513
10010514
10010515
10010516
10010517
10010518
10010519
10010520
10010521
10010522
10010523
10010524
10010525
10010600
10010601
10010602
10010603
10010604
10010605
10010606
10010607
10010608
10010609
10010610
10010611
10010612
10010613
10010614
10010615
10010616
10010617
10010618
10010619
10010620
10010621
10010622
10010623
10010624
10010625
10010700
10010701
10010702
10010703
10010704
10010705
10010706
10010707
10010708
10010709
10010710
10010711
10010712
10010713
10010714
10010715
10010716
10010717
10010718
10010719
10010720
10010721
10010722
10010723
10010724
10010725
10010800
10010801
10010802
10010803
10010804
10010805
10010806
10010807
10010808
10010809
10010810
10010811
10010812
10010813
10010814
10010815
10010816
10010817
10010818
10010819
10010820
10010821
10010822
10010823
10010824
10010825
10010900
10010901
10010902
10010903
10010904
10010905
10010906
10010907
10010908
10010909
10010910
10010911
10010912
10010913
10010914
10010915
10010916
10010917
10010918
10010919
10010920
10010921
10010922
10010923
10010924
10010925
10011000
10011001
10011002
10011003
10011004
10011005
10011006
10011007
10011008
10011009
10011010
10011011
10011012
10011013
10011014
10011015
10011016
10011017
10011018
10011019
10011020
10011021
10011022
10011023
10011024
10011025
10011100
10011101
10011102
10011103
10011104
10011105
10011106
10011107
10011108
10011109
10011110
10011111
10011112
10011113
10011114
10011115
10011116
10011117
10011118
10011119
10011120
10011121
10011122
10011123
10011124
10011125
10011200
10011201
10011202
10011203
10011204
10011205
10011206
10011207
10011208
10011209
10011210
10011211
10011212
10011213
10011214
10011215
10011216
10011217
10011218
10011219
10011220
10011221
10011222
10011223
10011224
10011225
10030000
10030001
10030002
10030003
10030004
10030005
10030006
10030007
10030008
10030009
10030010
10030011
10030012
10030013
10030014
10030015
10030016
10030017
10030018
10030019
10030020
10030021
10030022
10030023
10030024
10030025
10030100
10030101
10030102
10030103
10030104
10030105
10030106
10030107
10030108
10030109
10030110
10030111
10030112
10030113
10030114
10030115
10030116
10030117
10030118
10030119
10030120
10030121
10030122
10030123
10030124
10030125
10030200
10030201
10030202
10030203
10030204
10030205
10030206
10030207
10030208
10030209
10030210
10030211
10030212
10030213
10030214
10030215
10030216
10030217
10030218
10030219
10030220
10030221
10030222
10030223
10030224
10030225
10030300
10030301
10030302
10030303
10030304
10030305
10030306
10030307
10030308
10030309
10030310
10030311
10030312
10030313
10030314
10030315
10030316
10030317
10030318
10030319
10030320
10030321
10030322
10030323
10030324
10030325
10030400
10030401
10030402
10030403
10030404
10030405
10030406
10030407
10030408
10030409
10030410
10030411
10030412
10030413
10030414
10030415
10030416
10030417
10030418
10030419
10030420
10030421
10030422
10030423
10030424
10030425
10030500
10030501
10030502
10030503
10030504
10030505
10030506
10030507
10030508
10030509
10030510
10030511
10030512
10030513
10030514
10030515
10030516
10030517
10030518
10030519
10030520
10030521
10030522
10030523
10030524
10030525
10030600
10030601
10030602
10030603
10030604
10030605
10030606
10030607
10030608
10030609
10030610
10030611
10030612
10030613
10030614
10030615
10030616
10030617
10030618
10030619
10030620
10030621
10030622
10030623
10030624
10030625
10030700
10030701
10030702
10030703
10030704
10030705
10030706
10030707
10030708
10030709
10030710
10030711
10030712
10030713
10030714
10030715
10030716
10030717
10030718
10030719
10030720
10030721
10030722
10030723
10030724
10030725
10030800
10030801
10030802
10030803
10030804
10030805
10030806
10030807
10030808
10030809
10030810
10030811
10030812
10030813
10030814
10030815
10030816
10030817
10030818
10030819
10030820
10030821
10030822
10030823
10030824
10030825
10030900
10030901
10030902
10030903
10030904
10030905
10030906
10030907
10030908
10030909
10030910
10030911
10030912
10030913
10030914
10030915
10030916
10030917
10030918
10030919
10030920
10030921
10030922
10030923
10030924
10030925
10031000
10031001
10031002
10031003
10031004
10031005
10031006
10031007
10031008
10031009
10031010
10031011
10031012
10031013
10031014
10031015
10031016
10031017
10031018
10031019
10031020
10031021
10031022
10031023
10031024
10031025
10031100
10031101
10031102
10031103
10031104
10031105
10031106
10031107
10031108
10031109
10031110
10031111
10031112
10031113
10031114
10031115
10031116
10031117
10031118
10031119
10031120
10031121
10031122
10031123
10031124
10031125
10031200
10031201
10031202
10031203
10031204
10031205
10031206
10031207
10031208
10031209
10031210
10031211
10031212
10031213
10031214
10031215
10031216
10031217
10031218
10031219
10031220
10031221
10031222
10031223
10031224
10031225
10050000
10050001
10050002
10050003
10050004
10050005
10050006
10050007
10050008
10050009
10050010
10050011
10050012
10050013
10050014
10050015
10050016
10050017
10050018
10050019
10050020
10050021
10050022
10050023
10050024
10050025
10080000
10080001
10080002
10080003
10080004
10080005
10080006
10080007
10080008
10080009
10080010
10080011
10080012
10080013
10080014
10080015
10080016
10080017
10080018
10080019
10080020
10080021
10080022
10080023
10080024
10080025
10080100
10080101
10080102
10080103
10080104
10080105
10080106
10080107
10080108
10080109
10080110
10080111
10080112
10080113
10080114
10080115
10080116
10080117
10080118
10080119
10080120
10080121
10080122
10080123
10080124
10080125
10080200
10080201
10080202
10080203
10080204
10080205
10080206
10080207
10080208
10080209
10080210
10080211
10080212
10080213
10080214
10080215
10080216
10080217
10080218
10080219
10080220
10080221
10080222
10080223
10080224
10080225
10080300
10080301
10080302
10080303
10080304
10080305
10080306
10080307
10080308
10080309
10080310
10080311
10080312
10080313
10080314
10080315
10080316
10080317
10080318
10080319
10080320
10080321
10080322
10080323
10080324
10080325
10080400
10080401
10080402
10080403
10080404
10080405
10080406
10080407
10080408
10080409
10080410
10080411
10080412
10080413
10080414
10080415
10080416
10080417
10080418
10080419
10080420
10080421
10080422
10080423
10080424
10080425
10080500
10080501
10080502
10080503
10080504
10080505
10080506
10080507
10080508
10080509
10080510
10080511
10080512
10080513
10080514
10080515
10080516
10080517
10080518
10080519
10080520
10080521
10080522
10080523
10080524
10080525
10080600
10080601
10080602
10080603
10080604
10080605
10080606
10080607
10080608
10080609
10080610
10080611
10080612
10080613
10080614
10080615
10080616
10080617
10080618
10080619
10080620
10080621
10080622
10080623
10080624
10080625
10080700
10080701
10080702
10080703
10080704
10080705
10080706
10080707
10080708
10080709
10080710
10080711
10080712
10080713
10080714
10080715
10080716
10080717
10080718
10080719
10080720
10080721
10080722
10080723
10080724
10080725
10080800
10080801
10080802
10080803
10080804
10080805
10080806
10080807
10080808
10080809
10080810
10080811
10080812
10080813
10080814
10080815
10080816
10080817
10080818
10080819
10080820
10080821
10080822
10080823
10080824
10080825
10080900
10080901
10080902
10080903
10080904
10080905
10080906
10080907
10080908
10080909
10080910
10080911
10080912
10080913
10080914
10080915
10080916
10080917
10080918
10080919
10080920
10080921
10080922
10080923
10080924
10080925
10081000
10081001
10081002
10081003
10081004
10081005
10081006
10081007
10081008
10081009
10081010
10081011
10081012
10081013
10081014
10081015
10081016
10081017
10081018
10081019
10081020
10081021
10081022
10081023
10081024
10081025
10081100
10081101
10081102
10081103
10081104
10081105
10081106
10081107
10081108
10081109
10081110
10081111
10081112
10081113
10081114
10081115
10081116
10081117
10081118
10081119
10081120
10081121
10081122
10081123
10081124
10081125
10081200
10081201
10081202
10081203
10081204
10081205
10081206
10081207
10081208
10081209
10081210
10081211
10081212
10081213
10081214
10081215
10081216
10081217
10081218
10081219
10081220
10081221
10081222
10081223
10081224
10081225
10090000
10090001
10090002
10090003
10090004
10090005
10090006
10090007
10090008
10090009
10090010
10090011
10090012
10090013
10090014
10090015
10090016
10090017
10090018
10090019
10090020
10090021
10090022
10090023
10090024
10090025
10500000
10500001
10500002
10500003
10500004
10500005
10500006
10500007
10500008
10500009
10500010
10500011
10500012
10500013
10500014
10500015
10500016
10500017
10500018
10500019
10500020
10500021
10500022
10500023
10500024
10500025
10510000
10510001
10510002
10510003
10510004
10510005
10510006
10510007
10510008
10510009
10510010
10510011
10510012
10510013
10510014
10510015
10510016
10510017
10510018
10510019
10510020
10510021
10510022
10510023
10510024
10510025
10510100
10510101
10510102
10510103
10510104
10510105
10510106
10510107
10510108
10510109
10510110
10510111
10510112
10510113
10510114
10510115
10510116
10510117
10510118
10510119
10510120
10510121
10510122
10510123
10510124
10510125
10510200
10510201
10510202
10510203
10510204
10510205
10510206
10510207
10510208
10510209
10510210
10510211
10510212
10510213
10510214
10510215
10510216
10510217
10510218
10510219
10510220
10510221
10510222
10510223
10510224
10510225
10510300
10510301
10510302
10510303
10510304
10510305
10510306
10510307
10510308
10510309
10510310
10510311
10510312
10510313
10510314
10510315
10510316
10510317
10510318
10510319
10510320
10510321
10510322
10510323
10510324
10510325
10510400
10510401
10510402
10510403
10510404
10510405
10510406
10510407
10510408
10510409
10510410
10510411
10510412
10510413
10510414
10510415
10510416
10510417
10510418
10510419
10510420
10510421
10510422
10510423
10510424
10510425
10510500
10510501
10510502
10510503
10510504
10510505
10510506
10510507
10510508
10510509
10510510
10510511
10510512
10510513
10510514
10510515
10510516
10510517
10510518
10510519
10510520
10510521
10510522
10510523
10510524
10510525
10510600
10510601
10510602
10510603
10510604
10510605
10510606
10510607
10510608
10510609
10510610
10510611
10510612
10510613
10510614
10510615
10510616
10510617
10510618
10510619
10510620
10510621
10510622
10510623
10510624
10510625
10510700
10510701
10510702
10510703
10510704
10510705
10510706
10510707
10510708
10510709
10510710
10510711
10510712
10510713
10510714
10510715
10510716
10510717
10510718
10510719
10510720
10510721
10510722
10510723
10510724
10510725
10510800
10510801
10510802
10510803
10510804
10510805
10510806
10510807
10510808
10510809
10510810
10510811
10510812
10510813
10510814
10510815
10510816
10510817
10510818
10510819
10510820
10510821
10510822
10510823
10510824
10510825
10510900
10510901
10510902
10510903
10510904
10510905
10510906
10510907
10510908
10510909
10510910
10510911
10510912
10510913
10510914
10510915
10510916
10510917
10510918
10510919
10510920
10510921
10510922
10510923
10510924
10510925
10511000
10511001
10511002
10511003
10511004
10511005
10511006
10511007
10511008
10511009
10511010
10511011
10511012
10511013
10511014
10511015
10511016
10511017
10511018
10511019
10511020
10511021
10511022
10511023
10511024
10511025
10511100
10511101
10511102
10511103
10511104
10511105
10511106
10511107
10511108
10511109
10511110
10511111
10511112
10511113
10511114
10511115
10511116
10511117
10511118
10511119
10511120
10511121
10511122
10511123
10511124
10511125
10511200
10511201
10511202
10511203
10511204
10511205
10511206
10511207
10511208
10511209
10511210
10511211
10511212
10511213
10511214
10511215
10511216
10511217
10511218
10511219
10511220
10511221
10511222
10511223
10511224
10511225
11000000
11000001
11000002
11000003
11000004
11000005
11000006
11000007
11000008
11000009
11000010
11000011
11000012
11000013
11000014
11000015
11000016
11000017
11000018
11000019
11000020
11000021
11000022
11000023
11000024
11000025
11000100
11000101
11000102
11000103
11000104
11000105
11000106
11000107
11000108
11000109
11000110
11000111
11000112
11000113
11000114
11000115
11000116
11000117
11000118
11000119
11000120
11000121
11000122
11000123
11000124
11000125
11000200
11000201
11000202
11000203
11000204
11000205
11000206
11000207
11000208
11000209
11000210
11000211
11000212
11000213
11000214
11000215
11000216
11000217
11000218
11000219
11000220
11000221
11000222
11000223
11000224
11000225
11000300
11000301
11000302
11000303
11000304
11000305
11000306
11000307
11000308
11000309
11000310
11000311
11000312
11000313
11000314
11000315
11000316
11000317
11000318
11000319
11000320
11000321
11000322
11000323
11000324
11000325
11000400
11000401
11000402
11000403
11000404
11000405
11000406
11000407
11000408
11000409
11000410
11000411
11000412
11000413
11000414
11000415
11000416
11000417
11000418
11000419
11000420
11000421
11000422
11000423
11000424
11000425
11000500
11000501
11000502
11000503
11000504
11000505
11000506
11000507
11000508
11000509
11000510
11000511
11000512
11000513
11000514
11000515
11000516
11000517
11000518
11000519
11000520
11000521
11000522
11000523
11000524
11000525
11000600
11000601
11000602
11000603
11000604
11000605
11000606
11000607
11000608
11000609
11000610
11000611
11000612
11000613
11000614
11000615
11000616
11000617
11000618
11000619
11000620
11000621
11000622
11000623
11000624
11000625
11000700
11000701
11000702
11000703
11000704
11000705
11000706
11000707
11000708
11000709
11000710
11000711
11000712
11000713
11000714
11000715
11000716
11000717
11000718
11000719
11000720
11000721
11000722
11000723
11000724
11000725
11000800
11000801
11000802
11000803
11000804
11000805
11000806
11000807
11000808
11000809
11000810
11000811
11000812
11000813
11000814
11000815
11000816
11000817
11000818
11000819
11000820
11000821
11000822
11000823
11000824
11000825
11000900
11000901
11000902
11000903
11000904
11000905
11000906
11000907
11000908
11000909
11000910
11000911
11000912
11000913
11000914
11000915
11000916
11000917
11000918
11000919
11000920
11000921
11000922
11000923
11000924
11000925
11001000
11001001
11001002
11001003
11001004
11001005
11001006
11001007
11001008
11001009
11001010
11001011
11001012
11001013
11001014
11001015
11001016
11001017
11001018
11001019
11001020
11001021
11001022
11001023
11001024
11001025
11001100
11001101
11001102
11001103
11001104
11001105
11001106
11001107
11001108
11001109
11001110
11001111
11001112
11001113
11001114
11001115
11001116
11001117
11001118
11001119
11001120
11001121
11001122
11001123
11001124
11001125
11001200
11001201
11001202
11001203
11001204
11001205
11001206
11001207
11001208
11001209
11001210
11001211
11001212
11001213
11001214
11001215
11001216
11001217
11001218
11001219
11001220
11001221
11001222
11001223
11001224
11001225
11010000
11010001
11010002
11010003
11010004
11010005
11010006
11010007
11010008
11010009
11010010
11010011
11010012
11010013
11010014
11010015
11010016
11010017
11010018
11010019
11010020
11010021
11010022
11010023
11010024
11010025
11010100
11010101
11010102
11010103
11010104
11010105
11010106
11010107
11010108
11010109
11010110
11010111
11010112
11010113
11010114
11010115
11010116
11010117
11010118
11010119
11010120
11010121
11010122
11010123
11010124
11010125
11010200
11010201
11010202
11010203
11010204
11010205
11010206
11010207
11010208
11010209
11010210
11010211
11010212
11010213
11010214
11010215
11010216
11010217
11010218
11010219
11010220
11010221
11010222
11010223
11010224
11010225
11010300
11010301
11010302
11010303
11010304
11010305
11010306
11010307
11010308
11010309
11010310
11010311
11010312
11010313
11010314
11010315
11010316
11010317
11010318
11010319
11010320
11010321
11010322
11010323
11010324
11010325
11010400
11010401
11010402
11010403
11010404
11010405
11010406
11010407
11010408
11010409
11010410
11010411
11010412
11010413
11010414
11010415
11010416
11010417
11010418
11010419
11010420
11010421
11010422
11010423
11010424
11010425
11010500
11010501
11010502
11010503
11010504
11010505
11010506
11010507
11010508
11010509
11010510
11010511
11010512
11010513
11010514
11010515
11010516
11010517
11010518
11010519
11010520
11010521
11010522
11010523
11010524
11010525
11010600
11010601
11010602
11010603
11010604
11010605
11010606
11010607
11010608
11010609
11010610
11010611
11010612
11010613
11010614
11010615
11010616
11010617
11010618
11010619
11010620
11010621
11010622
11010623
11010624
11010625
11010700
11010701
11010702
11010703
11010704
11010705
11010706
11010707
11010708
11010709
11010710
11010711
11010712
11010713
11010714
11010715
11010716
11010717
11010718
11010719
11010720
11010721
11010722
11010723
11010724
11010725
11010800
11010801
11010802
11010803
11010804
11010805
11010806
11010807
11010808
11010809
11010810
11010811
11010812
11010813
11010814
11010815
11010816
11010817
11010818
11010819
11010820
11010821
11010822
11010823
11010824
11010825
11010900
11010901
11010902
11010903
11010904
11010905
11010906
11010907
11010908
11010909
11010910
11010911
11010912
11010913
11010914
11010915
11010916
11010917
11010918
11010919
11010920
11010921
11010922
11010923
11010924
11010925
11011000
11011001
11011002
11011003
11011004
11011005
11011006
11011007
11011008
11011009
11011010
11011011
11011012
11011013
11011014
11011015
11011016
11011017
11011018
11011019
11011020
11011021
11011022
11011023
11011024
11011025
11011100
11011101
11011102
11011103
11011104
11011105
11011106
11011107
11011108
11011109
11011110
11011111
11011112
11011113
11011114
11011115
11011116
11011117
11011118
11011119
11011120
11011121
11011122
11011123
11011124
11011125
11011200
11011201
11011202
11011203
11011204
11011205
11011206
11011207
11011208
11011209
11011210
11011211
11011212
11011213
11011214
11011215
11011216
11011217
11011218
11011219
11011220
11011221
11011222
11011223
11011224
11011225
11030000
11030001
11030002
11030003
11030004
11030005
11030006
11030007
11030008
11030009
11030010
11030011
11030012
11030013
11030014
11030015
11030016
11030017
11030018
11030019
11030020
11030021
11030022
11030023
11030024
11030025
11030100
11030101
11030102
11030103
11030104
11030105
11030106
11030107
11030108
11030109
11030110
11030111
11030112
11030113
11030114
11030115
11030116
11030117
11030118
11030119
11030120
11030121
11030122
11030123
11030124
11030125
11030200
11030201
11030202
11030203
11030204
11030205
11030206
11030207
11030208
11030209
11030210
11030211
11030212
11030213
11030214
11030215
11030216
11030217
11030218
11030219
11030220
11030221
11030222
11030223
11030224
11030225
11030300
11030301
11030302
11030303
11030304
11030305
11030306
11030307
11030308
11030309
11030310
11030311
11030312
11030313
11030314
11030315
11030316
11030317
11030318
11030319
11030320
11030321
11030322
11030323
11030324
11030325
11030400
11030401
11030402
11030403
11030404
11030405
11030406
11030407
11030408
11030409
11030410
11030411
11030412
11030413
11030414
11030415
11030416
11030417
11030418
11030419
11030420
11030421
11030422
11030423
11030424
11030425
11030500
11030501
11030502
11030503
11030504
11030505
11030506
11030507
11030508
11030509
11030510
11030511
11030512
11030513
11030514
11030515
11030516
11030517
11030518
11030519
11030520
11030521
11030522
11030523
11030524
11030525
11030600
11030601
11030602
11030603
11030604
11030605
11030606
11030607
11030608
11030609
11030610
11030611
11030612
11030613
11030614
11030615
11030616
11030617
11030618
11030619
11030620
11030621
11030622
11030623
11030624
11030625
11030700
11030701
11030702
11030703
11030704
11030705
11030706
11030707
11030708
11030709
11030710
11030711
11030712
11030713
11030714
11030715
11030716
11030717
11030718
11030719
11030720
11030721
11030722
11030723
11030724
11030725
11030800
11030801
11030802
11030803
11030804
11030805
11030806
11030807
11030808
11030809
11030810
11030811
11030812
11030813
11030814
11030815
11030816
11030817
11030818
11030819
11030820
11030821
11030822
11030823
11030824
11030825
11030900
11030901
11030902
11030903
11030904
11030905
11030906
11030907
11030908
11030909
11030910
11030911
11030912
11030913
11030914
11030915
11030916
11030917
11030918
11030919
11030920
11030921
11030922
11030923
11030924
11030925
11031000
11031001
11031002
11031003
11031004
11031005
11031006
11031007
11031008
11031009
11031010
11031011
11031012
11031013
11031014
11031015
11031016
11031017
11031018
11031019
11031020
11031021
11031022
11031023
11031024
11031025
11031100
11031101
11031102
11031103
11031104
11031105
11031106
11031107
11031108
11031109
11031110
11031111
11031112
11031113
11031114
11031115
11031116
11031117
11031118
11031119
11031120
11031121
11031122
11031123
11031124
11031125
11031200
11031201
11031202
11031203
11031204
11031205
11031206
11031207
11031208
11031209
11031210
11031211
11031212
11031213
11031214
11031215
11031216
11031217
11031218
11031219
11031220
11031221
11031222
11031223
11031224
11031225
11040000
11040001
11040002
11040003
11040004
11040005
11040006
11040007
11040008
11040009
11040010
11040011
11040012
11040013
11040014
11040015
11040016
11040017
11040018
11040019
11040020
11040021
11040022
11040023
11040024
11040025
11040100
11040101
11040102
11040103
11040104
11040105
11040106
11040107
11040108
11040109
11040110
11040111
11040112
11040113
11040114
11040115
11040116
11040117
11040118
11040119
11040120
11040121
11040122
11040123
11040124
11040125
11040200
11040201
11040202
11040203
11040204
11040205
11040206
11040207
11040208
11040209
11040210
11040211
11040212
11040213
11040214
11040215
11040216
11040217
11040218
11040219
11040220
11040221
11040222
11040223
11040224
11040225
11040300
11040301
11040302
11040303
11040304
11040305
11040306
11040307
11040308
11040309
11040310
11040311
11040312
11040313
11040314
11040315
11040316
11040317
11040318
11040319
11040320
11040321
11040322
11040323
11040324
11040325
11040400
11040401
11040402
11040403
11040404
11040405
11040406
11040407
11040408
11040409
11040410
11040411
11040412
11040413
11040414
11040415
11040416
11040417
11040418
11040419
11040420
11040421
11040422
11040423
11040424
11040425
11040500
11040501
11040502
11040503
11040504
11040505
11040506
11040507
11040508
11040509
11040510
11040511
11040512
11040513
11040514
11040515
11040516
11040517
11040518
11040519
11040520
11040521
11040522
11040523
11040524
11040525
11040600
11040601
11040602
11040603
11040604
11040605
11040606
11040607
11040608
11040609
11040610
11040611
11040612
11040613
11040614
11040615
11040616
11040617
11040618
11040619
11040620
11040621
11040622
11040623
11040624
11040625
11040700
11040701
11040702
11040703
11040704
11040705
11040706
11040707
11040708
11040709
11040710
11040711
11040712
11040713
11040714
11040715
11040716
11040717
11040718
11040719
11040720
11040721
11040722
11040723
11040724
11040725
11040800
11040801
11040802
11040803
11040804
11040805
11040806
11040807
11040808
11040809
11040810
11040811
11040812
11040813
11040814
11040815
11040816
11040817
11040818
11040819
11040820
11040821
11040822
11040823
11040824
11040825
11040900
11040901
11040902
11040903
11040904
11040905
11040906
11040907
11040908
11040909
11040910
11040911
11040912
11040913
11040914
11040915
11040916
11040917
11040918
11040919
11040920
11040921
11040922
11040923
11040924
11040925
11041000
11041001
11041002
11041003
11041004
11041005
11041006
11041007
11041008
11041009
11041010
11041011
11041012
11041013
11041014
11041015
11041016
11041017
11041018
11041019
11041020
11041021
11041022
11041023
11041024
11041025
11041100
11041101
11041102
11041103
11041104
11041105
11041106
11041107
11041108
11041109
11041110
11041111
11041112
11041113
11041114
11041115
11041116
11041117
11041118
11041119
11041120
11041121
11041122
11041123
11041124
11041125
11041200
11041201
11041202
11041203
11041204
11041205
11041206
11041207
11041208
11041209
11041210
11041211
11041212
11041213
11041214
11041215
11041216
11041217
11041218
11041219
11041220
11041221
11041222
11041223
11041224
11041225
11050000
11050001
11050002
11050003
11050004
11050005
11050006
11050007
11050008
11050009
11050010
11050011
11050012
11050013
11050014
11050015
11050016
11050017
11050018
11050019
11050020
11050021
11050022
11050023
11050024
11050025
11050100
11050101
11050102
11050103
11050104
11050105
11050106
11050107
11050108
11050109
11050110
11050111
11050112
11050113
11050114
11050115
11050116
11050117
11050118
11050119
11050120
11050121
11050122
11050123
11050124
11050125
11050200
11050201
11050202
11050203
11050204
11050205
11050206
11050207
11050208
11050209
11050210
11050211
11050212
11050213
11050214
11050215
11050216
11050217
11050218
11050219
11050220
11050221
11050222
11050223
11050224
11050225
11050300
11050301
11050302
11050303
11050304
11050305
11050306
11050307
11050308
11050309
11050310
11050311
11050312
11050313
11050314
11050315
11050316
11050317
11050318
11050319
11050320
11050321
11050322
11050323
11050324
11050325
11050400
11050401
11050402
11050403
11050404
11050405
11050406
11050407
11050408
11050409
11050410
11050411
11050412
11050413
11050414
11050415
11050416
11050417
11050418
11050419
11050420
11050421
11050422
11050423
11050424
11050425
11050500
11050501
11050502
11050503
11050504
11050505
11050506
11050507
11050508
11050509
11050510
11050511
11050512
11050513
11050514
11050515
11050516
11050517
11050518
11050519
11050520
11050521
11050522
11050523
11050524
11050525
11050600
11050601
11050602
11050603
11050604
11050605
11050606
11050607
11050608
11050609
11050610
11050611
11050612
11050613
11050614
11050615
11050616
11050617
11050618
11050619
11050620
11050621
11050622
11050623
11050624
11050625
11050700
11050701
11050702
11050703
11050704
11050705
11050706
11050707
11050708
11050709
11050710
11050711
11050712
11050713
11050714
11050715
11050716
11050717
11050718
11050719
11050720
11050721
11050722
11050723
11050724
11050725
11050800
11050801
11050802
11050803
11050804
11050805
11050806
11050807
11050808
11050809
11050810
11050811
11050812
11050813
11050814
11050815
11050816
11050817
11050818
11050819
11050820
11050821
11050822
11050823
11050824
11050825
11050900
11050901
11050902
11050903
11050904
11050905
11050906
11050907
11050908
11050909
11050910
11050911
11050912
11050913
11050914
11050915
11050916
11050917
11050918
11050919
11050920
11050921
11050922
11050923
11050924
11050925
11051000
11051001
11051002
11051003
11051004
11051005
11051006
11051007
11051008
11051009
11051010
11051011
11051012
11051013
11051014
11051015
11051016
11051017
11051018
11051019
11051020
11051021
11051022
11051023
11051024
11051025
11051100
11051101
11051102
11051103
11051104
11051105
11051106
11051107
11051108
11051109
11051110
11051111
11051112
11051113
11051114
11051115
11051116
11051117
11051118
11051119
11051120
11051121
11051122
11051123
11051124
11051125
11051200
11051201
11051202
11051203
11051204
11051205
11051206
11051207
11051208
11051209
11051210
11051211
11051212
11051213
11051214
11051215
11051216
11051217
11051218
11051219
11051220
11051221
11051222
11051223
11051224
11051225
11060000
11060001
11060002
11060003
11060004
11060005
11060006
11060007
11060008
11060009
11060010
11060011
11060012
11060013
11060014
11060015
11060016
11060017
11060018
11060019
11060020
11060021
11060022
11060023
11060024
11060025
11070000
11070001
11070002
11070003
11070004
11070005
11070006
11070007
11070008
11070009
11070010
11070011
11070012
11070013
11070014
11070015
11070016
11070017
11070018
11070019
11070020
11070021
11070022
11070023
11070024
11070025
11070100
11070101
11070102
11070103
11070104
11070105
11070106
11070107
11070108
11070109
11070110
11070111
11070112
11070113
11070114
11070115
11070116
11070117
11070118
11070119
11070120
11070121
11070122
11070123
11070124
11070125
11070200
11070201
11070202
11070203
11070204
11070205
11070206
11070207
11070208
11070209
11070210
11070211
11070212
11070213
11070214
11070215
11070216
11070217
11070218
11070219
11070220
11070221
11070222
11070223
11070224
11070225
11070300
11070301
11070302
11070303
11070304
11070305
11070306
11070307
11070308
11070309
11070310
11070311
11070312
11070313
11070314
11070315
11070316
11070317
11070318
11070319
11070320
11070321
11070322
11070323
11070324
11070325
11070400
11070401
11070402
11070403
11070404
11070405
11070406
11070407
11070408
11070409
11070410
11070411
11070412
11070413
11070414
11070415
11070416
11070417
11070418
11070419
11070420
11070421
11070422
11070423
11070424
11070425
11070500
11070501
11070502
11070503
11070504
11070505
11070506
11070507
11070508
11070509
11070510
11070511
11070512
11070513
11070514
11070515
11070516
11070517
11070518
11070519
11070520
11070521
11070522
11070523
11070524
11070525
11070600
11070601
11070602
11070603
11070604
11070605
11070606
11070607
11070608
11070609
11070610
11070611
11070612
11070613
11070614
11070615
11070616
11070617
11070618
11070619
11070620
11070621
11070622
11070623
11070624
11070625
11070700
11070701
11070702
11070703
11070704
11070705
11070706
11070707
11070708
11070709
11070710
11070711
11070712
11070713
11070714
11070715
11070716
11070717
11070718
11070719
11070720
11070721
11070722
11070723
11070724
11070725
11070800
11070801
11070802
11070803
11070804
11070805
11070806
11070807
11070808
11070809
11070810
11070811
11070812
11070813
11070814
11070815
11070816
11070817
11070818
11070819
11070820
11070821
11070822
11070823
11070824
11070825
11070900
11070901
11070902
11070903
11070904
11070905
11070906
11070907
11070908
11070909
11070910
11070911
11070912
11070913
11070914
11070915
11070916
11070917
11070918
11070919
11070920
11070921
11070922
11070923
11070924
11070925
11071000
11071001
11071002
11071003
11071004
11071005
11071006
11071007
11071008
11071009
11071010
11071011
11071012
11071013
11071014
11071015
11071016
11071017
11071018
11071019
11071020
11071021
11071022
11071023
11071024
11071025
11071100
11071101
11071102
11071103
11071104
11071105
11071106
11071107
11071108
11071109
11071110
11071111
11071112
11071113
11071114
11071115
11071116
11071117
11071118
11071119
11071120
11071121
11071122
11071123
11071124
11071125
11071200
11071201
11071202
11071203
11071204
11071205
11071206
11071207
11071208
11071209
11071210
11071211
11071212
11071213
11071214
11071215
11071216
11071217
11071218
11071219
11071220
11071221
11071222
11071223
11071224
11071225
11080000
11080001
11080002
11080003
11080004
11080005
11080006
11080007
11080008
11080009
11080010
11080011
11080012
11080013
11080014
11080015
11080016
11080017
11080018
11080019
11080020
11080021
11080022
11080023
11080024
11080025
11080100
11080101
11080102
11080103
11080104
11080105
11080106
11080107
11080108
11080109
11080110
11080111
11080112
11080113
11080114
11080115
11080116
11080117
11080118
11080119
11080120
11080121
11080122
11080123
11080124
11080125
11080200
11080201
11080202
11080203
11080204
11080205
11080206
11080207
11080208
11080209
11080210
11080211
11080212
11080213
11080214
11080215
11080216
11080217
11080218
11080219
11080220
11080221
11080222
11080223
11080224
11080225
11080300
11080301
11080302
11080303
11080304
11080305
11080306
11080307
11080308
11080309
11080310
11080311
11080312
11080313
11080314
11080315
11080316
11080317
11080318
11080319
11080320
11080321
11080322
11080323
11080324
11080325
11080400
11080401
11080402
11080403
11080404
11080405
11080406
11080407
11080408
11080409
11080410
11080411
11080412
11080413
11080414
11080415
11080416
11080417
11080418
11080419
11080420
11080421
11080422
11080423
11080424
11080425
11080500
11080501
11080502
11080503
11080504
11080505
11080506
11080507
11080508
11080509
11080510
11080511
11080512
11080513
11080514
11080515
11080516
11080517
11080518
11080519
11080520
11080521
11080522
11080523
11080524
11080525
11080600
11080601
11080602
11080603
11080604
11080605
11080606
11080607
11080608
11080609
11080610
11080611
11080612
11080613
11080614
11080615
11080616
11080617
11080618
11080619
11080620
11080621
11080622
11080623
11080624
11080625
11080700
11080701
11080702
11080703
11080704
11080705
11080706
11080707
11080708
11080709
11080710
11080711
11080712
11080713
11080714
11080715
11080716
11080717
11080718
11080719
11080720
11080721
11080722
11080723
11080724
11080725
11080800
11080801
11080802
11080803
11080804
11080805
11080806
11080807
11080808
11080809
11080810
11080811
11080812
11080813
11080814
11080815
11080816
11080817
11080818
11080819
11080820
11080821
11080822
11080823
11080824
11080825
11080900
11080901
11080902
11080903
11080904
11080905
11080906
11080907
11080908
11080909
11080910
11080911
11080912
11080913
11080914
11080915
11080916
11080917
11080918
11080919
11080920
11080921
11080922
11080923
11080924
11080925
11081000
11081001
11081002
11081003
11081004
11081005
11081006
11081007
11081008
11081009
11081010
11081011
11081012
11081013
11081014
11081015
11081016
11081017
11081018
11081019
11081020
11081021
11081022
11081023
11081024
11081025
11081100
11081101
11081102
11081103
11081104
11081105
11081106
11081107
11081108
11081109
11081110
11081111
11081112
11081113
11081114
11081115
11081116
11081117
11081118
11081119
11081120
11081121
11081122
11081123
11081124
11081125
11081200
11081201
11081202
11081203
11081204
11081205
11081206
11081207
11081208
11081209
11081210
11081211
11081212
11081213
11081214
11081215
11081216
11081217
11081218
11081219
11081220
11081221
11081222
11081223
11081224
11081225
11090000
11090001
11090002
11090003
11090004
11090005
11090006
11090007
11090008
11090009
11090010
11090011
11090012
11090013
11090014
11090015
11090016
11090017
11090018
11090019
11090020
11090021
11090022
11090023
11090024
11090025
11090100
11090101
11090102
11090103
11090104
11090105
11090106
11090107
11090108
11090109
11090110
11090111
11090112
11090113
11090114
11090115
11090116
11090117
11090118
11090119
11090120
11090121
11090122
11090123
11090124
11090125
11090200
11090201
11090202
11090203
11090204
11090205
11090206
11090207
11090208
11090209
11090210
11090211
11090212
11090213
11090214
11090215
11090216
11090217
11090218
11090219
11090220
11090221
11090222
11090223
11090224
11090225
11090300
11090301
11090302
11090303
11090304
11090305
11090306
11090307
11090308
11090309
11090310
11090311
11090312
11090313
11090314
11090315
11090316
11090317
11090318
11090319
11090320
11090321
11090322
11090323
11090324
11090325
11090400
11090401
11090402
11090403
11090404
11090405
11090406
11090407
11090408
11090409
11090410
11090411
11090412
11090413
11090414
11090415
11090416
11090417
11090418
11090419
11090420
11090421
11090422
11090423
11090424
11090425
11090500
11090501
11090502
11090503
11090504
11090505
11090506
11090507
11090508
11090509
11090510
11090511
11090512
11090513
11090514
11090515
11090516
11090517
11090518
11090519
11090520
11090521
11090522
11090523
11090524
11090525
11090600
11090601
11090602
11090603
11090604
11090605
11090606
11090607
11090608
11090609
11090610
11090611
11090612
11090613
11090614
11090615
11090616
11090617
11090618
11090619
11090620
11090621
11090622
11090623
11090624
11090625
11090700
11090701
11090702
11090703
11090704
11090705
11090706
11090707
11090708
11090709
11090710
11090711
11090712
11090713
11090714
11090715
11090716
11090717
11090718
11090719
11090720
11090721
11090722
11090723
11090724
11090725
11090800
11090801
11090802
11090803
11090804
11090805
11090806
11090807
11090808
11090809
11090810
11090811
11090812
11090813
11090814
11090815
11090816
11090817
11090818
11090819
11090820
11090821
11090822
11090823
11090824
11090825
11090900
11090901
11090902
11090903
11090904
11090905
11090906
11090907
11090908
11090909
11090910
11090911
11090912
11090913
11090914
11090915
11090916
11090917
11090918
11090919
11090920
11090921
11090922
11090923
11090924
11090925
11091000
11091001
11091002
11091003
11091004
11091005
11091006
11091007
11091008
11091009
11091010
11091011
11091012
11091013
11091014
11091015
11091016
11091017
11091018
11091019
11091020
11091021
11091022
11091023
11091024
11091025
11091100
11091101
11091102
11091103
11091104
11091105
11091106
11091107
11091108
11091109
11091110
11091111
11091112
11091113
11091114
11091115
11091116
11091117
11091118
11091119
11091120
11091121
11091122
11091123
11091124
11091125
11091200
11091201
11091202
11091203
11091204
11091205
11091206
11091207
11091208
11091209
11091210
11091211
11091212
11091213
11091214
11091215
11091216
11091217
11091218
11091219
11091220
11091221
11091222
11091223
11091224
11091225
11100000
11100001
11100002
11100003
11100004
11100005
11100006
11100007
11100008
11100009
11100010
11100011
11100012
11100013
11100014
11100015
11100016
11100017
11100018
11100019
11100020
11100021
11100022
11100023
11100024
11100025
11110000
11110001
11110002
11110003
11110004
11110005
11110006
11110007
11110008
11110009
11110010
11110011
11110012
11110013
11110014
11110015
11110016
11110017
11110018
11110019
11110020
11110021
11110022
11110023
11110024
11110025
11120000
11120001
11120002
11120003
11120004
11120005
11120006
11120007
11120008
11120009
11120010
11120011
11120012
11120013
11120014
11120015
11120016
11120017
11120018
11120019
11120020
11120021
11120022
11120023
11120024
11120025
11130000
11130001
11130002
11130003
11130004
11130005
11130006
11130007
11130008
11130009
11130010
11130011
11130012
11130013
11130014
11130015
11130016
11130017
11130018
11130019
11130020
11130021
11130022
11130023
11130024
11130025
11140000
11140001
11140002
11140003
11140004
11140005
11140006
11140007
11140008
11140009
11140010
11140011
11140012
11140013
11140014
11140015
11140016
11140017
11140018
11140019
11140020
11140021
11140022
11140023
11140024
11140025
11140100
11140101
11140102
11140103
11140104
11140105
11140106
11140107
11140108
11140109
11140110
11140111
11140112
11140113
11140114
11140115
11140116
11140117
11140118
11140119
11140120
11140121
11140122
11140123
11140124
11140125
11140200
11140201
11140202
11140203
11140204
11140205
11140206
11140207
11140208
11140209
11140210
11140211
11140212
11140213
11140214
11140215
11140216
11140217
11140218
11140219
11140220
11140221
11140222
11140223
11140224
11140225
11140300
11140301
11140302
11140303
11140304
11140305
11140306
11140307
11140308
11140309
11140310
11140311
11140312
11140313
11140314
11140315
11140316
11140317
11140318
11140319
11140320
11140321
11140322
11140323
11140324
11140325
11140400
11140401
11140402
11140403
11140404
11140405
11140406
11140407
11140408
11140409
11140410
11140411
11140412
11140413
11140414
11140415
11140416
11140417
11140418
11140419
11140420
11140421
11140422
11140423
11140424
11140425
11140500
11140501
11140502
11140503
11140504
11140505
11140506
11140507
11140508
11140509
11140510
11140511
11140512
11140513
11140514
11140515
11140516
11140517
11140518
11140519
11140520
11140521
11140522
11140523
11140524
11140525
11140600
11140601
11140602
11140603
11140604
11140605
11140606
11140607
11140608
11140609
11140610
11140611
11140612
11140613
11140614
11140615
11140616
11140617
11140618
11140619
11140620
11140621
11140622
11140623
11140624
11140625
11140700
11140701
11140702
11140703
11140704
11140705
11140706
11140707
11140708
11140709
11140710
11140711
11140712
11140713
11140714
11140715
11140716
11140717
11140718
11140719
11140720
11140721
11140722
11140723
11140724
11140725
11140800
11140801
11140802
11140803
11140804
11140805
11140806
11140807
11140808
11140809
11140810
11140811
11140812
11140813
11140814
11140815
11140816
11140817
11140818
11140819
11140820
11140821
11140822
11140823
11140824
11140825
11140900
11140901
11140902
11140903
11140904
11140905
11140906
11140907
11140908
11140909
11140910
11140911
11140912
11140913
11140914
11140915
11140916
11140917
11140918
11140919
11140920
11140921
11140922
11140923
11140924
11140925
11141000
11141001
11141002
11141003
11141004
11141005
11141006
11141007
11141008
11141009
11141010
11141011
11141012
11141013
11141014
11141015
11141016
11141017
11141018
11141019
11141020
11141021
11141022
11141023
11141024
11141025
11141100
11141101
11141102
11141103
11141104
11141105
11141106
11141107
11141108
11141109
11141110
11141111
11141112
11141113
11141114
11141115
11141116
11141117
11141118
11141119
11141120
11141121
11141122
11141123
11141124
11141125
11141200
11141201
11141202
11141203
11141204
11141205
11141206
11141207
11141208
11141209
11141210
11141211
11141212
11141213
11141214
11141215
11141216
11141217
11141218
11141219
11141220
11141221
11141222
11141223
11141224
11141225
11150000
11150001
11150002
11150003
11150004
11150005
11150006
11150007
11150008
11150009
11150010
11150011
11150012
11150013
11150014
11150015
11150016
11150017
11150018
11150019
11150020
11150021
11150022
11150023
11150024
11150025
11170000
11170001
11170002
11170003
11170004
11170005
11170006
11170007
11170008
11170009
11170010
11170011
11170012
11170013
11170014
11170015
11170016
11170017
11170018
11170019
11170020
11170021
11170022
11170023
11170024
11170025
11500000
11500001
11500002
11500003
11500004
11500005
11500006
11500007
11500008
11500009
11500010
11500011
11500012
11500013
11500014
11500015
11500016
11500017
11500018
11500019
11500020
11500021
11500022
11500023
11500024
11500025
11690000
11690001
11690002
11690003
11690004
11690005
11690006
11690007
11690008
11690009
11690010
11690011
11690012
11690013
11690014
11690015
11690016
11690017
11690018
11690019
11690020
11690021
11690022
11690023
11690024
11690025
12000000
12000001
12000002
12000003
12000004
12000005
12000006
12000007
12000008
12000009
12000010
12000011
12000012
12000013
12000014
12000015
12000016
12000017
12000018
12000019
12000020
12000021
12000022
12000023
12000024
12000025
12000100
12000101
12000102
12000103
12000104
12000105
12000106
12000107
12000108
12000109
12000110
12000111
12000112
12000113
12000114
12000115
12000116
12000117
12000118
12000119
12000120
12000121
12000122
12000123
12000124
12000125
12000200
12000201
12000202
12000203
12000204
12000205
12000206
12000207
12000208
12000209
12000210
12000211
12000212
12000213
12000214
12000215
12000216
12000217
12000218
12000219
12000220
12000221
12000222
12000223
12000224
12000225
12000300
12000301
12000302
12000303
12000304
12000305
12000306
12000307
12000308
12000309
12000310
12000311
12000312
12000313
12000314
12000315
12000316
12000317
12000318
12000319
12000320
12000321
12000322
12000323
12000324
12000325
12000400
12000401
12000402
12000403
12000404
12000405
12000406
12000407
12000408
12000409
12000410
12000411
12000412
12000413
12000414
12000415
12000416
12000417
12000418
12000419
12000420
12000421
12000422
12000423
12000424
12000425
12000500
12000501
12000502
12000503
12000504
12000505
12000506
12000507
12000508
12000509
12000510
12000511
12000512
12000513
12000514
12000515
12000516
12000517
12000518
12000519
12000520
12000521
12000522
12000523
12000524
12000525
12000600
12000601
12000602
12000603
12000604
12000605
12000606
12000607
12000608
12000609
12000610
12000611
12000612
12000613
12000614
12000615
12000616
12000617
12000618
12000619
12000620
12000621
12000622
12000623
12000624
12000625
12000700
12000701
12000702
12000703
12000704
12000705
12000706
12000707
12000708
12000709
12000710
12000711
12000712
12000713
12000714
12000715
12000716
12000717
12000718
12000719
12000720
12000721
12000722
12000723
12000724
12000725
12000800
12000801
12000802
12000803
12000804
12000805
12000806
12000807
12000808
12000809
12000810
12000811
12000812
12000813
12000814
12000815
12000816
12000817
12000818
12000819
12000820
12000821
12000822
12000823
12000824
12000825
12000900
12000901
12000902
12000903
12000904
12000905
12000906
12000907
12000908
12000909
12000910
12000911
12000912
12000913
12000914
12000915
12000916
12000917
12000918
12000919
12000920
12000921
12000922
12000923
12000924
12000925
12001000
12001001
12001002
12001003
12001004
12001005
12001006
12001007
12001008
12001009
12001010
12001011
12001012
12001013
12001014
12001015
12001016
12001017
12001018
12001019
12001020
12001021
12001022
12001023
12001024
12001025
12001100
12001101
12001102
12001103
12001104
12001105
12001106
12001107
12001108
12001109
12001110
12001111
12001112
12001113
12001114
12001115
12001116
12001117
12001118
12001119
12001120
12001121
12001122
12001123
12001124
12001125
12001200
12001201
12001202
12001203
12001204
12001205
12001206
12001207
12001208
12001209
12001210
12001211
12001212
12001213
12001214
12001215
12001216
12001217
12001218
12001219
12001220
12001221
12001222
12001223
12001224
12001225
12010000
12010001
12010002
12010003
12010004
12010005
12010006
12010007
12010008
12010009
12010010
12010011
12010012
12010013
12010014
12010015
12010016
12010017
12010018
12010019
12010020
12010021
12010022
12010023
12010024
12010025
12010100
12010101
12010102
12010103
12010104
12010105
12010106
12010107
12010108
12010109
12010110
12010111
12010112
12010113
12010114
12010115
12010116
12010117
12010118
12010119
12010120
12010121
12010122
12010123
12010124
12010125
12010200
12010201
12010202
12010203
12010204
12010205
12010206
12010207
12010208
12010209
12010210
12010211
12010212
12010213
12010214
12010215
12010216
12010217
12010218
12010219
12010220
12010221
12010222
12010223
12010224
12010225
12010300
12010301
12010302
12010303
12010304
12010305
12010306
12010307
12010308
12010309
12010310
12010311
12010312
12010313
12010314
12010315
12010316
12010317
12010318
12010319
12010320
12010321
12010322
12010323
12010324
12010325
12010400
12010401
12010402
12010403
12010404
12010405
12010406
12010407
12010408
12010409
12010410
12010411
12010412
12010413
12010414
12010415
12010416
12010417
12010418
12010419
12010420
12010421
12010422
12010423
12010424
12010425
12010500
12010501
12010502
12010503
12010504
12010505
12010506
12010507
12010508
12010509
12010510
12010511
12010512
12010513
12010514
12010515
12010516
12010517
12010518
12010519
12010520
12010521
12010522
12010523
12010524
12010525
12010600
12010601
12010602
12010603
12010604
12010605
12010606
12010607
12010608
12010609
12010610
12010611
12010612
12010613
12010614
12010615
12010616
12010617
12010618
12010619
12010620
12010621
12010622
12010623
12010624
12010625
12010700
12010701
12010702
12010703
12010704
12010705
12010706
12010707
12010708
12010709
12010710
12010711
12010712
12010713
12010714
12010715
12010716
12010717
12010718
12010719
12010720
12010721
12010722
12010723
12010724
12010725
12010800
12010801
12010802
12010803
12010804
12010805
12010806
12010807
12010808
12010809
12010810
12010811
12010812
12010813
12010814
12010815
12010816
12010817
12010818
12010819
12010820
12010821
12010822
12010823
12010824
12010825
12010900
12010901
12010902
12010903
12010904
12010905
12010906
12010907
12010908
12010909
12010910
12010911
12010912
12010913
12010914
12010915
12010916
12010917
12010918
12010919
12010920
12010921
12010922
12010923
12010924
12010925
12011000
12011001
12011002
12011003
12011004
12011005
12011006
12011007
12011008
12011009
12011010
12011011
12011012
12011013
12011014
12011015
12011016
12011017
12011018
12011019
12011020
12011021
12011022
12011023
12011024
12011025
12011100
12011101
12011102
12011103
12011104
12011105
12011106
12011107
12011108
12011109
12011110
12011111
12011112
12011113
12011114
12011115
12011116
12011117
12011118
12011119
12011120
12011121
12011122
12011123
12011124
12011125
12011200
12011201
12011202
12011203
12011204
12011205
12011206
12011207
12011208
12011209
12011210
12011211
12011212
12011213
12011214
12011215
12011216
12011217
12011218
12011219
12011220
12011221
12011222
12011223
12011224
12011225
12020000
12020001
12020002
12020003
12020004
12020005
12020006
12020007
12020008
12020009
12020010
12020011
12020012
12020013
12020014
12020015
12020016
12020017
12020018
12020019
12020020
12020021
12020022
12020023
12020024
12020025
12020100
12020101
12020102
12020103
12020104
12020105
12020106
12020107
12020108
12020109
12020110
12020111
12020112
12020113
12020114
12020115
12020116
12020117
12020118
12020119
12020120
12020121
12020122
12020123
12020124
12020125
12020200
12020201
12020202
12020203
12020204
12020205
12020206
12020207
12020208
12020209
12020210
12020211
12020212
12020213
12020214
12020215
12020216
12020217
12020218
12020219
12020220
12020221
12020222
12020223
12020224
12020225
12020300
12020301
12020302
12020303
12020304
12020305
12020306
12020307
12020308
12020309
12020310
12020311
12020312
12020313
12020314
12020315
12020316
12020317
12020318
12020319
12020320
12020321
12020322
12020323
12020324
12020325
12020400
12020401
12020402
12020403
12020404
12020405
12020406
12020407
12020408
12020409
12020410
12020411
12020412
12020413
12020414
12020415
12020416
12020417
12020418
12020419
12020420
12020421
12020422
12020423
12020424
12020425
12020500
12020501
12020502
12020503
12020504
12020505
12020506
12020507
12020508
12020509
12020510
12020511
12020512
12020513
12020514
12020515
12020516
12020517
12020518
12020519
12020520
12020521
12020522
12020523
12020524
12020525
12020600
12020601
12020602
12020603
12020604
12020605
12020606
12020607
12020608
12020609
12020610
12020611
12020612
12020613
12020614
12020615
12020616
12020617
12020618
12020619
12020620
12020621
12020622
12020623
12020624
12020625
12020700
12020701
12020702
12020703
12020704
12020705
12020706
12020707
12020708
12020709
12020710
12020711
12020712
12020713
12020714
12020715
12020716
12020717
12020718
12020719
12020720
12020721
12020722
12020723
12020724
12020725
12020800
12020801
12020802
12020803
12020804
12020805
12020806
12020807
12020808
12020809
12020810
12020811
12020812
12020813
12020814
12020815
12020816
12020817
12020818
12020819
12020820
12020821
12020822
12020823
12020824
12020825
12020900
12020901
12020902
12020903
12020904
12020905
12020906
12020907
12020908
12020909
12020910
12020911
12020912
12020913
12020914
12020915
12020916
12020917
12020918
12020919
12020920
12020921
12020922
12020923
12020924
12020925
12021000
12021001
12021002
12021003
12021004
12021005
12021006
12021007
12021008
12021009
12021010
12021011
12021012
12021013
12021014
12021015
12021016
12021017
12021018
12021019
12021020
12021021
12021022
12021023
12021024
12021025
12021100
12021101
12021102
12021103
12021104
12021105
12021106
12021107
12021108
12021109
12021110
12021111
12021112
12021113
12021114
12021115
12021116
12021117
12021118
12021119
12021120
12021121
12021122
12021123
12021124
12021125
12021200
12021201
12021202
12021203
12021204
12021205
12021206
12021207
12021208
12021209
12021210
12021211
12021212
12021213
12021214
12021215
12021216
12021217
12021218
12021219
12021220
12021221
12021222
12021223
12021224
12021225
12060000
12060001
12060002
12060003
12060004
12060005
12060006
12060007
12060008
12060009
12060010
12060011
12060012
12060013
12060014
12060015
12060016
12060017
12060018
12060019
12060020
12060021
12060022
12060023
12060024
12060025
12060100
12060101
12060102
12060103
12060104
12060105
12060106
12060107
12060108
12060109
12060110
12060111
12060112
12060113
12060114
12060115
12060116
12060117
12060118
12060119
12060120
12060121
12060122
12060123
12060124
12060125
12060200
12060201
12060202
12060203
12060204
12060205
12060206
12060207
12060208
12060209
12060210
12060211
12060212
12060213
12060214
12060215
12060216
12060217
12060218
12060219
12060220
12060221
12060222
12060223
12060224
12060225
12060300
12060301
12060302
12060303
12060304
12060305
12060306
12060307
12060308
12060309
12060310
12060311
12060312
12060313
12060314
12060315
12060316
12060317
12060318
12060319
12060320
12060321
12060322
12060323
12060324
12060325
12060400
12060401
12060402
12060403
12060404
12060405
12060406
12060407
12060408
12060409
12060410
12060411
12060412
12060413
12060414
12060415
12060416
12060417
12060418
12060419
12060420
12060421
12060422
12060423
12060424
12060425
12060500
12060501
12060502
12060503
12060504
12060505
12060506
12060507
12060508
12060509
12060510
12060511
12060512
12060513
12060514
12060515
12060516
12060517
12060518
12060519
12060520
12060521
12060522
12060523
12060524
12060525
12060600
12060601
12060602
12060603
12060604
12060605
12060606
12060607
12060608
12060609
12060610
12060611
12060612
12060613
12060614
12060615
12060616
12060617
12060618
12060619
12060620
12060621
12060622
12060623
12060624
12060625
12060700
12060701
12060702
12060703
12060704
12060705
12060706
12060707
12060708
12060709
12060710
12060711
12060712
12060713
12060714
12060715
12060716
12060717
12060718
12060719
12060720
12060721
12060722
12060723
12060724
12060725
12060800
12060801
12060802
12060803
12060804
12060805
12060806
12060807
12060808
12060809
12060810
12060811
12060812
12060813
12060814
12060815
12060816
12060817
12060818
12060819
12060820
12060821
12060822
12060823
12060824
12060825
12060900
12060901
12060902
12060903
12060904
12060905
12060906
12060907
12060908
12060909
12060910
12060911
12060912
12060913
12060914
12060915
12060916
12060917
12060918
12060919
12060920
12060921
12060922
12060923
12060924
12060925
12061000
12061001
12061002
12061003
12061004
12061005
12061006
12061007
12061008
12061009
12061010
12061011
12061012
12061013
12061014
12061015
12061016
12061017
12061018
12061019
12061020
12061021
12061022
12061023
12061024
12061025
12061100
12061101
12061102
12061103
12061104
12061105
12061106
12061107
12061108
12061109
12061110
12061111
12061112
12061113
12061114
12061115
12061116
12061117
12061118
12061119
12061120
12061121
12061122
12061123
12061124
12061125
12061200
12061201
12061202
12061203
12061204
12061205
12061206
12061207
12061208
12061209
12061210
12061211
12061212
12061213
12061214
12061215
12061216
12061217
12061218
12061219
12061220
12061221
12061222
12061223
12061224
12061225
12080000
12080001
12080002
12080003
12080004
12080005
12080006
12080007
12080008
12080009
12080010
12080011
12080012
12080013
12080014
12080015
12080016
12080017
12080018
12080019
12080020
12080021
12080022
12080023
12080024
12080025
12080100
12080101
12080102
12080103
12080104
12080105
12080106
12080107
12080108
12080109
12080110
12080111
12080112
12080113
12080114
12080115
12080116
12080117
12080118
12080119
12080120
12080121
12080122
12080123
12080124
12080125
12080200
12080201
12080202
12080203
12080204
12080205
12080206
12080207
12080208
12080209
12080210
12080211
12080212
12080213
12080214
12080215
12080216
12080217
12080218
12080219
12080220
12080221
12080222
12080223
12080224
12080225
12080300
12080301
12080302
12080303
12080304
12080305
12080306
12080307
12080308
12080309
12080310
12080311
12080312
12080313
12080314
12080315
12080316
12080317
12080318
12080319
12080320
12080321
12080322
12080323
12080324
12080325
12080400
12080401
12080402
12080403
12080404
12080405
12080406
12080407
12080408
12080409
12080410
12080411
12080412
12080413
12080414
12080415
12080416
12080417
12080418
12080419
12080420
12080421
12080422
12080423
12080424
12080425
12080500
12080501
12080502
12080503
12080504
12080505
12080506
12080507
12080508
12080509
12080510
12080511
12080512
12080513
12080514
12080515
12080516
12080517
12080518
12080519
12080520
12080521
12080522
12080523
12080524
12080525
12080600
12080601
12080602
12080603
12080604
12080605
12080606
12080607
12080608
12080609
12080610
12080611
12080612
12080613
12080614
12080615
12080616
12080617
12080618
12080619
12080620
12080621
12080622
12080623
12080624
12080625
12080700
12080701
12080702
12080703
12080704
12080705
12080706
12080707
12080708
12080709
12080710
12080711
12080712
12080713
12080714
12080715
12080716
12080717
12080718
12080719
12080720
12080721
12080722
12080723
12080724
12080725
12080800
12080801
12080802
12080803
12080804
12080805
12080806
12080807
12080808
12080809
12080810
12080811
12080812
12080813
12080814
12080815
12080816
12080817
12080818
12080819
12080820
12080821
12080822
12080823
12080824
12080825
12080900
12080901
12080902
12080903
12080904
12080905
12080906
12080907
12080908
12080909
12080910
12080911
12080912
12080913
12080914
12080915
12080916
12080917
12080918
12080919
12080920
12080921
12080922
12080923
12080924
12080925
12081000
12081001
12081002
12081003
12081004
12081005
12081006
12081007
12081008
12081009
12081010
12081011
12081012
12081013
12081014
12081015
12081016
12081017
12081018
12081019
12081020
12081021
12081022
12081023
12081024
12081025
12081100
12081101
12081102
12081103
12081104
12081105
12081106
12081107
12081108
12081109
12081110
12081111
12081112
12081113
12081114
12081115
12081116
12081117
12081118
12081119
12081120
12081121
12081122
12081123
12081124
12081125
12081200
12081201
12081202
12081203
12081204
12081205
12081206
12081207
12081208
12081209
12081210
12081211
12081212
12081213
12081214
12081215
12081216
12081217
12081218
12081219
12081220
12081221
12081222
12081223
12081224
12081225
12130000
12130001
12130002
12130003
12130004
12130005
12130006
12130007
12130008
12130009
12130010
12130011
12130012
12130013
12130014
12130015
12130016
12130017
12130018
12130019
12130020
12130021
12130022
12130023
12130024
12130025
12130100
12130101
12130102
12130103
12130104
12130105
12130106
12130107
12130108
12130109
12130110
12130111
12130112
12130113
12130114
12130115
12130116
12130117
12130118
12130119
12130120
12130121
12130122
12130123
12130124
12130125
12130200
12130201
12130202
12130203
12130204
12130205
12130206
12130207
12130208
12130209
12130210
12130211
12130212
12130213
12130214
12130215
12130216
12130217
12130218
12130219
12130220
12130221
12130222
12130223
12130224
12130225
12130300
12130301
12130302
12130303
12130304
12130305
12130306
12130307
12130308
12130309
12130310
12130311
12130312
12130313
12130314
12130315
12130316
12130317
12130318
12130319
12130320
12130321
12130322
12130323
12130324
12130325
12130400
12130401
12130402
12130403
12130404
12130405
12130406
12130407
12130408
12130409
12130410
12130411
12130412
12130413
12130414
12130415
12130416
12130417
12130418
12130419
12130420
12130421
12130422
12130423
12130424
12130425
12130500
12130501
12130502
12130503
12130504
12130505
12130506
12130507
12130508
12130509
12130510
12130511
12130512
12130513
12130514
12130515
12130516
12130517
12130518
12130519
12130520
12130521
12130522
12130523
12130524
12130525
12130600
12130601
12130602
12130603
12130604
12130605
12130606
12130607
12130608
12130609
12130610
12130611
12130612
12130613
12130614
12130615
12130616
12130617
12130618
12130619
12130620
12130621
12130622
12130623
12130624
12130625
12130700
12130701
12130702
12130703
12130704
12130705
12130706
12130707
12130708
12130709
12130710
12130711
12130712
12130713
12130714
12130715
12130716
12130717
12130718
12130719
12130720
12130721
12130722
12130723
12130724
12130725
12130800
12130801
12130802
12130803
12130804
12130805
12130806
12130807
12130808
12130809
12130810
12130811
12130812
12130813
12130814
12130815
12130816
12130817
12130818
12130819
12130820
12130821
12130822
12130823
12130824
12130825
12130900
12130901
12130902
12130903
12130904
12130905
12130906
12130907
12130908
12130909
12130910
12130911
12130912
12130913
12130914
12130915
12130916
12130917
12130918
12130919
12130920
12130921
12130922
12130923
12130924
12130925
12131000
12131001
12131002
12131003
12131004
12131005
12131006
12131007
12131008
12131009
12131010
12131011
12131012
12131013
12131014
12131015
12131016
12131017
12131018
12131019
12131020
12131021
12131022
12131023
12131024
12131025
12131100
12131101
12131102
12131103
12131104
12131105
12131106
12131107
12131108
12131109
12131110
12131111
12131112
12131113
12131114
12131115
12131116
12131117
12131118
12131119
12131120
12131121
12131122
12131123
12131124
12131125
12131200
12131201
12131202
12131203
12131204
12131205
12131206
12131207
12131208
12131209
12131210
12131211
12131212
12131213
12131214
12131215
12131216
12131217
12131218
12131219
12131220
12131221
12131222
12131223
12131224
12131225
12140000
12140001
12140002
12140003
12140004
12140005
12140006
12140007
12140008
12140009
12140010
12140011
12140012
12140013
12140014
12140015
12140016
12140017
12140018
12140019
12140020
12140021
12140022
12140023
12140024
12140025
12140100
12140101
12140102
12140103
12140104
12140105
12140106
12140107
12140108
12140109
12140110
12140111
12140112
12140113
12140114
12140115
12140116
12140117
12140118
12140119
12140120
12140121
12140122
12140123
12140124
12140125
12140200
12140201
12140202
12140203
12140204
12140205
12140206
12140207
12140208
12140209
12140210
12140211
12140212
12140213
12140214
12140215
12140216
12140217
12140218
12140219
12140220
12140221
12140222
12140223
12140224
12140225
12140300
12140301
12140302
12140303
12140304
12140305
12140306
12140307
12140308
12140309
12140310
12140311
12140312
12140313
12140314
12140315
12140316
12140317
12140318
12140319
12140320
12140321
12140322
12140323
12140324
12140325
12140400
12140401
12140402
12140403
12140404
12140405
12140406
12140407
12140408
12140409
12140410
12140411
12140412
12140413
12140414
12140415
12140416
12140417
12140418
12140419
12140420
12140421
12140422
12140423
12140424
12140425
12140500
12140501
12140502
12140503
12140504
12140505
12140506
12140507
12140508
12140509
12140510
12140511
12140512
12140513
12140514
12140515
12140516
12140517
12140518
12140519
12140520
12140521
12140522
12140523
12140524
12140525
12140600
12140601
12140602
12140603
12140604
12140605
12140606
12140607
12140608
12140609
12140610
12140611
12140612
12140613
12140614
12140615
12140616
12140617
12140618
12140619
12140620
12140621
12140622
12140623
12140624
12140625
12140700
12140701
12140702
12140703
12140704
12140705
12140706
12140707
12140708
12140709
12140710
12140711
12140712
12140713
12140714
12140715
12140716
12140717
12140718
12140719
12140720
12140721
12140722
12140723
12140724
12140725
12140800
12140801
12140802
12140803
12140804
12140805
12140806
12140807
12140808
12140809
12140810
12140811
12140812
12140813
12140814
12140815
12140816
12140817
12140818
12140819
12140820
12140821
12140822
12140823
12140824
12140825
12140900
12140901
12140902
12140903
12140904
12140905
12140906
12140907
12140908
12140909
12140910
12140911
12140912
12140913
12140914
12140915
12140916
12140917
12140918
12140919
12140920
12140921
12140922
12140923
12140924
12140925
12141000
12141001
12141002
12141003
12141004
12141005
12141006
12141007
12141008
12141009
12141010
12141011
12141012
12141013
12141014
12141015
12141016
12141017
12141018
12141019
12141020
12141021
12141022
12141023
12141024
12141025
12141100
12141101
12141102
12141103
12141104
12141105
12141106
12141107
12141108
12141109
12141110
12141111
12141112
12141113
12141114
12141115
12141116
12141117
12141118
12141119
12141120
12141121
12141122
12141123
12141124
12141125
12141200
12141201
12141202
12141203
12141204
12141205
12141206
12141207
12141208
12141209
12141210
12141211
12141212
12141213
12141214
12141215
12141216
12141217
12141218
12141219
12141220
12141221
12141222
12141223
12141224
12141225
12150000
12150001
12150002
12150003
12150004
12150005
12150006
12150007
12150008
12150009
12150010
12150011
12150012
12150013
12150014
12150015
12150016
12150017
12150018
12150019
12150020
12150021
12150022
12150023
12150024
12150025
12160000
12160001
12160002
12160003
12160004
12160005
12160006
12160007
12160008
12160009
12160010
12160011
12160012
12160013
12160014
12160015
12160016
12160017
12160018
12160019
12160020
12160021
12160022
12160023
12160024
12160025
12170000
12170001
12170002
12170003
12170004
12170005
12170006
12170007
12170008
12170009
12170010
12170011
12170012
12170013
12170014
12170015
12170016
12170017
12170018
12170019
12170020
12170021
12170022
12170023
12170024
12170025
12180000
12180001
12180002
12180003
12180004
12180005
12180006
12180007
12180008
12180009
12180010
12180011
12180012
12180013
12180014
12180015
12180016
12180017
12180018
12180019
12180020
12180021
12180022
12180023
12180024
12180025
12180100
12180101
12180102
12180103
12180104
12180105
12180106
12180107
12180108
12180109
12180110
12180111
12180112
12180113
12180114
12180115
12180116
12180117
12180118
12180119
12180120
12180121
12180122
12180123
12180124
12180125
12180200
12180201
12180202
12180203
12180204
12180205
12180206
12180207
12180208
12180209
12180210
12180211
12180212
12180213
12180214
12180215
12180216
12180217
12180218
12180219
12180220
12180221
12180222
12180223
12180224
12180225
12180300
12180301
12180302
12180303
12180304
12180305
12180306
12180307
12180308
12180309
12180310
12180311
12180312
12180313
12180314
12180315
12180316
12180317
12180318
12180319
12180320
12180321
12180322
12180323
12180324
12180325
12180400
12180401
12180402
12180403
12180404
12180405
12180406
12180407
12180408
12180409
12180410
12180411
12180412
12180413
12180414
12180415
12180416
12180417
12180418
12180419
12180420
12180421
12180422
12180423
12180424
12180425
12180500
12180501
12180502
12180503
12180504
12180505
12180506
12180507
12180508
12180509
12180510
12180511
12180512
12180513
12180514
12180515
12180516
12180517
12180518
12180519
12180520
12180521
12180522
12180523
12180524
12180525
12180600
12180601
12180602
12180603
12180604
12180605
12180606
12180607
12180608
12180609
12180610
12180611
12180612
12180613
12180614
12180615
12180616
12180617
12180618
12180619
12180620
12180621
12180622
12180623
12180624
12180625
12180700
12180701
12180702
12180703
12180704
12180705
12180706
12180707
12180708
12180709
12180710
12180711
12180712
12180713
12180714
12180715
12180716
12180717
12180718
12180719
12180720
12180721
12180722
12180723
12180724
12180725
12180800
12180801
12180802
12180803
12180804
12180805
12180806
12180807
12180808
12180809
12180810
12180811
12180812
12180813
12180814
12180815
12180816
12180817
12180818
12180819
12180820
12180821
12180822
12180823
12180824
12180825
12180900
12180901
12180902
12180903
12180904
12180905
12180906
12180907
12180908
12180909
12180910
12180911
12180912
12180913
12180914
12180915
12180916
12180917
12180918
12180919
12180920
12180921
12180922
12180923
12180924
12180925
12181000
12181001
12181002
12181003
12181004
12181005
12181006
12181007
12181008
12181009
12181010
12181011
12181012
12181013
12181014
12181015
12181016
12181017
12181018
12181019
12181020
12181021
12181022
12181023
12181024
12181025
12181100
12181101
12181102
12181103
12181104
12181105
12181106
12181107
12181108
12181109
12181110
12181111
12181112
12181113
12181114
12181115
12181116
12181117
12181118
12181119
12181120
12181121
12181122
12181123
12181124
12181125
12181200
12181201
12181202
12181203
12181204
12181205
12181206
12181207
12181208
12181209
12181210
12181211
12181212
12181213
12181214
12181215
12181216
12181217
12181218
12181219
12181220
12181221
12181222
12181223
12181224
12181225
12190000
12190001
12190002
12190003
12190004
12190005
12190006
12190007
12190008
12190009
12190010
12190011
12190012
12190013
12190014
12190015
12190016
12190017
12190018
12190019
12190020
12190021
12190022
12190023
12190024
12190025
12190100
12190101
12190102
12190103
12190104
12190105
12190106
12190107
12190108
12190109
12190110
12190111
12190112
12190113
12190114
12190115
12190116
12190117
12190118
12190119
12190120
12190121
12190122
12190123
12190124
12190125
12190200
12190201
12190202
12190203
12190204
12190205
12190206
12190207
12190208
12190209
12190210
12190211
12190212
12190213
12190214
12190215
12190216
12190217
12190218
12190219
12190220
12190221
12190222
12190223
12190224
12190225
12190300
12190301
12190302
12190303
12190304
12190305
12190306
12190307
12190308
12190309
12190310
12190311
12190312
12190313
12190314
12190315
12190316
12190317
12190318
12190319
12190320
12190321
12190322
12190323
12190324
12190325
12190400
12190401
12190402
12190403
12190404
12190405
12190406
12190407
12190408
12190409
12190410
12190411
12190412
12190413
12190414
12190415
12190416
12190417
12190418
12190419
12190420
12190421
12190422
12190423
12190424
12190425
12190500
12190501
12190502
12190503
12190504
12190505
12190506
12190507
12190508
12190509
12190510
12190511
12190512
12190513
12190514
12190515
12190516
12190517
12190518
12190519
12190520
12190521
12190522
12190523
12190524
12190525
12190600
12190601
12190602
12190603
12190604
12190605
12190606
12190607
12190608
12190609
12190610
12190611
12190612
12190613
12190614
12190615
12190616
12190617
12190618
12190619
12190620
12190621
12190622
12190623
12190624
12190625
12190700
12190701
12190702
12190703
12190704
12190705
12190706
12190707
12190708
12190709
12190710
12190711
12190712
12190713
12190714
12190715
12190716
12190717
12190718
12190719
12190720
12190721
12190722
12190723
12190724
12190725
12190800
12190801
12190802
12190803
12190804
12190805
12190806
12190807
12190808
12190809
12190810
12190811
12190812
12190813
12190814
12190815
12190816
12190817
12190818
12190819
12190820
12190821
12190822
12190823
12190824
12190825
12190900
12190901
12190902
12190903
12190904
12190905
12190906
12190907
12190908
12190909
12190910
12190911
12190912
12190913
12190914
12190915
12190916
12190917
12190918
12190919
12190920
12190921
12190922
12190923
12190924
12190925
12191000
12191001
12191002
12191003
12191004
12191005
12191006
12191007
12191008
12191009
12191010
12191011
12191012
12191013
12191014
12191015
12191016
12191017
12191018
12191019
12191020
12191021
12191022
12191023
12191024
12191025
12191100
12191101
12191102
12191103
12191104
12191105
12191106
12191107
12191108
12191109
12191110
12191111
12191112
12191113
12191114
12191115
12191116
12191117
12191118
12191119
12191120
12191121
12191122
12191123
12191124
12191125
12191200
12191201
12191202
12191203
12191204
12191205
12191206
12191207
12191208
12191209
12191210
12191211
12191212
12191213
12191214
12191215
12191216
12191217
12191218
12191219
12191220
12191221
12191222
12191223
12191224
12191225
12200000
12200001
12200002
12200003
12200004
12200005
12200006
12200007
12200008
12200009
12200010
12200011
12200012
12200013
12200014
12200015
12200016
12200017
12200018
12200019
12200020
12200021
12200022
12200023
12200024
12200025
12210000
12210001
12210002
12210003
12210004
12210005
12210006
12210007
12210008
12210009
12210010
12210011
12210012
12210013
12210014
12210015
12210016
12210017
12210018
12210019
12210020
12210021
12210022
12210023
12210024
12210025
12210100
12210101
12210102
12210103
12210104
12210105
12210106
12210107
12210108
12210109
12210110
12210111
12210112
12210113
12210114
12210115
12210116
12210117
12210118
12210119
12210120
12210121
12210122
12210123
12210124
12210125
12210200
12210201
12210202
12210203
12210204
12210205
12210206
12210207
12210208
12210209
12210210
12210211
12210212
12210213
12210214
12210215
12210216
12210217
12210218
12210219
12210220
12210221
12210222
12210223
12210224
12210225
12210300
12210301
12210302
12210303
12210304
12210305
12210306
12210307
12210308
12210309
12210310
12210311
12210312
12210313
12210314
12210315
12210316
12210317
12210318
12210319
12210320
12210321
12210322
12210323
12210324
12210325
12210400
12210401
12210402
12210403
12210404
12210405
12210406
12210407
12210408
12210409
12210410
12210411
12210412
12210413
12210414
12210415
12210416
12210417
12210418
12210419
12210420
12210421
12210422
12210423
12210424
12210425
12210500
12210501
12210502
12210503
12210504
12210505
12210506
12210507
12210508
12210509
12210510
12210511
12210512
12210513
12210514
12210515
12210516
12210517
12210518
12210519
12210520
12210521
12210522
12210523
12210524
12210525
12210600
12210601
12210602
12210603
12210604
12210605
12210606
12210607
12210608
12210609
12210610
12210611
12210612
12210613
12210614
12210615
12210616
12210617
12210618
12210619
12210620
12210621
12210622
12210623
12210624
12210625
12210700
12210701
12210702
12210703
12210704
12210705
12210706
12210707
12210708
12210709
12210710
12210711
12210712
12210713
12210714
12210715
12210716
12210717
12210718
12210719
12210720
12210721
12210722
12210723
12210724
12210725
12210800
12210801
12210802
12210803
12210804
12210805
12210806
12210807
12210808
12210809
12210810
12210811
12210812
12210813
12210814
12210815
12210816
12210817
12210818
12210819
12210820
12210821
12210822
12210823
12210824
12210825
12210900
12210901
12210902
12210903
12210904
12210905
12210906
12210907
12210908
12210909
12210910
12210911
12210912
12210913
12210914
12210915
12210916
12210917
12210918
12210919
12210920
12210921
12210922
12210923
12210924
12210925
12211000
12211001
12211002
12211003
12211004
12211005
12211006
12211007
12211008
12211009
12211010
12211011
12211012
12211013
12211014
12211015
12211016
12211017
12211018
12211019
12211020
12211021
12211022
12211023
12211024
12211025
12211100
12211101
12211102
12211103
12211104
12211105
12211106
12211107
12211108
12211109
12211110
12211111
12211112
12211113
12211114
12211115
12211116
12211117
12211118
12211119
12211120
12211121
12211122
12211123
12211124
12211125
12211200
12211201
12211202
12211203
12211204
12211205
12211206
12211207
12211208
12211209
12211210
12211211
12211212
12211213
12211214
12211215
12211216
12211217
12211218
12211219
12211220
12211221
12211222
12211223
12211224
12211225
12500000
12500001
12500002
12500003
12500004
12500005
12500006
12500007
12500008
12500009
12500010
12500011
12500012
12500013
12500014
12500015
12500016
12500017
12500018
12500019
12500020
12500021
12500022
12500023
12500024
12500025
12500100
12500101
12500102
12500103
12500104
12500105
12500106
12500107
12500108
12500109
12500110
12500111
12500112
12500113
12500114
12500115
12500116
12500117
12500118
12500119
12500120
12500121
12500122
12500123
12500124
12500125
12500200
12500201
12500202
12500203
12500204
12500205
12500206
12500207
12500208
12500209
12500210
12500211
12500212
12500213
12500214
12500215
12500216
12500217
12500218
12500219
12500220
12500221
12500222
12500223
12500224
12500225
12500300
12500301
12500302
12500303
12500304
12500305
12500306
12500307
12500308
12500309
12500310
12500311
12500312
12500313
12500314
12500315
12500316
12500317
12500318
12500319
12500320
12500321
12500322
12500323
12500324
12500325
12500400
12500401
12500402
12500403
12500404
12500405
12500406
12500407
12500408
12500409
12500410
12500411
12500412
12500413
12500414
12500415
12500416
12500417
12500418
12500419
12500420
12500421
12500422
12500423
12500424
12500425
12500500
12500501
12500502
12500503
12500504
12500505
12500506
12500507
12500508
12500509
12500510
12500511
12500512
12500513
12500514
12500515
12500516
12500517
12500518
12500519
12500520
12500521
12500522
12500523
12500524
12500525
12500600
12500601
12500602
12500603
12500604
12500605
12500606
12500607
12500608
12500609
12500610
12500611
12500612
12500613
12500614
12500615
12500616
12500617
12500618
12500619
12500620
12500621
12500622
12500623
12500624
12500625
12500700
12500701
12500702
12500703
12500704
12500705
12500706
12500707
12500708
12500709
12500710
12500711
12500712
12500713
12500714
12500715
12500716
12500717
12500718
12500719
12500720
12500721
12500722
12500723
12500724
12500725
12500800
12500801
12500802
12500803
12500804
12500805
12500806
12500807
12500808
12500809
12500810
12500811
12500812
12500813
12500814
12500815
12500816
12500817
12500818
12500819
12500820
12500821
12500822
12500823
12500824
12500825
12500900
12500901
12500902
12500903
12500904
12500905
12500906
12500907
12500908
12500909
12500910
12500911
12500912
12500913
12500914
12500915
12500916
12500917
12500918
12500919
12500920
12500921
12500922
12500923
12500924
12500925
12501000
12501001
12501002
12501003
12501004
12501005
12501006
12501007
12501008
12501009
12501010
12501011
12501012
12501013
12501014
12501015
12501016
12501017
12501018
12501019
12501020
12501021
12501022
12501023
12501024
12501025
12501100
12501101
12501102
12501103
12501104
12501105
12501106
12501107
12501108
12501109
12501110
12501111
12501112
12501113
12501114
12501115
12501116
12501117
12501118
12501119
12501120
12501121
12501122
12501123
12501124
12501125
12501200
12501201
12501202
12501203
12501204
12501205
12501206
12501207
12501208
12501209
12501210
12501211
12501212
12501213
12501214
12501215
12501216
12501217
12501218
12501219
12501220
12501221
12501222
12501223
12501224
12501225
12510000
12510001
12510002
12510003
12510004
12510005
12510006
12510007
12510008
12510009
12510010
12510011
12510012
12510013
12510014
12510015
12510016
12510017
12510018
12510019
12510020
12510021
12510022
12510023
12510024
12510025
12520000
12520001
12520002
12520003
12520004
12520005
12520006
12520007
12520008
12520009
12520010
12520011
12520012
12520013
12520014
12520015
12520016
12520017
12520018
12520019
12520020
12520021
12520022
12520023
12520024
12520025
12520100
12520101
12520102
12520103
12520104
12520105
12520106
12520107
12520108
12520109
12520110
12520111
12520112
12520113
12520114
12520115
12520116
12520117
12520118
12520119
12520120
12520121
12520122
12520123
12520124
12520125
12520200
12520201
12520202
12520203
12520204
12520205
12520206
12520207
12520208
12520209
12520210
12520211
12520212
12520213
12520214
12520215
12520216
12520217
12520218
12520219
12520220
12520221
12520222
12520223
12520224
12520225
12520300
12520301
12520302
12520303
12520304
12520305
12520306
12520307
12520308
12520309
12520310
12520311
12520312
12520313
12520314
12520315
12520316
12520317
12520318
12520319
12520320
12520321
12520322
12520323
12520324
12520325
12520400
12520401
12520402
12520403
12520404
12520405
12520406
12520407
12520408
12520409
12520410
12520411
12520412
12520413
12520414
12520415
12520416
12520417
12520418
12520419
12520420
12520421
12520422
12520423
12520424
12520425
12520500
12520501
12520502
12520503
12520504
12520505
12520506
12520507
12520508
12520509
12520510
12520511
12520512
12520513
12520514
12520515
12520516
12520517
12520518
12520519
12520520
12520521
12520522
12520523
12520524
12520525
12520600
12520601
12520602
12520603
12520604
12520605
12520606
12520607
12520608
12520609
12520610
12520611
12520612
12520613
12520614
12520615
12520616
12520617
12520618
12520619
12520620
12520621
12520622
12520623
12520624
12520625
12520700
12520701
12520702
12520703
12520704
12520705
12520706
12520707
12520708
12520709
12520710
12520711
12520712
12520713
12520714
12520715
12520716
12520717
12520718
12520719
12520720
12520721
12520722
12520723
12520724
12520725
12520800
12520801
12520802
12520803
12520804
12520805
12520806
12520807
12520808
12520809
12520810
12520811
12520812
12520813
12520814
12520815
12520816
12520817
12520818
12520819
12520820
12520821
12520822
12520823
12520824
12520825
12520900
12520901
12520902
12520903
12520904
12520905
12520906
12520907
12520908
12520909
12520910
12520911
12520912
12520913
12520914
12520915
12520916
12520917
12520918
12520919
12520920
12520921
12520922
12520923
12520924
12520925
12521000
12521001
12521002
12521003
12521004
12521005
12521006
12521007
12521008
12521009
12521010
12521011
12521012
12521013
12521014
12521015
12521016
12521017
12521018
12521019
12521020
12521021
12521022
12521023
12521024
12521025
12521100
12521101
12521102
12521103
12521104
12521105
12521106
12521107
12521108
12521109
12521110
12521111
12521112
12521113
12521114
12521115
12521116
12521117
12521118
12521119
12521120
12521121
12521122
12521123
12521124
12521125
12521200
12521201
12521202
12521203
12521204
12521205
12521206
12521207
12521208
12521209
12521210
12521211
12521212
12521213
12521214
12521215
12521216
12521217
12521218
12521219
12521220
12521221
12521222
12521223
12521224
12521225
12530000
12530001
12530002
12530003
12530004
12530005
12530006
12530007
12530008
12530009
12530010
12530011
12530012
12530013
12530014
12530015
12530016
12530017
12530018
12530019
12530020
12530021
12530022
12530023
12530024
12530025
12530100
12530101
12530102
12530103
12530104
12530105
12530106
12530107
12530108
12530109
12530110
12530111
12530112
12530113
12530114
12530115
12530116
12530117
12530118
12530119
12530120
12530121
12530122
12530123
12530124
12530125
12530200
12530201
12530202
12530203
12530204
12530205
12530206
12530207
12530208
12530209
12530210
12530211
12530212
12530213
12530214
12530215
12530216
12530217
12530218
12530219
12530220
12530221
12530222
12530223
12530224
12530225
12530300
12530301
12530302
12530303
12530304
12530305
12530306
12530307
12530308
12530309
12530310
12530311
12530312
12530313
12530314
12530315
12530316
12530317
12530318
12530319
12530320
12530321
12530322
12530323
12530324
12530325
12530400
12530401
12530402
12530403
12530404
12530405
12530406
12530407
12530408
12530409
12530410
12530411
12530412
12530413
12530414
12530415
12530416
12530417
12530418
12530419
12530420
12530421
12530422
12530423
12530424
12530425
12530500
12530501
12530502
12530503
12530504
12530505
12530506
12530507
12530508
12530509
12530510
12530511
12530512
12530513
12530514
12530515
12530516
12530517
12530518
12530519
12530520
12530521
12530522
12530523
12530524
12530525
12530600
12530601
12530602
12530603
12530604
12530605
12530606
12530607
12530608
12530609
12530610
12530611
12530612
12530613
12530614
12530615
12530616
12530617
12530618
12530619
12530620
12530621
12530622
12530623
12530624
12530625
12530700
12530701
12530702
12530703
12530704
12530705
12530706
12530707
12530708
12530709
12530710
12530711
12530712
12530713
12530714
12530715
12530716
12530717
12530718
12530719
12530720
12530721
12530722
12530723
12530724
12530725
12530800
12530801
12530802
12530803
12530804
12530805
12530806
12530807
12530808
12530809
12530810
12530811
12530812
12530813
12530814
12530815
12530816
12530817
12530818
12530819
12530820
12530821
12530822
12530823
12530824
12530825
12530900
12530901
12530902
12530903
12530904
12530905
12530906
12530907
12530908
12530909
12530910
12530911
12530912
12530913
12530914
12530915
12530916
12530917
12530918
12530919
12530920
12530921
12530922
12530923
12530924
12530925
12531000
12531001
12531002
12531003
12531004
12531005
12531006
12531007
12531008
12531009
12531010
12531011
12531012
12531013
12531014
12531015
12531016
12531017
12531018
12531019
12531020
12531021
12531022
12531023
12531024
12531025
12531100
12531101
12531102
12531103
12531104
12531105
12531106
12531107
12531108
12531109
12531110
12531111
12531112
12531113
12531114
12531115
12531116
12531117
12531118
12531119
12531120
12531121
12531122
12531123
12531124
12531125
12531200
12531201
12531202
12531203
12531204
12531205
12531206
12531207
12531208
12531209
12531210
12531211
12531212
12531213
12531214
12531215
12531216
12531217
12531218
12531219
12531220
12531221
12531222
12531223
12531224
12531225
12900000
12900001
12900002
12900003
12900004
12900005
12900006
12900007
12900008
12900009
12900010
12900011
12900012
12900013
12900014
12900015
12900016
12900017
12900018
12900019
12900020
12900021
12900022
12900023
12900024
12900025
12910000
12910001
12910002
12910003
12910004
12910005
12910006
12910007
12910008
12910009
12910010
12910011
12910012
12910013
12910014
12910015
12910016
12910017
12910018
12910019
12910020
12910021
12910022
12910023
12910024
12910025
13000000
13000001
13000002
13000003
13000004
13000005
13000006
13000007
13000008
13000009
13000010
13000011
13000012
13000013
13000014
13000015
13000016
13000017
13000018
13000019
13000020
13000021
13000022
13000023
13000024
13000025
13000100
13000101
13000102
13000103
13000104
13000105
13000106
13000107
13000108
13000109
13000110
13000111
13000112
13000113
13000114
13000115
13000116
13000117
13000118
13000119
13000120
13000121
13000122
13000123
13000124
13000125
13000200
13000201
13000202
13000203
13000204
13000205
13000206
13000207
13000208
13000209
13000210
13000211
13000212
13000213
13000214
13000215
13000216
13000217
13000218
13000219
13000220
13000221
13000222
13000223
13000224
13000225
13000300
13000301
13000302
13000303
13000304
13000305
13000306
13000307
13000308
13000309
13000310
13000311
13000312
13000313
13000314
13000315
13000316
13000317
13000318
13000319
13000320
13000321
13000322
13000323
13000324
13000325
13000400
13000401
13000402
13000403
13000404
13000405
13000406
13000407
13000408
13000409
13000410
13000411
13000412
13000413
13000414
13000415
13000416
13000417
13000418
13000419
13000420
13000421
13000422
13000423
13000424
13000425
13000500
13000501
13000502
13000503
13000504
13000505
13000506
13000507
13000508
13000509
13000510
13000511
13000512
13000513
13000514
13000515
13000516
13000517
13000518
13000519
13000520
13000521
13000522
13000523
13000524
13000525
13000600
13000601
13000602
13000603
13000604
13000605
13000606
13000607
13000608
13000609
13000610
13000611
13000612
13000613
13000614
13000615
13000616
13000617
13000618
13000619
13000620
13000621
13000622
13000623
13000624
13000625
13000700
13000701
13000702
13000703
13000704
13000705
13000706
13000707
13000708
13000709
13000710
13000711
13000712
13000713
13000714
13000715
13000716
13000717
13000718
13000719
13000720
13000721
13000722
13000723
13000724
13000725
13000800
13000801
13000802
13000803
13000804
13000805
13000806
13000807
13000808
13000809
13000810
13000811
13000812
13000813
13000814
13000815
13000816
13000817
13000818
13000819
13000820
13000821
13000822
13000823
13000824
13000825
13000900
13000901
13000902
13000903
13000904
13000905
13000906
13000907
13000908
13000909
13000910
13000911
13000912
13000913
13000914
13000915
13000916
13000917
13000918
13000919
13000920
13000921
13000922
13000923
13000924
13000925
13001000
13001001
13001002
13001003
13001004
13001005
13001006
13001007
13001008
13001009
13001010
13001011
13001012
13001013
13001014
13001015
13001016
13001017
13001018
13001019
13001020
13001021
13001022
13001023
13001024
13001025
13001100
13001101
13001102
13001103
13001104
13001105
13001106
13001107
13001108
13001109
13001110
13001111
13001112
13001113
13001114
13001115
13001116
13001117
13001118
13001119
13001120
13001121
13001122
13001123
13001124
13001125
13001200
13001201
13001202
13001203
13001204
13001205
13001206
13001207
13001208
13001209
13001210
13001211
13001212
13001213
13001214
13001215
13001216
13001217
13001218
13001219
13001220
13001221
13001222
13001223
13001224
13001225
13010000
13010001
13010002
13010003
13010004
13010005
13010006
13010007
13010008
13010009
13010010
13010011
13010012
13010013
13010014
13010015
13010016
13010017
13010018
13010019
13010020
13010021
13010022
13010023
13010024
13010025
13010100
13010101
13010102
13010103
13010104
13010105
13010106
13010107
13010108
13010109
13010110
13010111
13010112
13010113
13010114
13010115
13010116
13010117
13010118
13010119
13010120
13010121
13010122
13010123
13010124
13010125
13010200
13010201
13010202
13010203
13010204
13010205
13010206
13010207
13010208
13010209
13010210
13010211
13010212
13010213
13010214
13010215
13010216
13010217
13010218
13010219
13010220
13010221
13010222
13010223
13010224
13010225
13010300
13010301
13010302
13010303
13010304
13010305
13010306
13010307
13010308
13010309
13010310
13010311
13010312
13010313
13010314
13010315
13010316
13010317
13010318
13010319
13010320
13010321
13010322
13010323
13010324
13010325
13010400
13010401
13010402
13010403
13010404
13010405
13010406
13010407
13010408
13010409
13010410
13010411
13010412
13010413
13010414
13010415
13010416
13010417
13010418
13010419
13010420
13010421
13010422
13010423
13010424
13010425
13010500
13010501
13010502
13010503
13010504
13010505
13010506
13010507
13010508
13010509
13010510
13010511
13010512
13010513
13010514
13010515
13010516
13010517
13010518
13010519
13010520
13010521
13010522
13010523
13010524
13010525
13010600
13010601
13010602
13010603
13010604
13010605
13010606
13010607
13010608
13010609
13010610
13010611
13010612
13010613
13010614
13010615
13010616
13010617
13010618
13010619
13010620
13010621
13010622
13010623
13010624
13010625
13010700
13010701
13010702
13010703
13010704
13010705
13010706
13010707
13010708
13010709
13010710
13010711
13010712
13010713
13010714
13010715
13010716
13010717
13010718
13010719
13010720
13010721
13010722
13010723
13010724
13010725
13010800
13010801
13010802
13010803
13010804
13010805
13010806
13010807
13010808
13010809
13010810
13010811
13010812
13010813
13010814
13010815
13010816
13010817
13010818
13010819
13010820
13010821
13010822
13010823
13010824
13010825
13010900
13010901
13010902
13010903
13010904
13010905
13010906
13010907
13010908
13010909
13010910
13010911
13010912
13010913
13010914
13010915
13010916
13010917
13010918
13010919
13010920
13010921
13010922
13010923
13010924
13010925
13011000
13011001
13011002
13011003
13011004
13011005
13011006
13011007
13011008
13011009
13011010
13011011
13011012
13011013
13011014
13011015
13011016
13011017
13011018
13011019
13011020
13011021
13011022
13011023
13011024
13011025
13011100
13011101
13011102
13011103
13011104
13011105
13011106
13011107
13011108
13011109
13011110
13011111
13011112
13011113
13011114
13011115
13011116
13011117
13011118
13011119
13011120
13011121
13011122
13011123
13011124
13011125
13011200
13011201
13011202
13011203
13011204
13011205
13011206
13011207
13011208
13011209
13011210
13011211
13011212
13011213
13011214
13011215
13011216
13011217
13011218
13011219
13011220
13011221
13011222
13011223
13011224
13011225
13020000
13020001
13020002
13020003
13020004
13020005
13020006
13020007
13020008
13020009
13020010
13020011
13020012
13020013
13020014
13020015
13020016
13020017
13020018
13020019
13020020
13020021
13020022
13020023
13020024
13020025
13030000
13030001
13030002
13030003
13030004
13030005
13030006
13030007
13030008
13030009
13030010
13030011
13030012
13030013
13030014
13030015
13030016
13030017
13030018
13030019
13030020
13030021
13030022
13030023
13030024
13030025
13040000
13040001
13040002
13040003
13040004
13040005
13040006
13040007
13040008
13040009
13040010
13040011
13040012
13040013
13040014
13040015
13040016
13040017
13040018
13040019
13040020
13040021
13040022
13040023
13040024
13040025
13040100
13040101
13040102
13040103
13040104
13040105
13040106
13040107
13040108
13040109
13040110
13040111
13040112
13040113
13040114
13040115
13040116
13040117
13040118
13040119
13040120
13040121
13040122
13040123
13040124
13040125
13040200
13040201
13040202
13040203
13040204
13040205
13040206
13040207
13040208
13040209
13040210
13040211
13040212
13040213
13040214
13040215
13040216
13040217
13040218
13040219
13040220
13040221
13040222
13040223
13040224
13040225
13040300
13040301
13040302
13040303
13040304
13040305
13040306
13040307
13040308
13040309
13040310
13040311
13040312
13040313
13040314
13040315
13040316
13040317
13040318
13040319
13040320
13040321
13040322
13040323
13040324
13040325
13040400
13040401
13040402
13040403
13040404
13040405
13040406
13040407
13040408
13040409
13040410
13040411
13040412
13040413
13040414
13040415
13040416
13040417
13040418
13040419
13040420
13040421
13040422
13040423
13040424
13040425
13040500
13040501
13040502
13040503
13040504
13040505
13040506
13040507
13040508
13040509
13040510
13040511
13040512
13040513
13040514
13040515
13040516
13040517
13040518
13040519
13040520
13040521
13040522
13040523
13040524
13040525
13040600
13040601
13040602
13040603
13040604
13040605
13040606
13040607
13040608
13040609
13040610
13040611
13040612
13040613
13040614
13040615
13040616
13040617
13040618
13040619
13040620
13040621
13040622
13040623
13040624
13040625
13040700
13040701
13040702
13040703
13040704
13040705
13040706
13040707
13040708
13040709
13040710
13040711
13040712
13040713
13040714
13040715
13040716
13040717
13040718
13040719
13040720
13040721
13040722
13040723
13040724
13040725
13040800
13040801
13040802
13040803
13040804
13040805
13040806
13040807
13040808
13040809
13040810
13040811
13040812
13040813
13040814
13040815
13040816
13040817
13040818
13040819
13040820
13040821
13040822
13040823
13040824
13040825
13040900
13040901
13040902
13040903
13040904
13040905
13040906
13040907
13040908
13040909
13040910
13040911
13040912
13040913
13040914
13040915
13040916
13040917
13040918
13040919
13040920
13040921
13040922
13040923
13040924
13040925
13041000
13041001
13041002
13041003
13041004
13041005
13041006
13041007
13041008
13041009
13041010
13041011
13041012
13041013
13041014
13041015
13041016
13041017
13041018
13041019
13041020
13041021
13041022
13041023
13041024
13041025
13041100
13041101
13041102
13041103
13041104
13041105
13041106
13041107
13041108
13041109
13041110
13041111
13041112
13041113
13041114
13041115
13041116
13041117
13041118
13041119
13041120
13041121
13041122
13041123
13041124
13041125
13041200
13041201
13041202
13041203
13041204
13041205
13041206
13041207
13041208
13041209
13041210
13041211
13041212
13041213
13041214
13041215
13041216
13041217
13041218
13041219
13041220
13041221
13041222
13041223
13041224
13041225
13500000
13500001
13500002
13500003
13500004
13500005
13500006
13500007
13500008
13500009
13500010
13500011
13500012
13500013
13500014
13500015
13500016
13500017
13500018
13500019
13500020
13500021
13500022
13500023
13500024
13500025
14000000
14000001
14000002
14000003
14000004
14000005
14000006
14000007
14000008
14000009
14000010
14000011
14000012
14000013
14000014
14000015
14000016
14000017
14000018
14000019
14000020
14000021
14000022
14000023
14000024
14000025
14000100
14000101
14000102
14000103
14000104
14000105
14000106
14000107
14000108
14000109
14000110
14000111
14000112
14000113
14000114
14000115
14000116
14000117
14000118
14000119
14000120
14000121
14000122
14000123
14000124
14000125
14000200
14000201
14000202
14000203
14000204
14000205
14000206
14000207
14000208
14000209
14000210
14000211
14000212
14000213
14000214
14000215
14000216
14000217
14000218
14000219
14000220
14000221
14000222
14000223
14000224
14000225
14000300
14000301
14000302
14000303
14000304
14000305
14000306
14000307
14000308
14000309
14000310
14000311
14000312
14000313
14000314
14000315
14000316
14000317
14000318
14000319
14000320
14000321
14000322
14000323
14000324
14000325
14000400
14000401
14000402
14000403
14000404
14000405
14000406
14000407
14000408
14000409
14000410
14000411
14000412
14000413
14000414
14000415
14000416
14000417
14000418
14000419
14000420
14000421
14000422
14000423
14000424
14000425
14000500
14000501
14000502
14000503
14000504
14000505
14000506
14000507
14000508
14000509
14000510
14000511
14000512
14000513
14000514
14000515
14000516
14000517
14000518
14000519
14000520
14000521
14000522
14000523
14000524
14000525
14000600
14000601
14000602
14000603
14000604
14000605
14000606
14000607
14000608
14000609
14000610
14000611
14000612
14000613
14000614
14000615
14000616
14000617
14000618
14000619
14000620
14000621
14000622
14000623
14000624
14000625
14000700
14000701
14000702
14000703
14000704
14000705
14000706
14000707
14000708
14000709
14000710
14000711
14000712
14000713
14000714
14000715
14000716
14000717
14000718
14000719
14000720
14000721
14000722
14000723
14000724
14000725
14000800
14000801
14000802
14000803
14000804
14000805
14000806
14000807
14000808
14000809
14000810
14000811
14000812
14000813
14000814
14000815
14000816
14000817
14000818
14000819
14000820
14000821
14000822
14000823
14000824
14000825
14000900
14000901
14000902
14000903
14000904
14000905
14000906
14000907
14000908
14000909
14000910
14000911
14000912
14000913
14000914
14000915
14000916
14000917
14000918
14000919
14000920
14000921
14000922
14000923
14000924
14000925
14001000
14001001
14001002
14001003
14001004
14001005
14001006
14001007
14001008
14001009
14001010
14001011
14001012
14001013
14001014
14001015
14001016
14001017
14001018
14001019
14001020
14001021
14001022
14001023
14001024
14001025
14001100
14001101
14001102
14001103
14001104
14001105
14001106
14001107
14001108
14001109
14001110
14001111
14001112
14001113
14001114
14001115
14001116
14001117
14001118
14001119
14001120
14001121
14001122
14001123
14001124
14001125
14001200
14001201
14001202
14001203
14001204
14001205
14001206
14001207
14001208
14001209
14001210
14001211
14001212
14001213
14001214
14001215
14001216
14001217
14001218
14001219
14001220
14001221
14001222
14001223
14001224
14001225
14010000
14010001
14010002
14010003
14010004
14010005
14010006
14010007
14010008
14010009
14010010
14010011
14010012
14010013
14010014
14010015
14010016
14010017
14010018
14010019
14010020
14010021
14010022
14010023
14010024
14010025
14010100
14010101
14010102
14010103
14010104
14010105
14010106
14010107
14010108
14010109
14010110
14010111
14010112
14010113
14010114
14010115
14010116
14010117
14010118
14010119
14010120
14010121
14010122
14010123
14010124
14010125
14010200
14010201
14010202
14010203
14010204
14010205
14010206
14010207
14010208
14010209
14010210
14010211
14010212
14010213
14010214
14010215
14010216
14010217
14010218
14010219
14010220
14010221
14010222
14010223
14010224
14010225
14010300
14010301
14010302
14010303
14010304
14010305
14010306
14010307
14010308
14010309
14010310
14010311
14010312
14010313
14010314
14010315
14010316
14010317
14010318
14010319
14010320
14010321
14010322
14010323
14010324
14010325
14010400
14010401
14010402
14010403
14010404
14010405
14010406
14010407
14010408
14010409
14010410
14010411
14010412
14010413
14010414
14010415
14010416
14010417
14010418
14010419
14010420
14010421
14010422
14010423
14010424
14010425
14010500
14010501
14010502
14010503
14010504
14010505
14010506
14010507
14010508
14010509
14010510
14010511
14010512
14010513
14010514
14010515
14010516
14010517
14010518
14010519
14010520
14010521
14010522
14010523
14010524
14010525
14010600
14010601
14010602
14010603
14010604
14010605
14010606
14010607
14010608
14010609
14010610
14010611
14010612
14010613
14010614
14010615
14010616
14010617
14010618
14010619
14010620
14010621
14010622
14010623
14010624
14010625
14010700
14010701
14010702
14010703
14010704
14010705
14010706
14010707
14010708
14010709
14010710
14010711
14010712
14010713
14010714
14010715
14010716
14010717
14010718
14010719
14010720
14010721
14010722
14010723
14010724
14010725
14010800
14010801
14010802
14010803
14010804
14010805
14010806
14010807
14010808
14010809
14010810
14010811
14010812
14010813
14010814
14010815
14010816
14010817
14010818
14010819
14010820
14010821
14010822
14010823
14010824
14010825
14010900
14010901
14010902
14010903
14010904
14010905
14010906
14010907
14010908
14010909
14010910
14010911
14010912
14010913
14010914
14010915
14010916
14010917
14010918
14010919
14010920
14010921
14010922
14010923
14010924
14010925
14011000
14011001
14011002
14011003
14011004
14011005
14011006
14011007
14011008
14011009
14011010
14011011
14011012
14011013
14011014
14011015
14011016
14011017
14011018
14011019
14011020
14011021
14011022
14011023
14011024
14011025
14011100
14011101
14011102
14011103
14011104
14011105
14011106
14011107
14011108
14011109
14011110
14011111
14011112
14011113
14011114
14011115
14011116
14011117
14011118
14011119
14011120
14011121
14011122
14011123
14011124
14011125
14011200
14011201
14011202
14011203
14011204
14011205
14011206
14011207
14011208
14011209
14011210
14011211
14011212
14011213
14011214
14011215
14011216
14011217
14011218
14011219
14011220
14011221
14011222
14011223
14011224
14011225
14020000
14020001
14020002
14020003
14020004
14020005
14020006
14020007
14020008
14020009
14020010
14020011
14020012
14020013
14020014
14020015
14020016
14020017
14020018
14020019
14020020
14020021
14020022
14020023
14020024
14020025
14020100
14020101
14020102
14020103
14020104
14020105
14020106
14020107
14020108
14020109
14020110
14020111
14020112
14020113
14020114
14020115
14020116
14020117
14020118
14020119
14020120
14020121
14020122
14020123
14020124
14020125
14020200
14020201
14020202
14020203
14020204
14020205
14020206
14020207
14020208
14020209
14020210
14020211
14020212
14020213
14020214
14020215
14020216
14020217
14020218
14020219
14020220
14020221
14020222
14020223
14020224
14020225
14020300
14020301
14020302
14020303
14020304
14020305
14020306
14020307
14020308
14020309
14020310
14020311
14020312
14020313
14020314
14020315
14020316
14020317
14020318
14020319
14020320
14020321
14020322
14020323
14020324
14020325
14020400
14020401
14020402
14020403
14020404
14020405
14020406
14020407
14020408
14020409
14020410
14020411
14020412
14020413
14020414
14020415
14020416
14020417
14020418
14020419
14020420
14020421
14020422
14020423
14020424
14020425
14020500
14020501
14020502
14020503
14020504
14020505
14020506
14020507
14020508
14020509
14020510
14020511
14020512
14020513
14020514
14020515
14020516
14020517
14020518
14020519
14020520
14020521
14020522
14020523
14020524
14020525
14020600
14020601
14020602
14020603
14020604
14020605
14020606
14020607
14020608
14020609
14020610
14020611
14020612
14020613
14020614
14020615
14020616
14020617
14020618
14020619
14020620
14020621
14020622
14020623
14020624
14020625
14020700
14020701
14020702
14020703
14020704
14020705
14020706
14020707
14020708
14020709
14020710
14020711
14020712
14020713
14020714
14020715
14020716
14020717
14020718
14020719
14020720
14020721
14020722
14020723
14020724
14020725
14020800
14020801
14020802
14020803
14020804
14020805
14020806
14020807
14020808
14020809
14020810
14020811
14020812
14020813
14020814
14020815
14020816
14020817
14020818
14020819
14020820
14020821
14020822
14020823
14020824
14020825
14020900
14020901
14020902
14020903
14020904
14020905
14020906
14020907
14020908
14020909
14020910
14020911
14020912
14020913
14020914
14020915
14020916
14020917
14020918
14020919
14020920
14020921
14020922
14020923
14020924
14020925
14021000
14021001
14021002
14021003
14021004
14021005
14021006
14021007
14021008
14021009
14021010
14021011
14021012
14021013
14021014
14021015
14021016
14021017
14021018
14021019
14021020
14021021
14021022
14021023
14021024
14021025
14021100
14021101
14021102
14021103
14021104
14021105
14021106
14021107
14021108
14021109
14021110
14021111
14021112
14021113
14021114
14021115
14021116
14021117
14021118
14021119
14021120
14021121
14021122
14021123
14021124
14021125
14021200
14021201
14021202
14021203
14021204
14021205
14021206
14021207
14021208
14021209
14021210
14021211
14021212
14021213
14021214
14021215
14021216
14021217
14021218
14021219
14021220
14021221
14021222
14021223
14021224
14021225
14030000
14030001
14030002
14030003
14030004
14030005
14030006
14030007
14030008
14030009
14030010
14030011
14030012
14030013
14030014
14030015
14030016
14030017
14030018
14030019
14030020
14030021
14030022
14030023
14030024
14030025
14030100
14030101
14030102
14030103
14030104
14030105
14030106
14030107
14030108
14030109
14030110
14030111
14030112
14030113
14030114
14030115
14030116
14030117
14030118
14030119
14030120
14030121
14030122
14030123
14030124
14030125
14030200
14030201
14030202
14030203
14030204
14030205
14030206
14030207
14030208
14030209
14030210
14030211
14030212
14030213
14030214
14030215
14030216
14030217
14030218
14030219
14030220
14030221
14030222
14030223
14030224
14030225
14030300
14030301
14030302
14030303
14030304
14030305
14030306
14030307
14030308
14030309
14030310
14030311
14030312
14030313
14030314
14030315
14030316
14030317
14030318
14030319
14030320
14030321
14030322
14030323
14030324
14030325
14030400
14030401
14030402
14030403
14030404
14030405
14030406
14030407
14030408
14030409
14030410
14030411
14030412
14030413
14030414
14030415
14030416
14030417
14030418
14030419
14030420
14030421
14030422
14030423
14030424
14030425
14030500
14030501
14030502
14030503
14030504
14030505
14030506
14030507
14030508
14030509
14030510
14030511
14030512
14030513
14030514
14030515
14030516
14030517
14030518
14030519
14030520
14030521
14030522
14030523
14030524
14030525
14030600
14030601
14030602
14030603
14030604
14030605
14030606
14030607
14030608
14030609
14030610
14030611
14030612
14030613
14030614
14030615
14030616
14030617
14030618
14030619
14030620
14030621
14030622
14030623
14030624
14030625
14030700
14030701
14030702
14030703
14030704
14030705
14030706
14030707
14030708
14030709
14030710
14030711
14030712
14030713
14030714
14030715
14030716
14030717
14030718
14030719
14030720
14030721
14030722
14030723
14030724
14030725
14030800
14030801
14030802
14030803
14030804
14030805
14030806
14030807
14030808
14030809
14030810
14030811
14030812
14030813
14030814
14030815
14030816
14030817
14030818
14030819
14030820
14030821
14030822
14030823
14030824
14030825
14030900
14030901
14030902
14030903
14030904
14030905
14030906
14030907
14030908
14030909
14030910
14030911
14030912
14030913
14030914
14030915
14030916
14030917
14030918
14030919
14030920
14030921
14030922
14030923
14030924
14030925
14031000
14031001
14031002
14031003
14031004
14031005
14031006
14031007
14031008
14031009
14031010
14031011
14031012
14031013
14031014
14031015
14031016
14031017
14031018
14031019
14031020
14031021
14031022
14031023
14031024
14031025
14031100
14031101
14031102
14031103
14031104
14031105
14031106
14031107
14031108
14031109
14031110
14031111
14031112
14031113
14031114
14031115
14031116
14031117
14031118
14031119
14031120
14031121
14031122
14031123
14031124
14031125
14031200
14031201
14031202
14031203
14031204
14031205
14031206
14031207
14031208
14031209
14031210
14031211
14031212
14031213
14031214
14031215
14031216
14031217
14031218
14031219
14031220
14031221
14031222
14031223
14031224
14031225
14040000
14040001
14040002
14040003
14040004
14040005
14040006
14040007
14040008
14040009
14040010
14040011
14040012
14040013
14040014
14040015
14040016
14040017
14040018
14040019
14040020
14040021
14040022
14040023
14040024
14040025
14040100
14040101
14040102
14040103
14040104
14040105
14040106
14040107
14040108
14040109
14040110
14040111
14040112
14040113
14040114
14040115
14040116
14040117
14040118
14040119
14040120
14040121
14040122
14040123
14040124
14040125
14040200
14040201
14040202
14040203
14040204
14040205
14040206
14040207
14040208
14040209
14040210
14040211
14040212
14040213
14040214
14040215
14040216
14040217
14040218
14040219
14040220
14040221
14040222
14040223
14040224
14040225
14040300
14040301
14040302
14040303
14040304
14040305
14040306
14040307
14040308
14040309
14040310
14040311
14040312
14040313
14040314
14040315
14040316
14040317
14040318
14040319
14040320
14040321
14040322
14040323
14040324
14040325
14040400
14040401
14040402
14040403
14040404
14040405
14040406
14040407
14040408
14040409
14040410
14040411
14040412
14040413
14040414
14040415
14040416
14040417
14040418
14040419
14040420
14040421
14040422
14040423
14040424
14040425
14040500
14040501
14040502
14040503
14040504
14040505
14040506
14040507
14040508
14040509
14040510
14040511
14040512
14040513
14040514
14040515
14040516
14040517
14040518
14040519
14040520
14040521
14040522
14040523
14040524
14040525
14040600
14040601
14040602
14040603
14040604
14040605
14040606
14040607
14040608
14040609
14040610
14040611
14040612
14040613
14040614
14040615
14040616
14040617
14040618
14040619
14040620
14040621
14040622
14040623
14040624
14040625
14040700
14040701
14040702
14040703
14040704
14040705
14040706
14040707
14040708
14040709
14040710
14040711
14040712
14040713
14040714
14040715
14040716
14040717
14040718
14040719
14040720
14040721
14040722
14040723
14040724
14040725
14040800
14040801
14040802
14040803
14040804
14040805
14040806
14040807
14040808
14040809
14040810
14040811
14040812
14040813
14040814
14040815
14040816
14040817
14040818
14040819
14040820
14040821
14040822
14040823
14040824
14040825
14040900
14040901
14040902
14040903
14040904
14040905
14040906
14040907
14040908
14040909
14040910
14040911
14040912
14040913
14040914
14040915
14040916
14040917
14040918
14040919
14040920
14040921
14040922
14040923
14040924
14040925
14041000
14041001
14041002
14041003
14041004
14041005
14041006
14041007
14041008
14041009
14041010
14041011
14041012
14041013
14041014
14041015
14041016
14041017
14041018
14041019
14041020
14041021
14041022
14041023
14041024
14041025
14041100
14041101
14041102
14041103
14041104
14041105
14041106
14041107
14041108
14041109
14041110
14041111
14041112
14041113
14041114
14041115
14041116
14041117
14041118
14041119
14041120
14041121
14041122
14041123
14041124
14041125
14041200
14041201
14041202
14041203
14041204
14041205
14041206
14041207
14041208
14041209
14041210
14041211
14041212
14041213
14041214
14041215
14041216
14041217
14041218
14041219
14041220
14041221
14041222
14041223
14041224
14041225
14050000
14050001
14050002
14050003
14050004
14050005
14050006
14050007
14050008
14050009
14050010
14050011
14050012
14050013
14050014
14050015
14050016
14050017
14050018
14050019
14050020
14050021
14050022
14050023
14050024
14050025
14060000
14060001
14060002
14060003
14060004
14060005
14060006
14060007
14060008
14060009
14060010
14060011
14060012
14060013
14060014
14060015
14060016
14060017
14060018
14060019
14060020
14060021
14060022
14060023
14060024
14060025
14060100
14060101
14060102
14060103
14060104
14060105
14060106
14060107
14060108
14060109
14060110
14060111
14060112
14060113
14060114
14060115
14060116
14060117
14060118
14060119
14060120
14060121
14060122
14060123
14060124
14060125
14060200
14060201
14060202
14060203
14060204
14060205
14060206
14060207
14060208
14060209
14060210
14060211
14060212
14060213
14060214
14060215
14060216
14060217
14060218
14060219
14060220
14060221
14060222
14060223
14060224
14060225
14060300
14060301
14060302
14060303
14060304
14060305
14060306
14060307
14060308
14060309
14060310
14060311
14060312
14060313
14060314
14060315
14060316
14060317
14060318
14060319
14060320
14060321
14060322
14060323
14060324
14060325
14060400
14060401
14060402
14060403
14060404
14060405
14060406
14060407
14060408
14060409
14060410
14060411
14060412
14060413
14060414
14060415
14060416
14060417
14060418
14060419
14060420
14060421
14060422
14060423
14060424
14060425
14060500
14060501
14060502
14060503
14060504
14060505
14060506
14060507
14060508
14060509
14060510
14060511
14060512
14060513
14060514
14060515
14060516
14060517
14060518
14060519
14060520
14060521
14060522
14060523
14060524
14060525
14060600
14060601
14060602
14060603
14060604
14060605
14060606
14060607
14060608
14060609
14060610
14060611
14060612
14060613
14060614
14060615
14060616
14060617
14060618
14060619
14060620
14060621
14060622
14060623
14060624
14060625
14060700
14060701
14060702
14060703
14060704
14060705
14060706
14060707
14060708
14060709
14060710
14060711
14060712
14060713
14060714
14060715
14060716
14060717
14060718
14060719
14060720
14060721
14060722
14060723
14060724
14060725
14060800
14060801
14060802
14060803
14060804
14060805
14060806
14060807
14060808
14060809
14060810
14060811
14060812
14060813
14060814
14060815
14060816
14060817
14060818
14060819
14060820
14060821
14060822
14060823
14060824
14060825
14060900
14060901
14060902
14060903
14060904
14060905
14060906
14060907
14060908
14060909
14060910
14060911
14060912
14060913
14060914
14060915
14060916
14060917
14060918
14060919
14060920
14060921
14060922
14060923
14060924
14060925
14061000
14061001
14061002
14061003
14061004
14061005
14061006
14061007
14061008
14061009
14061010
14061011
14061012
14061013
14061014
14061015
14061016
14061017
14061018
14061019
14061020
14061021
14061022
14061023
14061024
14061025
14061100
14061101
14061102
14061103
14061104
14061105
14061106
14061107
14061108
14061109
14061110
14061111
14061112
14061113
14061114
14061115
14061116
14061117
14061118
14061119
14061120
14061121
14061122
14061123
14061124
14061125
14061200
14061201
14061202
14061203
14061204
14061205
14061206
14061207
14061208
14061209
14061210
14061211
14061212
14061213
14061214
14061215
14061216
14061217
14061218
14061219
14061220
14061221
14061222
14061223
14061224
14061225
14080000
14080001
14080002
14080003
14080004
14080005
14080006
14080007
14080008
14080009
14080010
14080011
14080012
14080013
14080014
14080015
14080016
14080017
14080018
14080019
14080020
14080021
14080022
14080023
14080024
14080025
14100000
14100001
14100002
14100003
14100004
14100005
14100006
14100007
14100008
14100009
14100010
14100011
14100012
14100013
14100014
14100015
14100016
14100017
14100018
14100019
14100020
14100021
14100022
14100023
14100024
14100025
14100100
14100101
14100102
14100103
14100104
14100105
14100106
14100107
14100108
14100109
14100110
14100111
14100112
14100113
14100114
14100115
14100116
14100117
14100118
14100119
14100120
14100121
14100122
14100123
14100124
14100125
14100200
14100201
14100202
14100203
14100204
14100205
14100206
14100207
14100208
14100209
14100210
14100211
14100212
14100213
14100214
14100215
14100216
14100217
14100218
14100219
14100220
14100221
14100222
14100223
14100224
14100225
14100300
14100301
14100302
14100303
14100304
14100305
14100306
14100307
14100308
14100309
14100310
14100311
14100312
14100313
14100314
14100315
14100316
14100317
14100318
14100319
14100320
14100321
14100322
14100323
14100324
14100325
14100400
14100401
14100402
14100403
14100404
14100405
14100406
14100407
14100408
14100409
14100410
14100411
14100412
14100413
14100414
14100415
14100416
14100417
14100418
14100419
14100420
14100421
14100422
14100423
14100424
14100425
14100500
14100501
14100502
14100503
14100504
14100505
14100506
14100507
14100508
14100509
14100510
14100511
14100512
14100513
14100514
14100515
14100516
14100517
14100518
14100519
14100520
14100521
14100522
14100523
14100524
14100525
14100600
14100601
14100602
14100603
14100604
14100605
14100606
14100607
14100608
14100609
14100610
14100611
14100612
14100613
14100614
14100615
14100616
14100617
14100618
14100619
14100620
14100621
14100622
14100623
14100624
14100625
14100700
14100701
14100702
14100703
14100704
14100705
14100706
14100707
14100708
14100709
14100710
14100711
14100712
14100713
14100714
14100715
14100716
14100717
14100718
14100719
14100720
14100721
14100722
14100723
14100724
14100725
14100800
14100801
14100802
14100803
14100804
14100805
14100806
14100807
14100808
14100809
14100810
14100811
14100812
14100813
14100814
14100815
14100816
14100817
14100818
14100819
14100820
14100821
14100822
14100823
14100824
14100825
14100900
14100901
14100902
14100903
14100904
14100905
14100906
14100907
14100908
14100909
14100910
14100911
14100912
14100913
14100914
14100915
14100916
14100917
14100918
14100919
14100920
14100921
14100922
14100923
14100924
14100925
14101000
14101001
14101002
14101003
14101004
14101005
14101006
14101007
14101008
14101009
14101010
14101011
14101012
14101013
14101014
14101015
14101016
14101017
14101018
14101019
14101020
14101021
14101022
14101023
14101024
14101025
14101100
14101101
14101102
14101103
14101104
14101105
14101106
14101107
14101108
14101109
14101110
14101111
14101112
14101113
14101114
14101115
14101116
14101117
14101118
14101119
14101120
14101121
14101122
14101123
14101124
14101125
14101200
14101201
14101202
14101203
14101204
14101205
14101206
14101207
14101208
14101209
14101210
14101211
14101212
14101213
14101214
14101215
14101216
14101217
14101218
14101219
14101220
14101221
14101222
14101223
14101224
14101225
14110000
14110001
14110002
14110003
14110004
14110005
14110006
14110007
14110008
14110009
14110010
14110011
14110012
14110013
14110014
14110015
14110016
14110017
14110018
14110019
14110020
14110021
14110022
14110023
14110024
14110025
14110100
14110101
14110102
14110103
14110104
14110105
14110106
14110107
14110108
14110109
14110110
14110111
14110112
14110113
14110114
14110115
14110116
14110117
14110118
14110119
14110120
14110121
14110122
14110123
14110124
14110125
14110200
14110201
14110202
14110203
14110204
14110205
14110206
14110207
14110208
14110209
14110210
14110211
14110212
14110213
14110214
14110215
14110216
14110217
14110218
14110219
14110220
14110221
14110222
14110223
14110224
14110225
14110300
14110301
14110302
14110303
14110304
14110305
14110306
14110307
14110308
14110309
14110310
14110311
14110312
14110313
14110314
14110315
14110316
14110317
14110318
14110319
14110320
14110321
14110322
14110323
14110324
14110325
14110400
14110401
14110402
14110403
14110404
14110405
14110406
14110407
14110408
14110409
14110410
14110411
14110412
14110413
14110414
14110415
14110416
14110417
14110418
14110419
14110420
14110421
14110422
14110423
14110424
14110425
14110500
14110501
14110502
14110503
14110504
14110505
14110506
14110507
14110508
14110509
14110510
14110511
14110512
14110513
14110514
14110515
14110516
14110517
14110518
14110519
14110520
14110521
14110522
14110523
14110524
14110525
14110600
14110601
14110602
14110603
14110604
14110605
14110606
14110607
14110608
14110609
14110610
14110611
14110612
14110613
14110614
14110615
14110616
14110617
14110618
14110619
14110620
14110621
14110622
14110623
14110624
14110625
14110700
14110701
14110702
14110703
14110704
14110705
14110706
14110707
14110708
14110709
14110710
14110711
14110712
14110713
14110714
14110715
14110716
14110717
14110718
14110719
14110720
14110721
14110722
14110723
14110724
14110725
14110800
14110801
14110802
14110803
14110804
14110805
14110806
14110807
14110808
14110809
14110810
14110811
14110812
14110813
14110814
14110815
14110816
14110817
14110818
14110819
14110820
14110821
14110822
14110823
14110824
14110825
14110900
14110901
14110902
14110903
14110904
14110905
14110906
14110907
14110908
14110909
14110910
14110911
14110912
14110913
14110914
14110915
14110916
14110917
14110918
14110919
14110920
14110921
14110922
14110923
14110924
14110925
14111000
14111001
14111002
14111003
14111004
14111005
14111006
14111007
14111008
14111009
14111010
14111011
14111012
14111013
14111014
14111015
14111016
14111017
14111018
14111019
14111020
14111021
14111022
14111023
14111024
14111025
14111100
14111101
14111102
14111103
14111104
14111105
14111106
14111107
14111108
14111109
14111110
14111111
14111112
14111113
14111114
14111115
14111116
14111117
14111118
14111119
14111120
14111121
14111122
14111123
14111124
14111125
14111200
14111201
14111202
14111203
14111204
14111205
14111206
14111207
14111208
14111209
14111210
14111211
14111212
14111213
14111214
14111215
14111216
14111217
14111218
14111219
14111220
14111221
14111222
14111223
14111224
14111225
14120000
14120001
14120002
14120003
14120004
14120005
14120006
14120007
14120008
14120009
14120010
14120011
14120012
14120013
14120014
14120015
14120016
14120017
14120018
14120019
14120020
14120021
14120022
14120023
14120024
14120025
14140000
14140001
14140002
14140003
14140004
14140005
14140006
14140007
14140008
14140009
14140010
14140011
14140012
14140013
14140014
14140015
14140016
14140017
14140018
14140019
14140020
14140021
14140022
14140023
14140024
14140025
14500000
14500001
14500002
14500003
14500004
14500005
14500006
14500007
14500008
14500009
14500010
14500011
14500012
14500013
14500014
14500015
14500016
14500017
14500018
14500019
14500020
14500021
14500022
14500023
14500024
14500025
14500100
14500101
14500102
14500103
14500104
14500105
14500106
14500107
14500108
14500109
14500110
14500111
14500112
14500113
14500114
14500115
14500116
14500117
14500118
14500119
14500120
14500121
14500122
14500123
14500124
14500125
14500200
14500201
14500202
14500203
14500204
14500205
14500206
14500207
14500208
14500209
14500210
14500211
14500212
14500213
14500214
14500215
14500216
14500217
14500218
14500219
14500220
14500221
14500222
14500223
14500224
14500225
14500300
14500301
14500302
14500303
14500304
14500305
14500306
14500307
14500308
14500309
14500310
14500311
14500312
14500313
14500314
14500315
14500316
14500317
14500318
14500319
14500320
14500321
14500322
14500323
14500324
14500325
14500400
14500401
14500402
14500403
14500404
14500405
14500406
14500407
14500408
14500409
14500410
14500411
14500412
14500413
14500414
14500415
14500416
14500417
14500418
14500419
14500420
14500421
14500422
14500423
14500424
14500425
14500500
14500501
14500502
14500503
14500504
14500505
14500506
14500507
14500508
14500509
14500510
14500511
14500512
14500513
14500514
14500515
14500516
14500517
14500518
14500519
14500520
14500521
14500522
14500523
14500524
14500525
14500600
14500601
14500602
14500603
14500604
14500605
14500606
14500607
14500608
14500609
14500610
14500611
14500612
14500613
14500614
14500615
14500616
14500617
14500618
14500619
14500620
14500621
14500622
14500623
14500624
14500625
14500700
14500701
14500702
14500703
14500704
14500705
14500706
14500707
14500708
14500709
14500710
14500711
14500712
14500713
14500714
14500715
14500716
14500717
14500718
14500719
14500720
14500721
14500722
14500723
14500724
14500725
14500800
14500801
14500802
14500803
14500804
14500805
14500806
14500807
14500808
14500809
14500810
14500811
14500812
14500813
14500814
14500815
14500816
14500817
14500818
14500819
14500820
14500821
14500822
14500823
14500824
14500825
14500900
14500901
14500902
14500903
14500904
14500905
14500906
14500907
14500908
14500909
14500910
14500911
14500912
14500913
14500914
14500915
14500916
14500917
14500918
14500919
14500920
14500921
14500922
14500923
14500924
14500925
14501000
14501001
14501002
14501003
14501004
14501005
14501006
14501007
14501008
14501009
14501010
14501011
14501012
14501013
14501014
14501015
14501016
14501017
14501018
14501019
14501020
14501021
14501022
14501023
14501024
14501025
14501100
14501101
14501102
14501103
14501104
14501105
14501106
14501107
14501108
14501109
14501110
14501111
14501112
14501113
14501114
14501115
14501116
14501117
14501118
14501119
14501120
14501121
14501122
14501123
14501124
14501125
14501200
14501201
14501202
14501203
14501204
14501205
14501206
14501207
14501208
14501209
14501210
14501211
14501212
14501213
14501214
14501215
14501216
14501217
14501218
14501219
14501220
14501221
14501222
14501223
14501224
14501225
14510000
14510001
14510002
14510003
14510004
14510005
14510006
14510007
14510008
14510009
14510010
14510011
14510012
14510013
14510014
14510015
14510016
14510017
14510018
14510019
14510020
14510021
14510022
14510023
14510024
14510025
14520000
14520001
14520002
14520003
14520004
14520005
14520006
14520007
14520008
14520009
14520010
14520011
14520012
14520013
14520014
14520015
14520016
14520017
14520018
14520019
14520020
14520021
14520022
14520023
14520024
14520025
14520100
14520101
14520102
14520103
14520104
14520105
14520106
14520107
14520108
14520109
14520110
14520111
14520112
14520113
14520114
14520115
14520116
14520117
14520118
14520119
14520120
14520121
14520122
14520123
14520124
14520125
14520200
14520201
14520202
14520203
14520204
14520205
14520206
14520207
14520208
14520209
14520210
14520211
14520212
14520213
14520214
14520215
14520216
14520217
14520218
14520219
14520220
14520221
14520222
14520223
14520224
14520225
14520300
14520301
14520302
14520303
14520304
14520305
14520306
14520307
14520308
14520309
14520310
14520311
14520312
14520313
14520314
14520315
14520316
14520317
14520318
14520319
14520320
14520321
14520322
14520323
14520324
14520325
14520400
14520401
14520402
14520403
14520404
14520405
14520406
14520407
14520408
14520409
14520410
14520411
14520412
14520413
14520414
14520415
14520416
14520417
14520418
14520419
14520420
14520421
14520422
14520423
14520424
14520425
14520500
14520501
14520502
14520503
14520504
14520505
14520506
14520507
14520508
14520509
14520510
14520511
14520512
14520513
14520514
14520515
14520516
14520517
14520518
14520519
14520520
14520521
14520522
14520523
14520524
14520525
14520600
14520601
14520602
14520603
14520604
14520605
14520606
14520607
14520608
14520609
14520610
14520611
14520612
14520613
14520614
14520615
14520616
14520617
14520618
14520619
14520620
14520621
14520622
14520623
14520624
14520625
14520700
14520701
14520702
14520703
14520704
14520705
14520706
14520707
14520708
14520709
14520710
14520711
14520712
14520713
14520714
14520715
14520716
14520717
14520718
14520719
14520720
14520721
14520722
14520723
14520724
14520725
14520800
14520801
14520802
14520803
14520804
14520805
14520806
14520807
14520808
14520809
14520810
14520811
14520812
14520813
14520814
14520815
14520816
14520817
14520818
14520819
14520820
14520821
14520822
14520823
14520824
14520825
14520900
14520901
14520902
14520903
14520904
14520905
14520906
14520907
14520908
14520909
14520910
14520911
14520912
14520913
14520914
14520915
14520916
14520917
14520918
14520919
14520920
14520921
14520922
14520923
14520924
14520925
14521000
14521001
14521002
14521003
14521004
14521005
14521006
14521007
14521008
14521009
14521010
14521011
14521012
14521013
14521014
14521015
14521016
14521017
14521018
14521019
14521020
14521021
14521022
14521023
14521024
14521025
14521100
14521101
14521102
14521103
14521104
14521105
14521106
14521107
14521108
14521109
14521110
14521111
14521112
14521113
14521114
14521115
14521116
14521117
14521118
14521119
14521120
14521121
14521122
14521123
14521124
14521125
14521200
14521201
14521202
14521203
14521204
14521205
14521206
14521207
14521208
14521209
14521210
14521211
14521212
14521213
14521214
14521215
14521216
14521217
14521218
14521219
14521220
14521221
14521222
14521223
14521224
14521225
14540000
14540001
14540002
14540003
14540004
14540005
14540006
14540007
14540008
14540009
14540010
14540011
14540012
14540013
14540014
14540015
14540016
14540017
14540018
14540019
14540020
14540021
14540022
14540023
14540024
14540025
15000000
15000001
15000002
15000003
15000004
15000005
15000006
15000007
15000008
15000009
15000010
15000011
15000012
15000013
15000014
15000015
15000016
15000017
15000018
15000019
15000020
15000021
15000022
15000023
15000024
15000025
15000100
15000101
15000102
15000103
15000104
15000105
15000106
15000107
15000108
15000109
15000110
15000111
15000112
15000113
15000114
15000115
15000116
15000117
15000118
15000119
15000120
15000121
15000122
15000123
15000124
15000125
15000200
15000201
15000202
15000203
15000204
15000205
15000206
15000207
15000208
15000209
15000210
15000211
15000212
15000213
15000214
15000215
15000216
15000217
15000218
15000219
15000220
15000221
15000222
15000223
15000224
15000225
15000300
15000301
15000302
15000303
15000304
15000305
15000306
15000307
15000308
15000309
15000310
15000311
15000312
15000313
15000314
15000315
15000316
15000317
15000318
15000319
15000320
15000321
15000322
15000323
15000324
15000325
15000400
15000401
15000402
15000403
15000404
15000405
15000406
15000407
15000408
15000409
15000410
15000411
15000412
15000413
15000414
15000415
15000416
15000417
15000418
15000419
15000420
15000421
15000422
15000423
15000424
15000425
15000500
15000501
15000502
15000503
15000504
15000505
15000506
15000507
15000508
15000509
15000510
15000511
15000512
15000513
15000514
15000515
15000516
15000517
15000518
15000519
15000520
15000521
15000522
15000523
15000524
15000525
15000600
15000601
15000602
15000603
15000604
15000605
15000606
15000607
15000608
15000609
15000610
15000611
15000612
15000613
15000614
15000615
15000616
15000617
15000618
15000619
15000620
15000621
15000622
15000623
15000624
15000625
15000700
15000701
15000702
15000703
15000704
15000705
15000706
15000707
15000708
15000709
15000710
15000711
15000712
15000713
15000714
15000715
15000716
15000717
15000718
15000719
15000720
15000721
15000722
15000723
15000724
15000725
15000800
15000801
15000802
15000803
15000804
15000805
15000806
15000807
15000808
15000809
15000810
15000811
15000812
15000813
15000814
15000815
15000816
15000817
15000818
15000819
15000820
15000821
15000822
15000823
15000824
15000825
15000900
15000901
15000902
15000903
15000904
15000905
15000906
15000907
15000908
15000909
15000910
15000911
15000912
15000913
15000914
15000915
15000916
15000917
15000918
15000919
15000920
15000921
15000922
15000923
15000924
15000925
15001000
15001001
15001002
15001003
15001004
15001005
15001006
15001007
15001008
15001009
15001010
15001011
15001012
15001013
15001014
15001015
15001016
15001017
15001018
15001019
15001020
15001021
15001022
15001023
15001024
15001025
15001100
15001101
15001102
15001103
15001104
15001105
15001106
15001107
15001108
15001109
15001110
15001111
15001112
15001113
15001114
15001115
15001116
15001117
15001118
15001119
15001120
15001121
15001122
15001123
15001124
15001125
15001200
15001201
15001202
15001203
15001204
15001205
15001206
15001207
15001208
15001209
15001210
15001211
15001212
15001213
15001214
15001215
15001216
15001217
15001218
15001219
15001220
15001221
15001222
15001223
15001224
15001225
15010000
15010001
15010002
15010003
15010004
15010005
15010006
15010007
15010008
15010009
15010010
15010011
15010012
15010013
15010014
15010015
15010016
15010017
15010018
15010019
15010020
15010021
15010022
15010023
15010024
15010025
15010100
15010101
15010102
15010103
15010104
15010105
15010106
15010107
15010108
15010109
15010110
15010111
15010112
15010113
15010114
15010115
15010116
15010117
15010118
15010119
15010120
15010121
15010122
15010123
15010124
15010125
15010200
15010201
15010202
15010203
15010204
15010205
15010206
15010207
15010208
15010209
15010210
15010211
15010212
15010213
15010214
15010215
15010216
15010217
15010218
15010219
15010220
15010221
15010222
15010223
15010224
15010225
15010300
15010301
15010302
15010303
15010304
15010305
15010306
15010307
15010308
15010309
15010310
15010311
15010312
15010313
15010314
15010315
15010316
15010317
15010318
15010319
15010320
15010321
15010322
15010323
15010324
15010325
15010400
15010401
15010402
15010403
15010404
15010405
15010406
15010407
15010408
15010409
15010410
15010411
15010412
15010413
15010414
15010415
15010416
15010417
15010418
15010419
15010420
15010421
15010422
15010423
15010424
15010425
15010500
15010501
15010502
15010503
15010504
15010505
15010506
15010507
15010508
15010509
15010510
15010511
15010512
15010513
15010514
15010515
15010516
15010517
15010518
15010519
15010520
15010521
15010522
15010523
15010524
15010525
15010600
15010601
15010602
15010603
15010604
15010605
15010606
15010607
15010608
15010609
15010610
15010611
15010612
15010613
15010614
15010615
15010616
15010617
15010618
15010619
15010620
15010621
15010622
15010623
15010624
15010625
15010700
15010701
15010702
15010703
15010704
15010705
15010706
15010707
15010708
15010709
15010710
15010711
15010712
15010713
15010714
15010715
15010716
15010717
15010718
15010719
15010720
15010721
15010722
15010723
15010724
15010725
15010800
15010801
15010802
15010803
15010804
15010805
15010806
15010807
15010808
15010809
15010810
15010811
15010812
15010813
15010814
15010815
15010816
15010817
15010818
15010819
15010820
15010821
15010822
15010823
15010824
15010825
15010900
15010901
15010902
15010903
15010904
15010905
15010906
15010907
15010908
15010909
15010910
15010911
15010912
15010913
15010914
15010915
15010916
15010917
15010918
15010919
15010920
15010921
15010922
15010923
15010924
15010925
15011000
15011001
15011002
15011003
15011004
15011005
15011006
15011007
15011008
15011009
15011010
15011011
15011012
15011013
15011014
15011015
15011016
15011017
15011018
15011019
15011020
15011021
15011022
15011023
15011024
15011025
15011100
15011101
15011102
15011103
15011104
15011105
15011106
15011107
15011108
15011109
15011110
15011111
15011112
15011113
15011114
15011115
15011116
15011117
15011118
15011119
15011120
15011121
15011122
15011123
15011124
15011125
15011200
15011201
15011202
15011203
15011204
15011205
15011206
15011207
15011208
15011209
15011210
15011211
15011212
15011213
15011214
15011215
15011216
15011217
15011218
15011219
15011220
15011221
15011222
15011223
15011224
15011225
15020000
15020001
15020002
15020003
15020004
15020005
15020006
15020007
15020008
15020009
15020010
15020011
15020012
15020013
15020014
15020015
15020016
15020017
15020018
15020019
15020020
15020021
15020022
15020023
15020024
15020025
15020100
15020101
15020102
15020103
15020104
15020105
15020106
15020107
15020108
15020109
15020110
15020111
15020112
15020113
15020114
15020115
15020116
15020117
15020118
15020119
15020120
15020121
15020122
15020123
15020124
15020125
15020200
15020201
15020202
15020203
15020204
15020205
15020206
15020207
15020208
15020209
15020210
15020211
15020212
15020213
15020214
15020215
15020216
15020217
15020218
15020219
15020220
15020221
15020222
15020223
15020224
15020225
15020300
15020301
15020302
15020303
15020304
15020305
15020306
15020307
15020308
15020309
15020310
15020311
15020312
15020313
15020314
15020315
15020316
15020317
15020318
15020319
15020320
15020321
15020322
15020323
15020324
15020325
15020400
15020401
15020402
15020403
15020404
15020405
15020406
15020407
15020408
15020409
15020410
15020411
15020412
15020413
15020414
15020415
15020416
15020417
15020418
15020419
15020420
15020421
15020422
15020423
15020424
15020425
15020500
15020501
15020502
15020503
15020504
15020505
15020506
15020507
15020508
15020509
15020510
15020511
15020512
15020513
15020514
15020515
15020516
15020517
15020518
15020519
15020520
15020521
15020522
15020523
15020524
15020525
15020600
15020601
15020602
15020603
15020604
15020605
15020606
15020607
15020608
15020609
15020610
15020611
15020612
15020613
15020614
15020615
15020616
15020617
15020618
15020619
15020620
15020621
15020622
15020623
15020624
15020625
15020700
15020701
15020702
15020703
15020704
15020705
15020706
15020707
15020708
15020709
15020710
15020711
15020712
15020713
15020714
15020715
15020716
15020717
15020718
15020719
15020720
15020721
15020722
15020723
15020724
15020725
15020800
15020801
15020802
15020803
15020804
15020805
15020806
15020807
15020808
15020809
15020810
15020811
15020812
15020813
15020814
15020815
15020816
15020817
15020818
15020819
15020820
15020821
15020822
15020823
15020824
15020825
15020900
15020901
15020902
15020903
15020904
15020905
15020906
15020907
15020908
15020909
15020910
15020911
15020912
15020913
15020914
15020915
15020916
15020917
15020918
15020919
15020920
15020921
15020922
15020923
15020924
15020925
15021000
15021001
15021002
15021003
15021004
15021005
15021006
15021007
15021008
15021009
15021010
15021011
15021012
15021013
15021014
15021015
15021016
15021017
15021018
15021019
15021020
15021021
15021022
15021023
15021024
15021025
15021100
15021101
15021102
15021103
15021104
15021105
15021106
15021107
15021108
15021109
15021110
15021111
15021112
15021113
15021114
15021115
15021116
15021117
15021118
15021119
15021120
15021121
15021122
15021123
15021124
15021125
15021200
15021201
15021202
15021203
15021204
15021205
15021206
15021207
15021208
15021209
15021210
15021211
15021212
15021213
15021214
15021215
15021216
15021217
15021218
15021219
15021220
15021221
15021222
15021223
15021224
15021225
15030000
15030001
15030002
15030003
15030004
15030005
15030006
15030007
15030008
15030009
15030010
15030011
15030012
15030013
15030014
15030015
15030016
15030017
15030018
15030019
15030020
15030021
15030022
15030023
15030024
15030025
15030100
15030101
15030102
15030103
15030104
15030105
15030106
15030107
15030108
15030109
15030110
15030111
15030112
15030113
15030114
15030115
15030116
15030117
15030118
15030119
15030120
15030121
15030122
15030123
15030124
15030125
15030200
15030201
15030202
15030203
15030204
15030205
15030206
15030207
15030208
15030209
15030210
15030211
15030212
15030213
15030214
15030215
15030216
15030217
15030218
15030219
15030220
15030221
15030222
15030223
15030224
15030225
15030300
15030301
15030302
15030303
15030304
15030305
15030306
15030307
15030308
15030309
15030310
15030311
15030312
15030313
15030314
15030315
15030316
15030317
15030318
15030319
15030320
15030321
15030322
15030323
15030324
15030325
15030400
15030401
15030402
15030403
15030404
15030405
15030406
15030407
15030408
15030409
15030410
15030411
15030412
15030413
15030414
15030415
15030416
15030417
15030418
15030419
15030420
15030421
15030422
15030423
15030424
15030425
15030500
15030501
15030502
15030503
15030504
15030505
15030506
15030507
15030508
15030509
15030510
15030511
15030512
15030513
15030514
15030515
15030516
15030517
15030518
15030519
15030520
15030521
15030522
15030523
15030524
15030525
15030600
15030601
15030602
15030603
15030604
15030605
15030606
15030607
15030608
15030609
15030610
15030611
15030612
15030613
15030614
15030615
15030616
15030617
15030618
15030619
15030620
15030621
15030622
15030623
15030624
15030625
15030700
15030701
15030702
15030703
15030704
15030705
15030706
15030707
15030708
15030709
15030710
15030711
15030712
15030713
15030714
15030715
15030716
15030717
15030718
15030719
15030720
15030721
15030722
15030723
15030724
15030725
15030800
15030801
15030802
15030803
15030804
15030805
15030806
15030807
15030808
15030809
15030810
15030811
15030812
15030813
15030814
15030815
15030816
15030817
15030818
15030819
15030820
15030821
15030822
15030823
15030824
15030825
15030900
15030901
15030902
15030903
15030904
15030905
15030906
15030907
15030908
15030909
15030910
15030911
15030912
15030913
15030914
15030915
15030916
15030917
15030918
15030919
15030920
15030921
15030922
15030923
15030924
15030925
15031000
15031001
15031002
15031003
15031004
15031005
15031006
15031007
15031008
15031009
15031010
15031011
15031012
15031013
15031014
15031015
15031016
15031017
15031018
15031019
15031020
15031021
15031022
15031023
15031024
15031025
15031100
15031101
15031102
15031103
15031104
15031105
15031106
15031107
15031108
15031109
15031110
15031111
15031112
15031113
15031114
15031115
15031116
15031117
15031118
15031119
15031120
15031121
15031122
15031123
15031124
15031125
15031200
15031201
15031202
15031203
15031204
15031205
15031206
15031207
15031208
15031209
15031210
15031211
15031212
15031213
15031214
15031215
15031216
15031217
15031218
15031219
15031220
15031221
15031222
15031223
15031224
15031225
15040000
15040001
15040002
15040003
15040004
15040005
15040006
15040007
15040008
15040009
15040010
15040011
15040012
15040013
15040014
15040015
15040016
15040017
15040018
15040019
15040020
15040021
15040022
15040023
15040024
15040025
15050000
15050001
15050002
15050003
15050004
15050005
15050006
15050007
15050008
15050009
15050010
15050011
15050012
15050013
15050014
15050015
15050016
15050017
15050018
15050019
15050020
15050021
15050022
15050023
15050024
15050025
15050100
15050101
15050102
15050103
15050104
15050105
15050106
15050107
15050108
15050109
15050110
15050111
15050112
15050113
15050114
15050115
15050116
15050117
15050118
15050119
15050120
15050121
15050122
15050123
15050124
15050125
15050200
15050201
15050202
15050203
15050204
15050205
15050206
15050207
15050208
15050209
15050210
15050211
15050212
15050213
15050214
15050215
15050216
15050217
15050218
15050219
15050220
15050221
15050222
15050223
15050224
15050225
15050300
15050301
15050302
15050303
15050304
15050305
15050306
15050307
15050308
15050309
15050310
15050311
15050312
15050313
15050314
15050315
15050316
15050317
15050318
15050319
15050320
15050321
15050322
15050323
15050324
15050325
15050400
15050401
15050402
15050403
15050404
15050405
15050406
15050407
15050408
15050409
15050410
15050411
15050412
15050413
15050414
15050415
15050416
15050417
15050418
15050419
15050420
15050421
15050422
15050423
15050424
15050425
15050500
15050501
15050502
15050503
15050504
15050505
15050506
15050507
15050508
15050509
15050510
15050511
15050512
15050513
15050514
15050515
15050516
15050517
15050518
15050519
15050520
15050521
15050522
15050523
15050524
15050525
15050600
15050601
15050602
15050603
15050604
15050605
15050606
15050607
15050608
15050609
15050610
15050611
15050612
15050613
15050614
15050615
15050616
15050617
15050618
15050619
15050620
15050621
15050622
15050623
15050624
15050625
15050700
15050701
15050702
15050703
15050704
15050705
15050706
15050707
15050708
15050709
15050710
15050711
15050712
15050713
15050714
15050715
15050716
15050717
15050718
15050719
15050720
15050721
15050722
15050723
15050724
15050725
15050800
15050801
15050802
15050803
15050804
15050805
15050806
15050807
15050808
15050809
15050810
15050811
15050812
15050813
15050814
15050815
15050816
15050817
15050818
15050819
15050820
15050821
15050822
15050823
15050824
15050825
15050900
15050901
15050902
15050903
15050904
15050905
15050906
15050907
15050908
15050909
15050910
15050911
15050912
15050913
15050914
15050915
15050916
15050917
15050918
15050919
15050920
15050921
15050922
15050923
15050924
15050925
15051000
15051001
15051002
15051003
15051004
15051005
15051006
15051007
15051008
15051009
15051010
15051011
15051012
15051013
15051014
15051015
15051016
15051017
15051018
15051019
15051020
15051021
15051022
15051023
15051024
15051025
15051100
15051101
15051102
15051103
15051104
15051105
15051106
15051107
15051108
15051109
15051110
15051111
15051112
15051113
15051114
15051115
15051116
15051117
15051118
15051119
15051120
15051121
15051122
15051123
15051124
15051125
15051200
15051201
15051202
15051203
15051204
15051205
15051206
15051207
15051208
15051209
15051210
15051211
15051212
15051213
15051214
15051215
15051216
15051217
15051218
15051219
15051220
15051221
15051222
15051223
15051224
15051225
15060000
15060001
15060002
15060003
15060004
15060005
15060006
15060007
15060008
15060009
15060010
15060011
15060012
15060013
15060014
15060015
15060016
15060017
15060018
15060019
15060020
15060021
15060022
15060023
15060024
15060025
15060100
15060101
15060102
15060103
15060104
15060105
15060106
15060107
15060108
15060109
15060110
15060111
15060112
15060113
15060114
15060115
15060116
15060117
15060118
15060119
15060120
15060121
15060122
15060123
15060124
15060125
15060200
15060201
15060202
15060203
15060204
15060205
15060206
15060207
15060208
15060209
15060210
15060211
15060212
15060213
15060214
15060215
15060216
15060217
15060218
15060219
15060220
15060221
15060222
15060223
15060224
15060225
15060300
15060301
15060302
15060303
15060304
15060305
15060306
15060307
15060308
15060309
15060310
15060311
15060312
15060313
15060314
15060315
15060316
15060317
15060318
15060319
15060320
15060321
15060322
15060323
15060324
15060325
15060400
15060401
15060402
15060403
15060404
15060405
15060406
15060407
15060408
15060409
15060410
15060411
15060412
15060413
15060414
15060415
15060416
15060417
15060418
15060419
15060420
15060421
15060422
15060423
15060424
15060425
15060500
15060501
15060502
15060503
15060504
15060505
15060506
15060507
15060508
15060509
15060510
15060511
15060512
15060513
15060514
15060515
15060516
15060517
15060518
15060519
15060520
15060521
15060522
15060523
15060524
15060525
15060600
15060601
15060602
15060603
15060604
15060605
15060606
15060607
15060608
15060609
15060610
15060611
15060612
15060613
15060614
15060615
15060616
15060617
15060618
15060619
15060620
15060621
15060622
15060623
15060624
15060625
15060700
15060701
15060702
15060703
15060704
15060705
15060706
15060707
15060708
15060709
15060710
15060711
15060712
15060713
15060714
15060715
15060716
15060717
15060718
15060719
15060720
15060721
15060722
15060723
15060724
15060725
15060800
15060801
15060802
15060803
15060804
15060805
15060806
15060807
15060808
15060809
15060810
15060811
15060812
15060813
15060814
15060815
15060816
15060817
15060818
15060819
15060820
15060821
15060822
15060823
15060824
15060825
15060900
15060901
15060902
15060903
15060904
15060905
15060906
15060907
15060908
15060909
15060910
15060911
15060912
15060913
15060914
15060915
15060916
15060917
15060918
15060919
15060920
15060921
15060922
15060923
15060924
15060925
15061000
15061001
15061002
15061003
15061004
15061005
15061006
15061007
15061008
15061009
15061010
15061011
15061012
15061013
15061014
15061015
15061016
15061017
15061018
15061019
15061020
15061021
15061022
15061023
15061024
15061025
15061100
15061101
15061102
15061103
15061104
15061105
15061106
15061107
15061108
15061109
15061110
15061111
15061112
15061113
15061114
15061115
15061116
15061117
15061118
15061119
15061120
15061121
15061122
15061123
15061124
15061125
15061200
15061201
15061202
15061203
15061204
15061205
15061206
15061207
15061208
15061209
15061210
15061211
15061212
15061213
15061214
15061215
15061216
15061217
15061218
15061219
15061220
15061221
15061222
15061223
15061224
15061225
15080000
15080001
15080002
15080003
15080004
15080005
15080006
15080007
15080008
15080009
15080010
15080011
15080012
15080013
15080014
15080015
15080016
15080017
15080018
15080019
15080020
15080021
15080022
15080023
15080024
15080025
15080100
15080101
15080102
15080103
15080104
15080105
15080106
15080107
15080108
15080109
15080110
15080111
15080112
15080113
15080114
15080115
15080116
15080117
15080118
15080119
15080120
15080121
15080122
15080123
15080124
15080125
15080200
15080201
15080202
15080203
15080204
15080205
15080206
15080207
15080208
15080209
15080210
15080211
15080212
15080213
15080214
15080215
15080216
15080217
15080218
15080219
15080220
15080221
15080222
15080223
15080224
15080225
15080300
15080301
15080302
15080303
15080304
15080305
15080306
15080307
15080308
15080309
15080310
15080311
15080312
15080313
15080314
15080315
15080316
15080317
15080318
15080319
15080320
15080321
15080322
15080323
15080324
15080325
15080400
15080401
15080402
15080403
15080404
15080405
15080406
15080407
15080408
15080409
15080410
15080411
15080412
15080413
15080414
15080415
15080416
15080417
15080418
15080419
15080420
15080421
15080422
15080423
15080424
15080425
15080500
15080501
15080502
15080503
15080504
15080505
15080506
15080507
15080508
15080509
15080510
15080511
15080512
15080513
15080514
15080515
15080516
15080517
15080518
15080519
15080520
15080521
15080522
15080523
15080524
15080525
15080600
15080601
15080602
15080603
15080604
15080605
15080606
15080607
15080608
15080609
15080610
15080611
15080612
15080613
15080614
15080615
15080616
15080617
15080618
15080619
15080620
15080621
15080622
15080623
15080624
15080625
15080700
15080701
15080702
15080703
15080704
15080705
15080706
15080707
15080708
15080709
15080710
15080711
15080712
15080713
15080714
15080715
15080716
15080717
15080718
15080719
15080720
15080721
15080722
15080723
15080724
15080725
15080800
15080801
15080802
15080803
15080804
15080805
15080806
15080807
15080808
15080809
15080810
15080811
15080812
15080813
15080814
15080815
15080816
15080817
15080818
15080819
15080820
15080821
15080822
15080823
15080824
15080825
15080900
15080901
15080902
15080903
15080904
15080905
15080906
15080907
15080908
15080909
15080910
15080911
15080912
15080913
15080914
15080915
15080916
15080917
15080918
15080919
15080920
15080921
15080922
15080923
15080924
15080925
15081000
15081001
15081002
15081003
15081004
15081005
15081006
15081007
15081008
15081009
15081010
15081011
15081012
15081013
15081014
15081015
15081016
15081017
15081018
15081019
15081020
15081021
15081022
15081023
15081024
15081025
15081100
15081101
15081102
15081103
15081104
15081105
15081106
15081107
15081108
15081109
15081110
15081111
15081112
15081113
15081114
15081115
15081116
15081117
15081118
15081119
15081120
15081121
15081122
15081123
15081124
15081125
15081200
15081201
15081202
15081203
15081204
15081205
15081206
15081207
15081208
15081209
15081210
15081211
15081212
15081213
15081214
15081215
15081216
15081217
15081218
15081219
15081220
15081221
15081222
15081223
15081224
15081225
15110000
15110001
15110002
15110003
15110004
15110005
15110006
15110007
15110008
15110009
15110010
15110011
15110012
15110013
15110014
15110015
15110016
15110017
15110018
15110019
15110020
15110021
15110022
15110023
15110024
15110025
15120000
15120001
15120002
15120003
15120004
15120005
15120006
15120007
15120008
15120009
15120010
15120011
15120012
15120013
15120014
15120015
15120016
15120017
15120018
15120019
15120020
15120021
15120022
15120023
15120024
15120025
15120100
15120101
15120102
15120103
15120104
15120105
15120106
15120107
15120108
15120109
15120110
15120111
15120112
15120113
15120114
15120115
15120116
15120117
15120118
15120119
15120120
15120121
15120122
15120123
15120124
15120125
15120200
15120201
15120202
15120203
15120204
15120205
15120206
15120207
15120208
15120209
15120210
15120211
15120212
15120213
15120214
15120215
15120216
15120217
15120218
15120219
15120220
15120221
15120222
15120223
15120224
15120225
15120300
15120301
15120302
15120303
15120304
15120305
15120306
15120307
15120308
15120309
15120310
15120311
15120312
15120313
15120314
15120315
15120316
15120317
15120318
15120319
15120320
15120321
15120322
15120323
15120324
15120325
15120400
15120401
15120402
15120403
15120404
15120405
15120406
15120407
15120408
15120409
15120410
15120411
15120412
15120413
15120414
15120415
15120416
15120417
15120418
15120419
15120420
15120421
15120422
15120423
15120424
15120425
15120500
15120501
15120502
15120503
15120504
15120505
15120506
15120507
15120508
15120509
15120510
15120511
15120512
15120513
15120514
15120515
15120516
15120517
15120518
15120519
15120520
15120521
15120522
15120523
15120524
15120525
15120600
15120601
15120602
15120603
15120604
15120605
15120606
15120607
15120608
15120609
15120610
15120611
15120612
15120613
15120614
15120615
15120616
15120617
15120618
15120619
15120620
15120621
15120622
15120623
15120624
15120625
15120700
15120701
15120702
15120703
15120704
15120705
15120706
15120707
15120708
15120709
15120710
15120711
15120712
15120713
15120714
15120715
15120716
15120717
15120718
15120719
15120720
15120721
15120722
15120723
15120724
15120725
15120800
15120801
15120802
15120803
15120804
15120805
15120806
15120807
15120808
15120809
15120810
15120811
15120812
15120813
15120814
15120815
15120816
15120817
15120818
15120819
15120820
15120821
15120822
15120823
15120824
15120825
15120900
15120901
15120902
15120903
15120904
15120905
15120906
15120907
15120908
15120909
15120910
15120911
15120912
15120913
15120914
15120915
15120916
15120917
15120918
15120919
15120920
15120921
15120922
15120923
15120924
15120925
15121000
15121001
15121002
15121003
15121004
15121005
15121006
15121007
15121008
15121009
15121010
15121011
15121012
15121013
15121014
15121015
15121016
15121017
15121018
15121019
15121020
15121021
15121022
15121023
15121024
15121025
15121100
15121101
15121102
15121103
15121104
15121105
15121106
15121107
15121108
15121109
15121110
15121111
15121112
15121113
15121114
15121115
15121116
15121117
15121118
15121119
15121120
15121121
15121122
15121123
15121124
15121125
15121200
15121201
15121202
15121203
15121204
15121205
15121206
15121207
15121208
15121209
15121210
15121211
15121212
15121213
15121214
15121215
15121216
15121217
15121218
15121219
15121220
15121221
15121222
15121223
15121224
15121225
15130000
15130001
15130002
15130003
15130004
15130005
15130006
15130007
15130008
15130009
15130010
15130011
15130012
15130013
15130014
15130015
15130016
15130017
15130018
15130019
15130020
15130021
15130022
15130023
15130024
15130025
15130100
15130101
15130102
15130103
15130104
15130105
15130106
15130107
15130108
15130109
15130110
15130111
15130112
15130113
15130114
15130115
15130116
15130117
15130118
15130119
15130120
15130121
15130122
15130123
15130124
15130125
15130200
15130201
15130202
15130203
15130204
15130205
15130206
15130207
15130208
15130209
15130210
15130211
15130212
15130213
15130214
15130215
15130216
15130217
15130218
15130219
15130220
15130221
15130222
15130223
15130224
15130225
15130300
15130301
15130302
15130303
15130304
15130305
15130306
15130307
15130308
15130309
15130310
15130311
15130312
15130313
15130314
15130315
15130316
15130317
15130318
15130319
15130320
15130321
15130322
15130323
15130324
15130325
15130400
15130401
15130402
15130403
15130404
15130405
15130406
15130407
15130408
15130409
15130410
15130411
15130412
15130413
15130414
15130415
15130416
15130417
15130418
15130419
15130420
15130421
15130422
15130423
15130424
15130425
15130500
15130501
15130502
15130503
15130504
15130505
15130506
15130507
15130508
15130509
15130510
15130511
15130512
15130513
15130514
15130515
15130516
15130517
15130518
15130519
15130520
15130521
15130522
15130523
15130524
15130525
15130600
15130601
15130602
15130603
15130604
15130605
15130606
15130607
15130608
15130609
15130610
15130611
15130612
15130613
15130614
15130615
15130616
15130617
15130618
15130619
15130620
15130621
15130622
15130623
15130624
15130625
15130700
15130701
15130702
15130703
15130704
15130705
15130706
15130707
15130708
15130709
15130710
15130711
15130712
15130713
15130714
15130715
15130716
15130717
15130718
15130719
15130720
15130721
15130722
15130723
15130724
15130725
15130800
15130801
15130802
15130803
15130804
15130805
15130806
15130807
15130808
15130809
15130810
15130811
15130812
15130813
15130814
15130815
15130816
15130817
15130818
15130819
15130820
15130821
15130822
15130823
15130824
15130825
15130900
15130901
15130902
15130903
15130904
15130905
15130906
15130907
15130908
15130909
15130910
15130911
15130912
15130913
15130914
15130915
15130916
15130917
15130918
15130919
15130920
15130921
15130922
15130923
15130924
15130925
15131000
15131001
15131002
15131003
15131004
15131005
15131006
15131007
15131008
15131009
15131010
15131011
15131012
15131013
15131014
15131015
15131016
15131017
15131018
15131019
15131020
15131021
15131022
15131023
15131024
15131025
15131100
15131101
15131102
15131103
15131104
15131105
15131106
15131107
15131108
15131109
15131110
15131111
15131112
15131113
15131114
15131115
15131116
15131117
15131118
15131119
15131120
15131121
15131122
15131123
15131124
15131125
15131200
15131201
15131202
15131203
15131204
15131205
15131206
15131207
15131208
15131209
15131210
15131211
15131212
15131213
15131214
15131215
15131216
15131217
15131218
15131219
15131220
15131221
15131222
15131223
15131224
15131225
15140000
15140001
15140002
15140003
15140004
15140005
15140006
15140007
15140008
15140009
15140010
15140011
15140012
15140013
15140014
15140015
15140016
15140017
15140018
15140019
15140020
15140021
15140022
15140023
15140024
15140025
15500000
15500001
15500002
15500003
15500004
15500005
15500006
15500007
15500008
15500009
15500010
15500011
15500012
15500013
15500014
15500015
15500016
15500017
15500018
15500019
15500020
15500021
15500022
15500023
15500024
15500025
15510000
15510001
15510002
15510003
15510004
15510005
15510006
15510007
15510008
15510009
15510010
15510011
15510012
15510013
15510014
15510015
15510016
15510017
15510018
15510019
15510020
15510021
15510022
15510023
15510024
15510025
15690000
15690001
15690002
15690003
15690004
15690005
15690006
15690007
15690008
15690009
15690010
15690011
15690012
15690013
15690014
15690015
15690016
15690017
15690018
15690019
15690020
15690021
15690022
15690023
15690024
15690025
15900000
15900001
15900002
15900003
15900004
15900005
15900006
15900007
15900008
15900009
15900010
15900011
15900012
15900013
15900014
15900015
15900016
15900017
15900018
15900019
15900020
15900021
15900022
15900023
15900024
15900025
16000000
16000001
16000002
16000003
16000004
16000005
16000006
16000007
16000008
16000009
16000010
16000011
16000012
16000013
16000014
16000015
16000016
16000017
16000018
16000019
16000020
16000021
16000022
16000023
16000024
16000025
16000100
16000101
16000102
16000103
16000104
16000105
16000106
16000107
16000108
16000109
16000110
16000111
16000112
16000113
16000114
16000115
16000116
16000117
16000118
16000119
16000120
16000121
16000122
16000123
16000124
16000125
16000200
16000201
16000202
16000203
16000204
16000205
16000206
16000207
16000208
16000209
16000210
16000211
16000212
16000213
16000214
16000215
16000216
16000217
16000218
16000219
16000220
16000221
16000222
16000223
16000224
16000225
16000300
16000301
16000302
16000303
16000304
16000305
16000306
16000307
16000308
16000309
16000310
16000311
16000312
16000313
16000314
16000315
16000316
16000317
16000318
16000319
16000320
16000321
16000322
16000323
16000324
16000325
16000400
16000401
16000402
16000403
16000404
16000405
16000406
16000407
16000408
16000409
16000410
16000411
16000412
16000413
16000414
16000415
16000416
16000417
16000418
16000419
16000420
16000421
16000422
16000423
16000424
16000425
16000500
16000501
16000502
16000503
16000504
16000505
16000506
16000507
16000508
16000509
16000510
16000511
16000512
16000513
16000514
16000515
16000516
16000517
16000518
16000519
16000520
16000521
16000522
16000523
16000524
16000525
16000600
16000601
16000602
16000603
16000604
16000605
16000606
16000607
16000608
16000609
16000610
16000611
16000612
16000613
16000614
16000615
16000616
16000617
16000618
16000619
16000620
16000621
16000622
16000623
16000624
16000625
16000700
16000701
16000702
16000703
16000704
16000705
16000706
16000707
16000708
16000709
16000710
16000711
16000712
16000713
16000714
16000715
16000716
16000717
16000718
16000719
16000720
16000721
16000722
16000723
16000724
16000725
16000800
16000801
16000802
16000803
16000804
16000805
16000806
16000807
16000808
16000809
16000810
16000811
16000812
16000813
16000814
16000815
16000816
16000817
16000818
16000819
16000820
16000821
16000822
16000823
16000824
16000825
16000900
16000901
16000902
16000903
16000904
16000905
16000906
16000907
16000908
16000909
16000910
16000911
16000912
16000913
16000914
16000915
16000916
16000917
16000918
16000919
16000920
16000921
16000922
16000923
16000924
16000925
16001000
16001001
16001002
16001003
16001004
16001005
16001006
16001007
16001008
16001009
16001010
16001011
16001012
16001013
16001014
16001015
16001016
16001017
16001018
16001019
16001020
16001021
16001022
16001023
16001024
16001025
16001100
16001101
16001102
16001103
16001104
16001105
16001106
16001107
16001108
16001109
16001110
16001111
16001112
16001113
16001114
16001115
16001116
16001117
16001118
16001119
16001120
16001121
16001122
16001123
16001124
16001125
16001200
16001201
16001202
16001203
16001204
16001205
16001206
16001207
16001208
16001209
16001210
16001211
16001212
16001213
16001214
16001215
16001216
16001217
16001218
16001219
16001220
16001221
16001222
16001223
16001224
16001225
16010000
16010001
16010002
16010003
16010004
16010005
16010006
16010007
16010008
16010009
16010010
16010011
16010012
16010013
16010014
16010015
16010016
16010017
16010018
16010019
16010020
16010021
16010022
16010023
16010024
16010025
16010100
16010101
16010102
16010103
16010104
16010105
16010106
16010107
16010108
16010109
16010110
16010111
16010112
16010113
16010114
16010115
16010116
16010117
16010118
16010119
16010120
16010121
16010122
16010123
16010124
16010125
16010200
16010201
16010202
16010203
16010204
16010205
16010206
16010207
16010208
16010209
16010210
16010211
16010212
16010213
16010214
16010215
16010216
16010217
16010218
16010219
16010220
16010221
16010222
16010223
16010224
16010225
16010300
16010301
16010302
16010303
16010304
16010305
16010306
16010307
16010308
16010309
16010310
16010311
16010312
16010313
16010314
16010315
16010316
16010317
16010318
16010319
16010320
16010321
16010322
16010323
16010324
16010325
16010400
16010401
16010402
16010403
16010404
16010405
16010406
16010407
16010408
16010409
16010410
16010411
16010412
16010413
16010414
16010415
16010416
16010417
16010418
16010419
16010420
16010421
16010422
16010423
16010424
16010425
16010500
16010501
16010502
16010503
16010504
16010505
16010506
16010507
16010508
16010509
16010510
16010511
16010512
16010513
16010514
16010515
16010516
16010517
16010518
16010519
16010520
16010521
16010522
16010523
16010524
16010525
16010600
16010601
16010602
16010603
16010604
16010605
16010606
16010607
16010608
16010609
16010610
16010611
16010612
16010613
16010614
16010615
16010616
16010617
16010618
16010619
16010620
16010621
16010622
16010623
16010624
16010625
16010700
16010701
16010702
16010703
16010704
16010705
16010706
16010707
16010708
16010709
16010710
16010711
16010712
16010713
16010714
16010715
16010716
16010717
16010718
16010719
16010720
16010721
16010722
16010723
16010724
16010725
16010800
16010801
16010802
16010803
16010804
16010805
16010806
16010807
16010808
16010809
16010810
16010811
16010812
16010813
16010814
16010815
16010816
16010817
16010818
16010819
16010820
16010821
16010822
16010823
16010824
16010825
16010900
16010901
16010902
16010903
16010904
16010905
16010906
16010907
16010908
16010909
16010910
16010911
16010912
16010913
16010914
16010915
16010916
16010917
16010918
16010919
16010920
16010921
16010922
16010923
16010924
16010925
16011000
16011001
16011002
16011003
16011004
16011005
16011006
16011007
16011008
16011009
16011010
16011011
16011012
16011013
16011014
16011015
16011016
16011017
16011018
16011019
16011020
16011021
16011022
16011023
16011024
16011025
16011100
16011101
16011102
16011103
16011104
16011105
16011106
16011107
16011108
16011109
16011110
16011111
16011112
16011113
16011114
16011115
16011116
16011117
16011118
16011119
16011120
16011121
16011122
16011123
16011124
16011125
16011200
16011201
16011202
16011203
16011204
16011205
16011206
16011207
16011208
16011209
16011210
16011211
16011212
16011213
16011214
16011215
16011216
16011217
16011218
16011219
16011220
16011221
16011222
16011223
16011224
16011225
16020000
16020001
16020002
16020003
16020004
16020005
16020006
16020007
16020008
16020009
16020010
16020011
16020012
16020013
16020014
16020015
16020016
16020017
16020018
16020019
16020020
16020021
16020022
16020023
16020024
16020025
16030000
16030001
16030002
16030003
16030004
16030005
16030006
16030007
16030008
16030009
16030010
16030011
16030012
16030013
16030014
16030015
16030016
16030017
16030018
16030019
16030020
16030021
16030022
16030023
16030024
16030025
16030100
16030101
16030102
16030103
16030104
16030105
16030106
16030107
16030108
16030109
16030110
16030111
16030112
16030113
16030114
16030115
16030116
16030117
16030118
16030119
16030120
16030121
16030122
16030123
16030124
16030125
16030200
16030201
16030202
16030203
16030204
16030205
16030206
16030207
16030208
16030209
16030210
16030211
16030212
16030213
16030214
16030215
16030216
16030217
16030218
16030219
16030220
16030221
16030222
16030223
16030224
16030225
16030300
16030301
16030302
16030303
16030304
16030305
16030306
16030307
16030308
16030309
16030310
16030311
16030312
16030313
16030314
16030315
16030316
16030317
16030318
16030319
16030320
16030321
16030322
16030323
16030324
16030325
16030400
16030401
16030402
16030403
16030404
16030405
16030406
16030407
16030408
16030409
16030410
16030411
16030412
16030413
16030414
16030415
16030416
16030417
16030418
16030419
16030420
16030421
16030422
16030423
16030424
16030425
16030500
16030501
16030502
16030503
16030504
16030505
16030506
16030507
16030508
16030509
16030510
16030511
16030512
16030513
16030514
16030515
16030516
16030517
16030518
16030519
16030520
16030521
16030522
16030523
16030524
16030525
16030600
16030601
16030602
16030603
16030604
16030605
16030606
16030607
16030608
16030609
16030610
16030611
16030612
16030613
16030614
16030615
16030616
16030617
16030618
16030619
16030620
16030621
16030622
16030623
16030624
16030625
16030700
16030701
16030702
16030703
16030704
16030705
16030706
16030707
16030708
16030709
16030710
16030711
16030712
16030713
16030714
16030715
16030716
16030717
16030718
16030719
16030720
16030721
16030722
16030723
16030724
16030725
16030800
16030801
16030802
16030803
16030804
16030805
16030806
16030807
16030808
16030809
16030810
16030811
16030812
16030813
16030814
16030815
16030816
16030817
16030818
16030819
16030820
16030821
16030822
16030823
16030824
16030825
16030900
16030901
16030902
16030903
16030904
16030905
16030906
16030907
16030908
16030909
16030910
16030911
16030912
16030913
16030914
16030915
16030916
16030917
16030918
16030919
16030920
16030921
16030922
16030923
16030924
16030925
16031000
16031001
16031002
16031003
16031004
16031005
16031006
16031007
16031008
16031009
16031010
16031011
16031012
16031013
16031014
16031015
16031016
16031017
16031018
16031019
16031020
16031021
16031022
16031023
16031024
16031025
16031100
16031101
16031102
16031103
16031104
16031105
16031106
16031107
16031108
16031109
16031110
16031111
16031112
16031113
16031114
16031115
16031116
16031117
16031118
16031119
16031120
16031121
16031122
16031123
16031124
16031125
16031200
16031201
16031202
16031203
16031204
16031205
16031206
16031207
16031208
16031209
16031210
16031211
16031212
16031213
16031214
16031215
16031216
16031217
16031218
16031219
16031220
16031221
16031222
16031223
16031224
16031225
16040000
16040001
16040002
16040003
16040004
16040005
16040006
16040007
16040008
16040009
16040010
16040011
16040012
16040013
16040014
16040015
16040016
16040017
16040018
16040019
16040020
16040021
16040022
16040023
16040024
16040025
16050000
16050001
16050002
16050003
16050004
16050005
16050006
16050007
16050008
16050009
16050010
16050011
16050012
16050013
16050014
16050015
16050016
16050017
16050018
16050019
16050020
16050021
16050022
16050023
16050024
16050025
16050100
16050101
16050102
16050103
16050104
16050105
16050106
16050107
16050108
16050109
16050110
16050111
16050112
16050113
16050114
16050115
16050116
16050117
16050118
16050119
16050120
16050121
16050122
16050123
16050124
16050125
16050200
16050201
16050202
16050203
16050204
16050205
16050206
16050207
16050208
16050209
16050210
16050211
16050212
16050213
16050214
16050215
16050216
16050217
16050218
16050219
16050220
16050221
16050222
16050223
16050224
16050225
16050300
16050301
16050302
16050303
16050304
16050305
16050306
16050307
16050308
16050309
16050310
16050311
16050312
16050313
16050314
16050315
16050316
16050317
16050318
16050319
16050320
16050321
16050322
16050323
16050324
16050325
16050400
16050401
16050402
16050403
16050404
16050405
16050406
16050407
16050408
16050409
16050410
16050411
16050412
16050413
16050414
16050415
16050416
16050417
16050418
16050419
16050420
16050421
16050422
16050423
16050424
16050425
16050500
16050501
16050502
16050503
16050504
16050505
16050506
16050507
16050508
16050509
16050510
16050511
16050512
16050513
16050514
16050515
16050516
16050517
16050518
16050519
16050520
16050521
16050522
16050523
16050524
16050525
16050600
16050601
16050602
16050603
16050604
16050605
16050606
16050607
16050608
16050609
16050610
16050611
16050612
16050613
16050614
16050615
16050616
16050617
16050618
16050619
16050620
16050621
16050622
16050623
16050624
16050625
16050700
16050701
16050702
16050703
16050704
16050705
16050706
16050707
16050708
16050709
16050710
16050711
16050712
16050713
16050714
16050715
16050716
16050717
16050718
16050719
16050720
16050721
16050722
16050723
16050724
16050725
16050800
16050801
16050802
16050803
16050804
16050805
16050806
16050807
16050808
16050809
16050810
16050811
16050812
16050813
16050814
16050815
16050816
16050817
16050818
16050819
16050820
16050821
16050822
16050823
16050824
16050825
16050900
16050901
16050902
16050903
16050904
16050905
16050906
16050907
16050908
16050909
16050910
16050911
16050912
16050913
16050914
16050915
16050916
16050917
16050918
16050919
16050920
16050921
16050922
16050923
16050924
16050925
16051000
16051001
16051002
16051003
16051004
16051005
16051006
16051007
16051008
16051009
16051010
16051011
16051012
16051013
16051014
16051015
16051016
16051017
16051018
16051019
16051020
16051021
16051022
16051023
16051024
16051025
16051100
16051101
16051102
16051103
16051104
16051105
16051106
16051107
16051108
16051109
16051110
16051111
16051112
16051113
16051114
16051115
16051116
16051117
16051118
16051119
16051120
16051121
16051122
16051123
16051124
16051125
16051200
16051201
16051202
16051203
16051204
16051205
16051206
16051207
16051208
16051209
16051210
16051211
16051212
16051213
16051214
16051215
16051216
16051217
16051218
16051219
16051220
16051221
16051222
16051223
16051224
16051225
16060000
16060001
16060002
16060003
16060004
16060005
16060006
16060007
16060008
16060009
16060010
16060011
16060012
16060013
16060014
16060015
16060016
16060017
16060018
16060019
16060020
16060021
16060022
16060023
16060024
16060025
16060100
16060101
16060102
16060103
16060104
16060105
16060106
16060107
16060108
16060109
16060110
16060111
16060112
16060113
16060114
16060115
16060116
16060117
16060118
16060119
16060120
16060121
16060122
16060123
16060124
16060125
16060200
16060201
16060202
16060203
16060204
16060205
16060206
16060207
16060208
16060209
16060210
16060211
16060212
16060213
16060214
16060215
16060216
16060217
16060218
16060219
16060220
16060221
16060222
16060223
16060224
16060225
16060300
16060301
16060302
16060303
16060304
16060305
16060306
16060307
16060308
16060309
16060310
16060311
16060312
16060313
16060314
16060315
16060316
16060317
16060318
16060319
16060320
16060321
16060322
16060323
16060324
16060325
16060400
16060401
16060402
16060403
16060404
16060405
16060406
16060407
16060408
16060409
16060410
16060411
16060412
16060413
16060414
16060415
16060416
16060417
16060418
16060419
16060420
16060421
16060422
16060423
16060424
16060425
16060500
16060501
16060502
16060503
16060504
16060505
16060506
16060507
16060508
16060509
16060510
16060511
16060512
16060513
16060514
16060515
16060516
16060517
16060518
16060519
16060520
16060521
16060522
16060523
16060524
16060525
16060600
16060601
16060602
16060603
16060604
16060605
16060606
16060607
16060608
16060609
16060610
16060611
16060612
16060613
16060614
16060615
16060616
16060617
16060618
16060619
16060620
16060621
16060622
16060623
16060624
16060625
16060700
16060701
16060702
16060703
16060704
16060705
16060706
16060707
16060708
16060709
16060710
16060711
16060712
16060713
16060714
16060715
16060716
16060717
16060718
16060719
16060720
16060721
16060722
16060723
16060724
16060725
16060800
16060801
16060802
16060803
16060804
16060805
16060806
16060807
16060808
16060809
16060810
16060811
16060812
16060813
16060814
16060815
16060816
16060817
16060818
16060819
16060820
16060821
16060822
16060823
16060824
16060825
16060900
16060901
16060902
16060903
16060904
16060905
16060906
16060907
16060908
16060909
16060910
16060911
16060912
16060913
16060914
16060915
16060916
16060917
16060918
16060919
16060920
16060921
16060922
16060923
16060924
16060925
16061000
16061001
16061002
16061003
16061004
16061005
16061006
16061007
16061008
16061009
16061010
16061011
16061012
16061013
16061014
16061015
16061016
16061017
16061018
16061019
16061020
16061021
16061022
16061023
16061024
16061025
16061100
16061101
16061102
16061103
16061104
16061105
16061106
16061107
16061108
16061109
16061110
16061111
16061112
16061113
16061114
16061115
16061116
16061117
16061118
16061119
16061120
16061121
16061122
16061123
16061124
16061125
16061200
16061201
16061202
16061203
16061204
16061205
16061206
16061207
16061208
16061209
16061210
16061211
16061212
16061213
16061214
16061215
16061216
16061217
16061218
16061219
16061220
16061221
16061222
16061223
16061224
16061225
16070000
16070001
16070002
16070003
16070004
16070005
16070006
16070007
16070008
16070009
16070010
16070011
16070012
16070013
16070014
16070015
16070016
16070017
16070018
16070019
16070020
16070021
16070022
16070023
16070024
16070025
16070100
16070101
16070102
16070103
16070104
16070105
16070106
16070107
16070108
16070109
16070110
16070111
16070112
16070113
16070114
16070115
16070116
16070117
16070118
16070119
16070120
16070121
16070122
16070123
16070124
16070125
16070200
16070201
16070202
16070203
16070204
16070205
16070206
16070207
16070208
16070209
16070210
16070211
16070212
16070213
16070214
16070215
16070216
16070217
16070218
16070219
16070220
16070221
16070222
16070223
16070224
16070225
16070300
16070301
16070302
16070303
16070304
16070305
16070306
16070307
16070308
16070309
16070310
16070311
16070312
16070313
16070314
16070315
16070316
16070317
16070318
16070319
16070320
16070321
16070322
16070323
16070324
16070325
16070400
16070401
16070402
16070403
16070404
16070405
16070406
16070407
16070408
16070409
16070410
16070411
16070412
16070413
16070414
16070415
16070416
16070417
16070418
16070419
16070420
16070421
16070422
16070423
16070424
16070425
16070500
16070501
16070502
16070503
16070504
16070505
16070506
16070507
16070508
16070509
16070510
16070511
16070512
16070513
16070514
16070515
16070516
16070517
16070518
16070519
16070520
16070521
16070522
16070523
16070524
16070525
16070600
16070601
16070602
16070603
16070604
16070605
16070606
16070607
16070608
16070609
16070610
16070611
16070612
16070613
16070614
16070615
16070616
16070617
16070618
16070619
16070620
16070621
16070622
16070623
16070624
16070625
16070700
16070701
16070702
16070703
16070704
16070705
16070706
16070707
16070708
16070709
16070710
16070711
16070712
16070713
16070714
16070715
16070716
16070717
16070718
16070719
16070720
16070721
16070722
16070723
16070724
16070725
16070800
16070801
16070802
16070803
16070804
16070805
16070806
16070807
16070808
16070809
16070810
16070811
16070812
16070813
16070814
16070815
16070816
16070817
16070818
16070819
16070820
16070821
16070822
16070823
16070824
16070825
16070900
16070901
16070902
16070903
16070904
16070905
16070906
16070907
16070908
16070909
16070910
16070911
16070912
16070913
16070914
16070915
16070916
16070917
16070918
16070919
16070920
16070921
16070922
16070923
16070924
16070925
16071000
16071001
16071002
16071003
16071004
16071005
16071006
16071007
16071008
16071009
16071010
16071011
16071012
16071013
16071014
16071015
16071016
16071017
16071018
16071019
16071020
16071021
16071022
16071023
16071024
16071025
16071100
16071101
16071102
16071103
16071104
16071105
16071106
16071107
16071108
16071109
16071110
16071111
16071112
16071113
16071114
16071115
16071116
16071117
16071118
16071119
16071120
16071121
16071122
16071123
16071124
16071125
16071200
16071201
16071202
16071203
16071204
16071205
16071206
16071207
16071208
16071209
16071210
16071211
16071212
16071213
16071214
16071215
16071216
16071217
16071218
16071219
16071220
16071221
16071222
16071223
16071224
16071225
16080000
16080001
16080002
16080003
16080004
16080005
16080006
16080007
16080008
16080009
16080010
16080011
16080012
16080013
16080014
16080015
16080016
16080017
16080018
16080019
16080020
16080021
16080022
16080023
16080024
16080025
16090000
16090001
16090002
16090003
16090004
16090005
16090006
16090007
16090008
16090009
16090010
16090011
16090012
16090013
16090014
16090015
16090016
16090017
16090018
16090019
16090020
16090021
16090022
16090023
16090024
16090025
16110000
16110001
16110002
16110003
16110004
16110005
16110006
16110007
16110008
16110009
16110010
16110011
16110012
16110013
16110014
16110015
16110016
16110017
16110018
16110019
16110020
16110021
16110022
16110023
16110024
16110025
16110100
16110101
16110102
16110103
16110104
16110105
16110106
16110107
16110108
16110109
16110110
16110111
16110112
16110113
16110114
16110115
16110116
16110117
16110118
16110119
16110120
16110121
16110122
16110123
16110124
16110125
16110200
16110201
16110202
16110203
16110204
16110205
16110206
16110207
16110208
16110209
16110210
16110211
16110212
16110213
16110214
16110215
16110216
16110217
16110218
16110219
16110220
16110221
16110222
16110223
16110224
16110225
16110300
16110301
16110302
16110303
16110304
16110305
16110306
16110307
16110308
16110309
16110310
16110311
16110312
16110313
16110314
16110315
16110316
16110317
16110318
16110319
16110320
16110321
16110322
16110323
16110324
16110325
16110400
16110401
16110402
16110403
16110404
16110405
16110406
16110407
16110408
16110409
16110410
16110411
16110412
16110413
16110414
16110415
16110416
16110417
16110418
16110419
16110420
16110421
16110422
16110423
16110424
16110425
16110500
16110501
16110502
16110503
16110504
16110505
16110506
16110507
16110508
16110509
16110510
16110511
16110512
16110513
16110514
16110515
16110516
16110517
16110518
16110519
16110520
16110521
16110522
16110523
16110524
16110525
16110600
16110601
16110602
16110603
16110604
16110605
16110606
16110607
16110608
16110609
16110610
16110611
16110612
16110613
16110614
16110615
16110616
16110617
16110618
16110619
16110620
16110621
16110622
16110623
16110624
16110625
16110700
16110701
16110702
16110703
16110704
16110705
16110706
16110707
16110708
16110709
16110710
16110711
16110712
16110713
16110714
16110715
16110716
16110717
16110718
16110719
16110720
16110721
16110722
16110723
16110724
16110725
16110800
16110801
16110802
16110803
16110804
16110805
16110806
16110807
16110808
16110809
16110810
16110811
16110812
16110813
16110814
16110815
16110816
16110817
16110818
16110819
16110820
16110821
16110822
16110823
16110824
16110825
16110900
16110901
16110902
16110903
16110904
16110905
16110906
16110907
16110908
16110909
16110910
16110911
16110912
16110913
16110914
16110915
16110916
16110917
16110918
16110919
16110920
16110921
16110922
16110923
16110924
16110925
16111000
16111001
16111002
16111003
16111004
16111005
16111006
16111007
16111008
16111009
16111010
16111011
16111012
16111013
16111014
16111015
16111016
16111017
16111018
16111019
16111020
16111021
16111022
16111023
16111024
16111025
16111100
16111101
16111102
16111103
16111104
16111105
16111106
16111107
16111108
16111109
16111110
16111111
16111112
16111113
16111114
16111115
16111116
16111117
16111118
16111119
16111120
16111121
16111122
16111123
16111124
16111125
16111200
16111201
16111202
16111203
16111204
16111205
16111206
16111207
16111208
16111209
16111210
16111211
16111212
16111213
16111214
16111215
16111216
16111217
16111218
16111219
16111220
16111221
16111222
16111223
16111224
16111225
16120000
16120001
16120002
16120003
16120004
16120005
16120006
16120007
16120008
16120009
16120010
16120011
16120012
16120013
16120014
16120015
16120016
16120017
16120018
16120019
16120020
16120021
16120022
16120023
16120024
16120025
16130000
16130001
16130002
16130003
16130004
16130005
16130006
16130007
16130008
16130009
16130010
16130011
16130012
16130013
16130014
16130015
16130016
16130017
16130018
16130019
16130020
16130021
16130022
16130023
16130024
16130025
16140000
16140001
16140002
16140003
16140004
16140005
16140006
16140007
16140008
16140009
16140010
16140011
16140012
16140013
16140014
16140015
16140016
16140017
16140018
16140019
16140020
16140021
16140022
16140023
16140024
16140025
16140100
16140101
16140102
16140103
16140104
16140105
16140106
16140107
16140108
16140109
16140110
16140111
16140112
16140113
16140114
16140115
16140116
16140117
16140118
16140119
16140120
16140121
16140122
16140123
16140124
16140125
16140200
16140201
16140202
16140203
16140204
16140205
16140206
16140207
16140208
16140209
16140210
16140211
16140212
16140213
16140214
16140215
16140216
16140217
16140218
16140219
16140220
16140221
16140222
16140223
16140224
16140225
16140300
16140301
16140302
16140303
16140304
16140305
16140306
16140307
16140308
16140309
16140310
16140311
16140312
16140313
16140314
16140315
16140316
16140317
16140318
16140319
16140320
16140321
16140322
16140323
16140324
16140325
16140400
16140401
16140402
16140403
16140404
16140405
16140406
16140407
16140408
16140409
16140410
16140411
16140412
16140413
16140414
16140415
16140416
16140417
16140418
16140419
16140420
16140421
16140422
16140423
16140424
16140425
16140500
16140501
16140502
16140503
16140504
16140505
16140506
16140507
16140508
16140509
16140510
16140511
16140512
16140513
16140514
16140515
16140516
16140517
16140518
16140519
16140520
16140521
16140522
16140523
16140524
16140525
16140600
16140601
16140602
16140603
16140604
16140605
16140606
16140607
16140608
16140609
16140610
16140611
16140612
16140613
16140614
16140615
16140616
16140617
16140618
16140619
16140620
16140621
16140622
16140623
16140624
16140625
16140700
16140701
16140702
16140703
16140704
16140705
16140706
16140707
16140708
16140709
16140710
16140711
16140712
16140713
16140714
16140715
16140716
16140717
16140718
16140719
16140720
16140721
16140722
16140723
16140724
16140725
16140800
16140801
16140802
16140803
16140804
16140805
16140806
16140807
16140808
16140809
16140810
16140811
16140812
16140813
16140814
16140815
16140816
16140817
16140818
16140819
16140820
16140821
16140822
16140823
16140824
16140825
16140900
16140901
16140902
16140903
16140904
16140905
16140906
16140907
16140908
16140909
16140910
16140911
16140912
16140913
16140914
16140915
16140916
16140917
16140918
16140919
16140920
16140921
16140922
16140923
16140924
16140925
16141000
16141001
16141002
16141003
16141004
16141005
16141006
16141007
16141008
16141009
16141010
16141011
16141012
16141013
16141014
16141015
16141016
16141017
16141018
16141019
16141020
16141021
16141022
16141023
16141024
16141025
16141100
16141101
16141102
16141103
16141104
16141105
16141106
16141107
16141108
16141109
16141110
16141111
16141112
16141113
16141114
16141115
16141116
16141117
16141118
16141119
16141120
16141121
16141122
16141123
16141124
16141125
16141200
16141201
16141202
16141203
16141204
16141205
16141206
16141207
16141208
16141209
16141210
16141211
16141212
16141213
16141214
16141215
16141216
16141217
16141218
16141219
16141220
16141221
16141222
16141223
16141224
16141225
16150000
16150001
16150002
16150003
16150004
16150005
16150006
16150007
16150008
16150009
16150010
16150011
16150012
16150013
16150014
16150015
16150016
16150017
16150018
16150019
16150020
16150021
16150022
16150023
16150024
16150025
16150100
16150101
16150102
16150103
16150104
16150105
16150106
16150107
16150108
16150109
16150110
16150111
16150112
16150113
16150114
16150115
16150116
16150117
16150118
16150119
16150120
16150121
16150122
16150123
16150124
16150125
16150200
16150201
16150202
16150203
16150204
16150205
16150206
16150207
16150208
16150209
16150210
16150211
16150212
16150213
16150214
16150215
16150216
16150217
16150218
16150219
16150220
16150221
16150222
16150223
16150224
16150225
16150300
16150301
16150302
16150303
16150304
16150305
16150306
16150307
16150308
16150309
16150310
16150311
16150312
16150313
16150314
16150315
16150316
16150317
16150318
16150319
16150320
16150321
16150322
16150323
16150324
16150325
16150400
16150401
16150402
16150403
16150404
16150405
16150406
16150407
16150408
16150409
16150410
16150411
16150412
16150413
16150414
16150415
16150416
16150417
16150418
16150419
16150420
16150421
16150422
16150423
16150424
16150425
16150500
16150501
16150502
16150503
16150504
16150505
16150506
16150507
16150508
16150509
16150510
16150511
16150512
16150513
16150514
16150515
16150516
16150517
16150518
16150519
16150520
16150521
16150522
16150523
16150524
16150525
16150600
16150601
16150602
16150603
16150604
16150605
16150606
16150607
16150608
16150609
16150610
16150611
16150612
16150613
16150614
16150615
16150616
16150617
16150618
16150619
16150620
16150621
16150622
16150623
16150624
16150625
16150700
16150701
16150702
16150703
16150704
16150705
16150706
16150707
16150708
16150709
16150710
16150711
16150712
16150713
16150714
16150715
16150716
16150717
16150718
16150719
16150720
16150721
16150722
16150723
16150724
16150725
16150800
16150801
16150802
16150803
16150804
16150805
16150806
16150807
16150808
16150809
16150810
16150811
16150812
16150813
16150814
16150815
16150816
16150817
16150818
16150819
16150820
16150821
16150822
16150823
16150824
16150825
16150900
16150901
16150902
16150903
16150904
16150905
16150906
16150907
16150908
16150909
16150910
16150911
16150912
16150913
16150914
16150915
16150916
16150917
16150918
16150919
16150920
16150921
16150922
16150923
16150924
16150925
16151000
16151001
16151002
16151003
16151004
16151005
16151006
16151007
16151008
16151009
16151010
16151011
16151012
16151013
16151014
16151015
16151016
16151017
16151018
16151019
16151020
16151021
16151022
16151023
16151024
16151025
16151100
16151101
16151102
16151103
16151104
16151105
16151106
16151107
16151108
16151109
16151110
16151111
16151112
16151113
16151114
16151115
16151116
16151117
16151118
16151119
16151120
16151121
16151122
16151123
16151124
16151125
16151200
16151201
16151202
16151203
16151204
16151205
16151206
16151207
16151208
16151209
16151210
16151211
16151212
16151213
16151214
16151215
16151216
16151217
16151218
16151219
16151220
16151221
16151222
16151223
16151224
16151225
16160000
16160001
16160002
16160003
16160004
16160005
16160006
16160007
16160008
16160009
16160010
16160011
16160012
16160013
16160014
16160015
16160016
16160017
16160018
16160019
16160020
16160021
16160022
16160023
16160024
16160025
16500000
16500001
16500002
16500003
16500004
16500005
16500006
16500007
16500008
16500009
16500010
16500011
16500012
16500013
16500014
16500015
16500016
16500017
16500018
16500019
16500020
16500021
16500022
16500023
16500024
16500025
16500100
16500101
16500102
16500103
16500104
16500105
16500106
16500107
16500108
16500109
16500110
16500111
16500112
16500113
16500114
16500115
16500116
16500117
16500118
16500119
16500120
16500121
16500122
16500123
16500124
16500125
16500200
16500201
16500202
16500203
16500204
16500205
16500206
16500207
16500208
16500209
16500210
16500211
16500212
16500213
16500214
16500215
16500216
16500217
16500218
16500219
16500220
16500221
16500222
16500223
16500224
16500225
16500300
16500301
16500302
16500303
16500304
16500305
16500306
16500307
16500308
16500309
16500310
16500311
16500312
16500313
16500314
16500315
16500316
16500317
16500318
16500319
16500320
16500321
16500322
16500323
16500324
16500325
16500400
16500401
16500402
16500403
16500404
16500405
16500406
16500407
16500408
16500409
16500410
16500411
16500412
16500413
16500414
16500415
16500416
16500417
16500418
16500419
16500420
16500421
16500422
16500423
16500424
16500425
16500500
16500501
16500502
16500503
16500504
16500505
16500506
16500507
16500508
16500509
16500510
16500511
16500512
16500513
16500514
16500515
16500516
16500517
16500518
16500519
16500520
16500521
16500522
16500523
16500524
16500525
16500600
16500601
16500602
16500603
16500604
16500605
16500606
16500607
16500608
16500609
16500610
16500611
16500612
16500613
16500614
16500615
16500616
16500617
16500618
16500619
16500620
16500621
16500622
16500623
16500624
16500625
16500700
16500701
16500702
16500703
16500704
16500705
16500706
16500707
16500708
16500709
16500710
16500711
16500712
16500713
16500714
16500715
16500716
16500717
16500718
16500719
16500720
16500721
16500722
16500723
16500724
16500725
16500800
16500801
16500802
16500803
16500804
16500805
16500806
16500807
16500808
16500809
16500810
16500811
16500812
16500813
16500814
16500815
16500816
16500817
16500818
16500819
16500820
16500821
16500822
16500823
16500824
16500825
16500900
16500901
16500902
16500903
16500904
16500905
16500906
16500907
16500908
16500909
16500910
16500911
16500912
16500913
16500914
16500915
16500916
16500917
16500918
16500919
16500920
16500921
16500922
16500923
16500924
16500925
16501000
16501001
16501002
16501003
16501004
16501005
16501006
16501007
16501008
16501009
16501010
16501011
16501012
16501013
16501014
16501015
16501016
16501017
16501018
16501019
16501020
16501021
16501022
16501023
16501024
16501025
16501100
16501101
16501102
16501103
16501104
16501105
16501106
16501107
16501108
16501109
16501110
16501111
16501112
16501113
16501114
16501115
16501116
16501117
16501118
16501119
16501120
16501121
16501122
16501123
16501124
16501125
16501200
16501201
16501202
16501203
16501204
16501205
16501206
16501207
16501208
16501209
16501210
16501211
16501212
16501213
16501214
16501215
16501216
16501217
16501218
16501219
16501220
16501221
16501222
16501223
16501224
16501225
16520000
16520001
16520002
16520003
16520004
16520005
16520006
16520007
16520008
16520009
16520010
16520011
16520012
16520013
16520014
16520015
16520016
16520017
16520018
16520019
16520020
16520021
16520022
16520023
16520024
16520025
16520100
16520101
16520102
16520103
16520104
16520105
16520106
16520107
16520108
16520109
16520110
16520111
16520112
16520113
16520114
16520115
16520116
16520117
16520118
16520119
16520120
16520121
16520122
16520123
16520124
16520125
16520200
16520201
16520202
16520203
16520204
16520205
16520206
16520207
16520208
16520209
16520210
16520211
16520212
16520213
16520214
16520215
16520216
16520217
16520218
16520219
16520220
16520221
16520222
16520223
16520224
16520225
16520300
16520301
16520302
16520303
16520304
16520305
16520306
16520307
16520308
16520309
16520310
16520311
16520312
16520313
16520314
16520315
16520316
16520317
16520318
16520319
16520320
16520321
16520322
16520323
16520324
16520325
16520400
16520401
16520402
16520403
16520404
16520405
16520406
16520407
16520408
16520409
16520410
16520411
16520412
16520413
16520414
16520415
16520416
16520417
16520418
16520419
16520420
16520421
16520422
16520423
16520424
16520425
16520500
16520501
16520502
16520503
16520504
16520505
16520506
16520507
16520508
16520509
16520510
16520511
16520512
16520513
16520514
16520515
16520516
16520517
16520518
16520519
16520520
16520521
16520522
16520523
16520524
16520525
16520600
16520601
16520602
16520603
16520604
16520605
16520606
16520607
16520608
16520609
16520610
16520611
16520612
16520613
16520614
16520615
16520616
16520617
16520618
16520619
16520620
16520621
16520622
16520623
16520624
16520625
16520700
16520701
16520702
16520703
16520704
16520705
16520706
16520707
16520708
16520709
16520710
16520711
16520712
16520713
16520714
16520715
16520716
16520717
16520718
16520719
16520720
16520721
16520722
16520723
16520724
16520725
16520800
16520801
16520802
16520803
16520804
16520805
16520806
16520807
16520808
16520809
16520810
16520811
16520812
16520813
16520814
16520815
16520816
16520817
16520818
16520819
16520820
16520821
16520822
16520823
16520824
16520825
16520900
16520901
16520902
16520903
16520904
16520905
16520906
16520907
16520908
16520909
16520910
16520911
16520912
16520913
16520914
16520915
16520916
16520917
16520918
16520919
16520920
16520921
16520922
16520923
16520924
16520925
16521000
16521001
16521002
16521003
16521004
16521005
16521006
16521007
16521008
16521009
16521010
16521011
16521012
16521013
16521014
16521015
16521016
16521017
16521018
16521019
16521020
16521021
16521022
16521023
16521024
16521025
16521100
16521101
16521102
16521103
16521104
16521105
16521106
16521107
16521108
16521109
16521110
16521111
16521112
16521113
16521114
16521115
16521116
16521117
16521118
16521119
16521120
16521121
16521122
16521123
16521124
16521125
16521200
16521201
16521202
16521203
16521204
16521205
16521206
16521207
16521208
16521209
16521210
16521211
16521212
16521213
16521214
16521215
16521216
16521217
16521218
16521219
16521220
16521221
16521222
16521223
16521224
16521225
16540000
16540001
16540002
16540003
16540004
16540005
16540006
16540007
16540008
16540009
16540010
16540011
16540012
16540013
16540014
16540015
16540016
16540017
16540018
16540019
16540020
16540021
16540022
16540023
16540024
16540025
16540100
16540101
16540102
16540103
16540104
16540105
16540106
16540107
16540108
16540109
16540110
16540111
16540112
16540113
16540114
16540115
16540116
16540117
16540118
16540119
16540120
16540121
16540122
16540123
16540124
16540125
16540200
16540201
16540202
16540203
16540204
16540205
16540206
16540207
16540208
16540209
16540210
16540211
16540212
16540213
16540214
16540215
16540216
16540217
16540218
16540219
16540220
16540221
16540222
16540223
16540224
16540225
16540300
16540301
16540302
16540303
16540304
16540305
16540306
16540307
16540308
16540309
16540310
16540311
16540312
16540313
16540314
16540315
16540316
16540317
16540318
16540319
16540320
16540321
16540322
16540323
16540324
16540325
16540400
16540401
16540402
16540403
16540404
16540405
16540406
16540407
16540408
16540409
16540410
16540411
16540412
16540413
16540414
16540415
16540416
16540417
16540418
16540419
16540420
16540421
16540422
16540423
16540424
16540425
16540500
16540501
16540502
16540503
16540504
16540505
16540506
16540507
16540508
16540509
16540510
16540511
16540512
16540513
16540514
16540515
16540516
16540517
16540518
16540519
16540520
16540521
16540522
16540523
16540524
16540525
16540600
16540601
16540602
16540603
16540604
16540605
16540606
16540607
16540608
16540609
16540610
16540611
16540612
16540613
16540614
16540615
16540616
16540617
16540618
16540619
16540620
16540621
16540622
16540623
16540624
16540625
16540700
16540701
16540702
16540703
16540704
16540705
16540706
16540707
16540708
16540709
16540710
16540711
16540712
16540713
16540714
16540715
16540716
16540717
16540718
16540719
16540720
16540721
16540722
16540723
16540724
16540725
16540800
16540801
16540802
16540803
16540804
16540805
16540806
16540807
16540808
16540809
16540810
16540811
16540812
16540813
16540814
16540815
16540816
16540817
16540818
16540819
16540820
16540821
16540822
16540823
16540824
16540825
16540900
16540901
16540902
16540903
16540904
16540905
16540906
16540907
16540908
16540909
16540910
16540911
16540912
16540913
16540914
16540915
16540916
16540917
16540918
16540919
16540920
16540921
16540922
16540923
16540924
16540925
16541000
16541001
16541002
16541003
16541004
16541005
16541006
16541007
16541008
16541009
16541010
16541011
16541012
16541013
16541014
16541015
16541016
16541017
16541018
16541019
16541020
16541021
16541022
16541023
16541024
16541025
16541100
16541101
16541102
16541103
16541104
16541105
16541106
16541107
16541108
16541109
16541110
16541111
16541112
16541113
16541114
16541115
16541116
16541117
16541118
16541119
16541120
16541121
16541122
16541123
16541124
16541125
16541200
16541201
16541202
16541203
16541204
16541205
16541206
16541207
16541208
16541209
16541210
16541211
16541212
16541213
16541214
16541215
16541216
16541217
16541218
16541219
16541220
16541221
16541222
16541223
16541224
16541225
16550000
16550001
16550002
16550003
16550004
16550005
16550006
16550007
16550008
16550009
16550010
16550011
16550012
16550013
16550014
16550015
16550016
16550017
16550018
16550019
16550020
16550021
16550022
16550023
16550024
16550025
17010000
17010001
17010002
17010003
17010004
17010005
17010006
17010007
17010008
17010009
17010010
17010011
17010012
17010013
17010014
17010015
17010016
17010017
17010018
17010019
17010020
17010021
17010022
17010023
17010024
17010025
17020000
17020001
17020002
17020003
17020004
17020005
17020006
17020007
17020008
17020009
17020010
17020011
17020012
17020013
17020014
17020015
17020016
17020017
17020018
17020019
17020020
17020021
17020022
17020023
17020024
17020025
17030000
17030001
17030002
17030003
17030004
17030005
17030006
17030007
17030008
17030009
17030010
17030011
17030012
17030013
17030014
17030015
17030016
17030017
17030018
17030019
17030020
17030021
17030022
17030023
17030024
17030025
17050000
17050001
17050002
17050003
17050004
17050005
17050006
17050007
17050008
17050009
17050010
17050011
17050012
17050013
17050014
17050015
17050016
17050017
17050018
17050019
17050020
17050021
17050022
17050023
17050024
17050025
17060000
17060001
17060002
17060003
17060004
17060005
17060006
17060007
17060008
17060009
17060010
17060011
17060012
17060013
17060014
17060015
17060016
17060017
17060018
17060019
17060020
17060021
17060022
17060023
17060024
17060025
17060100
17060101
17060102
17060103
17060104
17060105
17060106
17060107
17060108
17060109
17060110
17060111
17060112
17060113
17060114
17060115
17060116
17060117
17060118
17060119
17060120
17060121
17060122
17060123
17060124
17060125
17060200
17060201
17060202
17060203
17060204
17060205
17060206
17060207
17060208
17060209
17060210
17060211
17060212
17060213
17060214
17060215
17060216
17060217
17060218
17060219
17060220
17060221
17060222
17060223
17060224
17060225
17060300
17060301
17060302
17060303
17060304
17060305
17060306
17060307
17060308
17060309
17060310
17060311
17060312
17060313
17060314
17060315
17060316
17060317
17060318
17060319
17060320
17060321
17060322
17060323
17060324
17060325
17060400
17060401
17060402
17060403
17060404
17060405
17060406
17060407
17060408
17060409
17060410
17060411
17060412
17060413
17060414
17060415
17060416
17060417
17060418
17060419
17060420
17060421
17060422
17060423
17060424
17060425
17060500
17060501
17060502
17060503
17060504
17060505
17060506
17060507
17060508
17060509
17060510
17060511
17060512
17060513
17060514
17060515
17060516
17060517
17060518
17060519
17060520
17060521
17060522
17060523
17060524
17060525
17060600
17060601
17060602
17060603
17060604
17060605
17060606
17060607
17060608
17060609
17060610
17060611
17060612
17060613
17060614
17060615
17060616
17060617
17060618
17060619
17060620
17060621
17060622
17060623
17060624
17060625
17060700
17060701
17060702
17060703
17060704
17060705
17060706
17060707
17060708
17060709
17060710
17060711
17060712
17060713
17060714
17060715
17060716
17060717
17060718
17060719
17060720
17060721
17060722
17060723
17060724
17060725
17060800
17060801
17060802
17060803
17060804
17060805
17060806
17060807
17060808
17060809
17060810
17060811
17060812
17060813
17060814
17060815
17060816
17060817
17060818
17060819
17060820
17060821
17060822
17060823
17060824
17060825
17060900
17060901
17060902
17060903
17060904
17060905
17060906
17060907
17060908
17060909
17060910
17060911
17060912
17060913
17060914
17060915
17060916
17060917
17060918
17060919
17060920
17060921
17060922
17060923
17060924
17060925
17061000
17061001
17061002
17061003
17061004
17061005
17061006
17061007
17061008
17061009
17061010
17061011
17061012
17061013
17061014
17061015
17061016
17061017
17061018
17061019
17061020
17061021
17061022
17061023
17061024
17061025
17061100
17061101
17061102
17061103
17061104
17061105
17061106
17061107
17061108
17061109
17061110
17061111
17061112
17061113
17061114
17061115
17061116
17061117
17061118
17061119
17061120
17061121
17061122
17061123
17061124
17061125
17061200
17061201
17061202
17061203
17061204
17061205
17061206
17061207
17061208
17061209
17061210
17061211
17061212
17061213
17061214
17061215
17061216
17061217
17061218
17061219
17061220
17061221
17061222
17061223
17061224
17061225
17070000
17070001
17070002
17070003
17070004
17070005
17070006
17070007
17070008
17070009
17070010
17070011
17070012
17070013
17070014
17070015
17070016
17070017
17070018
17070019
17070020
17070021
17070022
17070023
17070024
17070025
17070100
17070101
17070102
17070103
17070104
17070105
17070106
17070107
17070108
17070109
17070110
17070111
17070112
17070113
17070114
17070115
17070116
17070117
17070118
17070119
17070120
17070121
17070122
17070123
17070124
17070125
17070200
17070201
17070202
17070203
17070204
17070205
17070206
17070207
17070208
17070209
17070210
17070211
17070212
17070213
17070214
17070215
17070216
17070217
17070218
17070219
17070220
17070221
17070222
17070223
17070224
17070225
17070300
17070301
17070302
17070303
17070304
17070305
17070306
17070307
17070308
17070309
17070310
17070311
17070312
17070313
17070314
17070315
17070316
17070317
17070318
17070319
17070320
17070321
17070322
17070323
17070324
17070325
17070400
17070401
17070402
17070403
17070404
17070405
17070406
17070407
17070408
17070409
17070410
17070411
17070412
17070413
17070414
17070415
17070416
17070417
17070418
17070419
17070420
17070421
17070422
17070423
17070424
17070425
17070500
17070501
17070502
17070503
17070504
17070505
17070506
17070507
17070508
17070509
17070510
17070511
17070512
17070513
17070514
17070515
17070516
17070517
17070518
17070519
17070520
17070521
17070522
17070523
17070524
17070525
17070600
17070601
17070602
17070603
17070604
17070605
17070606
17070607
17070608
17070609
17070610
17070611
17070612
17070613
17070614
17070615
17070616
17070617
17070618
17070619
17070620
17070621
17070622
17070623
17070624
17070625
17070700
17070701
17070702
17070703
17070704
17070705
17070706
17070707
17070708
17070709
17070710
17070711
17070712
17070713
17070714
17070715
17070716
17070717
17070718
17070719
17070720
17070721
17070722
17070723
17070724
17070725
17070800
17070801
17070802
17070803
17070804
17070805
17070806
17070807
17070808
17070809
17070810
17070811
17070812
17070813
17070814
17070815
17070816
17070817
17070818
17070819
17070820
17070821
17070822
17070823
17070824
17070825
17070900
17070901
17070902
17070903
17070904
17070905
17070906
17070907
17070908
17070909
17070910
17070911
17070912
17070913
17070914
17070915
17070916
17070917
17070918
17070919
17070920
17070921
17070922
17070923
17070924
17070925
17071000
17071001
17071002
17071003
17071004
17071005
17071006
17071007
17071008
17071009
17071010
17071011
17071012
17071013
17071014
17071015
17071016
17071017
17071018
17071019
17071020
17071021
17071022
17071023
17071024
17071025
17071100
17071101
17071102
17071103
17071104
17071105
17071106
17071107
17071108
17071109
17071110
17071111
17071112
17071113
17071114
17071115
17071116
17071117
17071118
17071119
17071120
17071121
17071122
17071123
17071124
17071125
17071200
17071201
17071202
17071203
17071204
17071205
17071206
17071207
17071208
17071209
17071210
17071211
17071212
17071213
17071214
17071215
17071216
17071217
17071218
17071219
17071220
17071221
17071222
17071223
17071224
17071225
17500000
17500001
17500002
17500003
17500004
17500005
17500006
17500007
17500008
17500009
17500010
17500011
17500012
17500013
17500014
17500015
17500016
17500017
17500018
17500019
17500020
17500021
17500022
17500023
17500024
17500025
17510000
17510001
17510002
17510003
17510004
17510005
17510006
17510007
17510008
17510009
17510010
17510011
17510012
17510013
17510014
17510015
17510016
17510017
17510018
17510019
17510020
17510021
17510022
17510023
17510024
17510025
17510100
17510101
17510102
17510103
17510104
17510105
17510106
17510107
17510108
17510109
17510110
17510111
17510112
17510113
17510114
17510115
17510116
17510117
17510118
17510119
17510120
17510121
17510122
17510123
17510124
17510125
17510200
17510201
17510202
17510203
17510204
17510205
17510206
17510207
17510208
17510209
17510210
17510211
17510212
17510213
17510214
17510215
17510216
17510217
17510218
17510219
17510220
17510221
17510222
17510223
17510224
17510225
17510300
17510301
17510302
17510303
17510304
17510305
17510306
17510307
17510308
17510309
17510310
17510311
17510312
17510313
17510314
17510315
17510316
17510317
17510318
17510319
17510320
17510321
17510322
17510323
17510324
17510325
17510400
17510401
17510402
17510403
17510404
17510405
17510406
17510407
17510408
17510409
17510410
17510411
17510412
17510413
17510414
17510415
17510416
17510417
17510418
17510419
17510420
17510421
17510422
17510423
17510424
17510425
17510500
17510501
17510502
17510503
17510504
17510505
17510506
17510507
17510508
17510509
17510510
17510511
17510512
17510513
17510514
17510515
17510516
17510517
17510518
17510519
17510520
17510521
17510522
17510523
17510524
17510525
17510600
17510601
17510602
17510603
17510604
17510605
17510606
17510607
17510608
17510609
17510610
17510611
17510612
17510613
17510614
17510615
17510616
17510617
17510618
17510619
17510620
17510621
17510622
17510623
17510624
17510625
17510700
17510701
17510702
17510703
17510704
17510705
17510706
17510707
17510708
17510709
17510710
17510711
17510712
17510713
17510714
17510715
17510716
17510717
17510718
17510719
17510720
17510721
17510722
17510723
17510724
17510725
17510800
17510801
17510802
17510803
17510804
17510805
17510806
17510807
17510808
17510809
17510810
17510811
17510812
17510813
17510814
17510815
17510816
17510817
17510818
17510819
17510820
17510821
17510822
17510823
17510824
17510825
17510900
17510901
17510902
17510903
17510904
17510905
17510906
17510907
17510908
17510909
17510910
17510911
17510912
17510913
17510914
17510915
17510916
17510917
17510918
17510919
17510920
17510921
17510922
17510923
17510924
17510925
17511000
17511001
17511002
17511003
17511004
17511005
17511006
17511007
17511008
17511009
17511010
17511011
17511012
17511013
17511014
17511015
17511016
17511017
17511018
17511019
17511020
17511021
17511022
17511023
17511024
17511025
17511100
17511101
17511102
17511103
17511104
17511105
17511106
17511107
17511108
17511109
17511110
17511111
17511112
17511113
17511114
17511115
17511116
17511117
17511118
17511119
17511120
17511121
17511122
17511123
17511124
17511125
17511200
17511201
17511202
17511203
17511204
17511205
17511206
17511207
17511208
17511209
17511210
17511211
17511212
17511213
17511214
17511215
17511216
17511217
17511218
17511219
17511220
17511221
17511222
17511223
17511224
17511225
17520000
17520001
17520002
17520003
17520004
17520005
17520006
17520007
17520008
17520009
17520010
17520011
17520012
17520013
17520014
17520015
17520016
17520017
17520018
17520019
17520020
17520021
17520022
17520023
17520024
17520025
17900000
17900001
17900002
17900003
17900004
17900005
17900006
17900007
17900008
17900009
17900010
17900011
17900012
17900013
17900014
17900015
17900016
17900017
17900018
17900019
17900020
17900021
17900022
17900023
17900024
17900025
17910000
17910001
17910002
17910003
17910004
17910005
17910006
17910007
17910008
17910009
17910010
17910011
17910012
17910013
17910014
17910015
17910016
17910017
17910018
17910019
17910020
17910021
17910022
17910023
17910024
17910025
18000000
18000001
18000002
18000003
18000004
18000005
18000006
18000007
18000008
18000009
18000010
18000011
18000012
18000013
18000014
18000015
18000016
18000017
18000018
18000019
18000020
18000021
18000022
18000023
18000024
18000025
18000100
18000101
18000102
18000103
18000104
18000105
18000106
18000107
18000108
18000109
18000110
18000111
18000112
18000113
18000114
18000115
18000116
18000117
18000118
18000119
18000120
18000121
18000122
18000123
18000124
18000125
18000200
18000201
18000202
18000203
18000204
18000205
18000206
18000207
18000208
18000209
18000210
18000211
18000212
18000213
18000214
18000215
18000216
18000217
18000218
18000219
18000220
18000221
18000222
18000223
18000224
18000225
18000300
18000301
18000302
18000303
18000304
18000305
18000306
18000307
18000308
18000309
18000310
18000311
18000312
18000313
18000314
18000315
18000316
18000317
18000318
18000319
18000320
18000321
18000322
18000323
18000324
18000325
18000400
18000401
18000402
18000403
18000404
18000405
18000406
18000407
18000408
18000409
18000410
18000411
18000412
18000413
18000414
18000415
18000416
18000417
18000418
18000419
18000420
18000421
18000422
18000423
18000424
18000425
18000500
18000501
18000502
18000503
18000504
18000505
18000506
18000507
18000508
18000509
18000510
18000511
18000512
18000513
18000514
18000515
18000516
18000517
18000518
18000519
18000520
18000521
18000522
18000523
18000524
18000525
18000600
18000601
18000602
18000603
18000604
18000605
18000606
18000607
18000608
18000609
18000610
18000611
18000612
18000613
18000614
18000615
18000616
18000617
18000618
18000619
18000620
18000621
18000622
18000623
18000624
18000625
18000700
18000701
18000702
18000703
18000704
18000705
18000706
18000707
18000708
18000709
18000710
18000711
18000712
18000713
18000714
18000715
18000716
18000717
18000718
18000719
18000720
18000721
18000722
18000723
18000724
18000725
18000800
18000801
18000802
18000803
18000804
18000805
18000806
18000807
18000808
18000809
18000810
18000811
18000812
18000813
18000814
18000815
18000816
18000817
18000818
18000819
18000820
18000821
18000822
18000823
18000824
18000825
18000900
18000901
18000902
18000903
18000904
18000905
18000906
18000907
18000908
18000909
18000910
18000911
18000912
18000913
18000914
18000915
18000916
18000917
18000918
18000919
18000920
18000921
18000922
18000923
18000924
18000925
18001000
18001001
18001002
18001003
18001004
18001005
18001006
18001007
18001008
18001009
18001010
18001011
18001012
18001013
18001014
18001015
18001016
18001017
18001018
18001019
18001020
18001021
18001022
18001023
18001024
18001025
18001100
18001101
18001102
18001103
18001104
18001105
18001106
18001107
18001108
18001109
18001110
18001111
18001112
18001113
18001114
18001115
18001116
18001117
18001118
18001119
18001120
18001121
18001122
18001123
18001124
18001125
18001200
18001201
18001202
18001203
18001204
18001205
18001206
18001207
18001208
18001209
18001210
18001211
18001212
18001213
18001214
18001215
18001216
18001217
18001218
18001219
18001220
18001221
18001222
18001223
18001224
18001225
18010000
18010001
18010002
18010003
18010004
18010005
18010006
18010007
18010008
18010009
18010010
18010011
18010012
18010013
18010014
18010015
18010016
18010017
18010018
18010019
18010020
18010021
18010022
18010023
18010024
18010025
18010100
18010101
18010102
18010103
18010104
18010105
18010106
18010107
18010108
18010109
18010110
18010111
18010112
18010113
18010114
18010115
18010116
18010117
18010118
18010119
18010120
18010121
18010122
18010123
18010124
18010125
18010200
18010201
18010202
18010203
18010204
18010205
18010206
18010207
18010208
18010209
18010210
18010211
18010212
18010213
18010214
18010215
18010216
18010217
18010218
18010219
18010220
18010221
18010222
18010223
18010224
18010225
18010300
18010301
18010302
18010303
18010304
18010305
18010306
18010307
18010308
18010309
18010310
18010311
18010312
18010313
18010314
18010315
18010316
18010317
18010318
18010319
18010320
18010321
18010322
18010323
18010324
18010325
18010400
18010401
18010402
18010403
18010404
18010405
18010406
18010407
18010408
18010409
18010410
18010411
18010412
18010413
18010414
18010415
18010416
18010417
18010418
18010419
18010420
18010421
18010422
18010423
18010424
18010425
18010500
18010501
18010502
18010503
18010504
18010505
18010506
18010507
18010508
18010509
18010510
18010511
18010512
18010513
18010514
18010515
18010516
18010517
18010518
18010519
18010520
18010521
18010522
18010523
18010524
18010525
18010600
18010601
18010602
18010603
18010604
18010605
18010606
18010607
18010608
18010609
18010610
18010611
18010612
18010613
18010614
18010615
18010616
18010617
18010618
18010619
18010620
18010621
18010622
18010623
18010624
18010625
18010700
18010701
18010702
18010703
18010704
18010705
18010706
18010707
18010708
18010709
18010710
18010711
18010712
18010713
18010714
18010715
18010716
18010717
18010718
18010719
18010720
18010721
18010722
18010723
18010724
18010725
18010800
18010801
18010802
18010803
18010804
18010805
18010806
18010807
18010808
18010809
18010810
18010811
18010812
18010813
18010814
18010815
18010816
18010817
18010818
18010819
18010820
18010821
18010822
18010823
18010824
18010825
18010900
18010901
18010902
18010903
18010904
18010905
18010906
18010907
18010908
18010909
18010910
18010911
18010912
18010913
18010914
18010915
18010916
18010917
18010918
18010919
18010920
18010921
18010922
18010923
18010924
18010925
18011000
18011001
18011002
18011003
18011004
18011005
18011006
18011007
18011008
18011009
18011010
18011011
18011012
18011013
18011014
18011015
18011016
18011017
18011018
18011019
18011020
18011021
18011022
18011023
18011024
18011025
18011100
18011101
18011102
18011103
18011104
18011105
18011106
18011107
18011108
18011109
18011110
18011111
18011112
18011113
18011114
18011115
18011116
18011117
18011118
18011119
18011120
18011121
18011122
18011123
18011124
18011125
18011200
18011201
18011202
18011203
18011204
18011205
18011206
18011207
18011208
18011209
18011210
18011211
18011212
18011213
18011214
18011215
18011216
18011217
18011218
18011219
18011220
18011221
18011222
18011223
18011224
18011225
18020000
18020001
18020002
18020003
18020004
18020005
18020006
18020007
18020008
18020009
18020010
18020011
18020012
18020013
18020014
18020015
18020016
18020017
18020018
18020019
18020020
18020021
18020022
18020023
18020024
18020025
18020100
18020101
18020102
18020103
18020104
18020105
18020106
18020107
18020108
18020109
18020110
18020111
18020112
18020113
18020114
18020115
18020116
18020117
18020118
18020119
18020120
18020121
18020122
18020123
18020124
18020125
18020200
18020201
18020202
18020203
18020204
18020205
18020206
18020207
18020208
18020209
18020210
18020211
18020212
18020213
18020214
18020215
18020216
18020217
18020218
18020219
18020220
18020221
18020222
18020223
18020224
18020225
18020300
18020301
18020302
18020303
18020304
18020305
18020306
18020307
18020308
18020309
18020310
18020311
18020312
18020313
18020314
18020315
18020316
18020317
18020318
18020319
18020320
18020321
18020322
18020323
18020324
18020325
18020400
18020401
18020402
18020403
18020404
18020405
18020406
18020407
18020408
18020409
18020410
18020411
18020412
18020413
18020414
18020415
18020416
18020417
18020418
18020419
18020420
18020421
18020422
18020423
18020424
18020425
18020500
18020501
18020502
18020503
18020504
18020505
18020506
18020507
18020508
18020509
18020510
18020511
18020512
18020513
18020514
18020515
18020516
18020517
18020518
18020519
18020520
18020521
18020522
18020523
18020524
18020525
18020600
18020601
18020602
18020603
18020604
18020605
18020606
18020607
18020608
18020609
18020610
18020611
18020612
18020613
18020614
18020615
18020616
18020617
18020618
18020619
18020620
18020621
18020622
18020623
18020624
18020625
18020700
18020701
18020702
18020703
18020704
18020705
18020706
18020707
18020708
18020709
18020710
18020711
18020712
18020713
18020714
18020715
18020716
18020717
18020718
18020719
18020720
18020721
18020722
18020723
18020724
18020725
18020800
18020801
18020802
18020803
18020804
18020805
18020806
18020807
18020808
18020809
18020810
18020811
18020812
18020813
18020814
18020815
18020816
18020817
18020818
18020819
18020820
18020821
18020822
18020823
18020824
18020825
18020900
18020901
18020902
18020903
18020904
18020905
18020906
18020907
18020908
18020909
18020910
18020911
18020912
18020913
18020914
18020915
18020916
18020917
18020918
18020919
18020920
18020921
18020922
18020923
18020924
18020925
18021000
18021001
18021002
18021003
18021004
18021005
18021006
18021007
18021008
18021009
18021010
18021011
18021012
18021013
18021014
18021015
18021016
18021017
18021018
18021019
18021020
18021021
18021022
18021023
18021024
18021025
18021100
18021101
18021102
18021103
18021104
18021105
18021106
18021107
18021108
18021109
18021110
18021111
18021112
18021113
18021114
18021115
18021116
18021117
18021118
18021119
18021120
18021121
18021122
18021123
18021124
18021125
18021200
18021201
18021202
18021203
18021204
18021205
18021206
18021207
18021208
18021209
18021210
18021211
18021212
18021213
18021214
18021215
18021216
18021217
18021218
18021219
18021220
18021221
18021222
18021223
18021224
18021225
18030000
18030001
18030002
18030003
18030004
18030005
18030006
18030007
18030008
18030009
18030010
18030011
18030012
18030013
18030014
18030015
18030016
18030017
18030018
18030019
18030020
18030021
18030022
18030023
18030024
18030025
18030100
18030101
18030102
18030103
18030104
18030105
18030106
18030107
18030108
18030109
18030110
18030111
18030112
18030113
18030114
18030115
18030116
18030117
18030118
18030119
18030120
18030121
18030122
18030123
18030124
18030125
18030200
18030201
18030202
18030203
18030204
18030205
18030206
18030207
18030208
18030209
18030210
18030211
18030212
18030213
18030214
18030215
18030216
18030217
18030218
18030219
18030220
18030221
18030222
18030223
18030224
18030225
18030300
18030301
18030302
18030303
18030304
18030305
18030306
18030307
18030308
18030309
18030310
18030311
18030312
18030313
18030314
18030315
18030316
18030317
18030318
18030319
18030320
18030321
18030322
18030323
18030324
18030325
18030400
18030401
18030402
18030403
18030404
18030405
18030406
18030407
18030408
18030409
18030410
18030411
18030412
18030413
18030414
18030415
18030416
18030417
18030418
18030419
18030420
18030421
18030422
18030423
18030424
18030425
18030500
18030501
18030502
18030503
18030504
18030505
18030506
18030507
18030508
18030509
18030510
18030511
18030512
18030513
18030514
18030515
18030516
18030517
18030518
18030519
18030520
18030521
18030522
18030523
18030524
18030525
18030600
18030601
18030602
18030603
18030604
18030605
18030606
18030607
18030608
18030609
18030610
18030611
18030612
18030613
18030614
18030615
18030616
18030617
18030618
18030619
18030620
18030621
18030622
18030623
18030624
18030625
18030700
18030701
18030702
18030703
18030704
18030705
18030706
18030707
18030708
18030709
18030710
18030711
18030712
18030713
18030714
18030715
18030716
18030717
18030718
18030719
18030720
18030721
18030722
18030723
18030724
18030725
18030800
18030801
18030802
18030803
18030804
18030805
18030806
18030807
18030808
18030809
18030810
18030811
18030812
18030813
18030814
18030815
18030816
18030817
18030818
18030819
18030820
18030821
18030822
18030823
18030824
18030825
18030900
18030901
18030902
18030903
18030904
18030905
18030906
18030907
18030908
18030909
18030910
18030911
18030912
18030913
18030914
18030915
18030916
18030917
18030918
18030919
18030920
18030921
18030922
18030923
18030924
18030925
18031000
18031001
18031002
18031003
18031004
18031005
18031006
18031007
18031008
18031009
18031010
18031011
18031012
18031013
18031014
18031015
18031016
18031017
18031018
18031019
18031020
18031021
18031022
18031023
18031024
18031025
18031100
18031101
18031102
18031103
18031104
18031105
18031106
18031107
18031108
18031109
18031110
18031111
18031112
18031113
18031114
18031115
18031116
18031117
18031118
18031119
18031120
18031121
18031122
18031123
18031124
18031125
18031200
18031201
18031202
18031203
18031204
18031205
18031206
18031207
18031208
18031209
18031210
18031211
18031212
18031213
18031214
18031215
18031216
18031217
18031218
18031219
18031220
18031221
18031222
18031223
18031224
18031225
18040000
18040001
18040002
18040003
18040004
18040005
18040006
18040007
18040008
18040009
18040010
18040011
18040012
18040013
18040014
18040015
18040016
18040017
18040018
18040019
18040020
18040021
18040022
18040023
18040024
18040025
18050000
18050001
18050002
18050003
18050004
18050005
18050006
18050007
18050008
18050009
18050010
18050011
18050012
18050013
18050014
18050015
18050016
18050017
18050018
18050019
18050020
18050021
18050022
18050023
18050024
18050025
18050100
18050101
18050102
18050103
18050104
18050105
18050106
18050107
18050108
18050109
18050110
18050111
18050112
18050113
18050114
18050115
18050116
18050117
18050118
18050119
18050120
18050121
18050122
18050123
18050124
18050125
18050200
18050201
18050202
18050203
18050204
18050205
18050206
18050207
18050208
18050209
18050210
18050211
18050212
18050213
18050214
18050215
18050216
18050217
18050218
18050219
18050220
18050221
18050222
18050223
18050224
18050225
18050300
18050301
18050302
18050303
18050304
18050305
18050306
18050307
18050308
18050309
18050310
18050311
18050312
18050313
18050314
18050315
18050316
18050317
18050318
18050319
18050320
18050321
18050322
18050323
18050324
18050325
18050400
18050401
18050402
18050403
18050404
18050405
18050406
18050407
18050408
18050409
18050410
18050411
18050412
18050413
18050414
18050415
18050416
18050417
18050418
18050419
18050420
18050421
18050422
18050423
18050424
18050425
18050500
18050501
18050502
18050503
18050504
18050505
18050506
18050507
18050508
18050509
18050510
18050511
18050512
18050513
18050514
18050515
18050516
18050517
18050518
18050519
18050520
18050521
18050522
18050523
18050524
18050525
18050600
18050601
18050602
18050603
18050604
18050605
18050606
18050607
18050608
18050609
18050610
18050611
18050612
18050613
18050614
18050615
18050616
18050617
18050618
18050619
18050620
18050621
18050622
18050623
18050624
18050625
18050700
18050701
18050702
18050703
18050704
18050705
18050706
18050707
18050708
18050709
18050710
18050711
18050712
18050713
18050714
18050715
18050716
18050717
18050718
18050719
18050720
18050721
18050722
18050723
18050724
18050725
18050800
18050801
18050802
18050803
18050804
18050805
18050806
18050807
18050808
18050809
18050810
18050811
18050812
18050813
18050814
18050815
18050816
18050817
18050818
18050819
18050820
18050821
18050822
18050823
18050824
18050825
18050900
18050901
18050902
18050903
18050904
18050905
18050906
18050907
18050908
18050909
18050910
18050911
18050912
18050913
18050914
18050915
18050916
18050917
18050918
18050919
18050920
18050921
18050922
18050923
18050924
18050925
18051000
18051001
18051002
18051003
18051004
18051005
18051006
18051007
18051008
18051009
18051010
18051011
18051012
18051013
18051014
18051015
18051016
18051017
18051018
18051019
18051020
18051021
18051022
18051023
18051024
18051025
18051100
18051101
18051102
18051103
18051104
18051105
18051106
18051107
18051108
18051109
18051110
18051111
18051112
18051113
18051114
18051115
18051116
18051117
18051118
18051119
18051120
18051121
18051122
18051123
18051124
18051125
18051200
18051201
18051202
18051203
18051204
18051205
18051206
18051207
18051208
18051209
18051210
18051211
18051212
18051213
18051214
18051215
18051216
18051217
18051218
18051219
18051220
18051221
18051222
18051223
18051224
18051225
18060000
18060001
18060002
18060003
18060004
18060005
18060006
18060007
18060008
18060009
18060010
18060011
18060012
18060013
18060014
18060015
18060016
18060017
18060018
18060019
18060020
18060021
18060022
18060023
18060024
18060025
18070000
18070001
18070002
18070003
18070004
18070005
18070006
18070007
18070008
18070009
18070010
18070011
18070012
18070013
18070014
18070015
18070016
18070017
18070018
18070019
18070020
18070021
18070022
18070023
18070024
18070025
18070100
18070101
18070102
18070103
18070104
18070105
18070106
18070107
18070108
18070109
18070110
18070111
18070112
18070113
18070114
18070115
18070116
18070117
18070118
18070119
18070120
18070121
18070122
18070123
18070124
18070125
18070200
18070201
18070202
18070203
18070204
18070205
18070206
18070207
18070208
18070209
18070210
18070211
18070212
18070213
18070214
18070215
18070216
18070217
18070218
18070219
18070220
18070221
18070222
18070223
18070224
18070225
18070300
18070301
18070302
18070303
18070304
18070305
18070306
18070307
18070308
18070309
18070310
18070311
18070312
18070313
18070314
18070315
18070316
18070317
18070318
18070319
18070320
18070321
18070322
18070323
18070324
18070325
18070400
18070401
18070402
18070403
18070404
18070405
18070406
18070407
18070408
18070409
18070410
18070411
18070412
18070413
18070414
18070415
18070416
18070417
18070418
18070419
18070420
18070421
18070422
18070423
18070424
18070425
18070500
18070501
18070502
18070503
18070504
18070505
18070506
18070507
18070508
18070509
18070510
18070511
18070512
18070513
18070514
18070515
18070516
18070517
18070518
18070519
18070520
18070521
18070522
18070523
18070524
18070525
18070600
18070601
18070602
18070603
18070604
18070605
18070606
18070607
18070608
18070609
18070610
18070611
18070612
18070613
18070614
18070615
18070616
18070617
18070618
18070619
18070620
18070621
18070622
18070623
18070624
18070625
18070700
18070701
18070702
18070703
18070704
18070705
18070706
18070707
18070708
18070709
18070710
18070711
18070712
18070713
18070714
18070715
18070716
18070717
18070718
18070719
18070720
18070721
18070722
18070723
18070724
18070725
18070800
18070801
18070802
18070803
18070804
18070805
18070806
18070807
18070808
18070809
18070810
18070811
18070812
18070813
18070814
18070815
18070816
18070817
18070818
18070819
18070820
18070821
18070822
18070823
18070824
18070825
18070900
18070901
18070902
18070903
18070904
18070905
18070906
18070907
18070908
18070909
18070910
18070911
18070912
18070913
18070914
18070915
18070916
18070917
18070918
18070919
18070920
18070921
18070922
18070923
18070924
18070925
18071000
18071001
18071002
18071003
18071004
18071005
18071006
18071007
18071008
18071009
18071010
18071011
18071012
18071013
18071014
18071015
18071016
18071017
18071018
18071019
18071020
18071021
18071022
18071023
18071024
18071025
18071100
18071101
18071102
18071103
18071104
18071105
18071106
18071107
18071108
18071109
18071110
18071111
18071112
18071113
18071114
18071115
18071116
18071117
18071118
18071119
18071120
18071121
18071122
18071123
18071124
18071125
18071200
18071201
18071202
18071203
18071204
18071205
18071206
18071207
18071208
18071209
18071210
18071211
18071212
18071213
18071214
18071215
18071216
18071217
18071218
18071219
18071220
18071221
18071222
18071223
18071224
18071225
18080000
18080001
18080002
18080003
18080004
18080005
18080006
18080007
18080008
18080009
18080010
18080011
18080012
18080013
18080014
18080015
18080016
18080017
18080018
18080019
18080020
18080021
18080022
18080023
18080024
18080025
18090000
18090001
18090002
18090003
18090004
18090005
18090006
18090007
18090008
18090009
18090010
18090011
18090012
18090013
18090014
18090015
18090016
18090017
18090018
18090019
18090020
18090021
18090022
18090023
18090024
18090025
18090100
18090101
18090102
18090103
18090104
18090105
18090106
18090107
18090108
18090109
18090110
18090111
18090112
18090113
18090114
18090115
18090116
18090117
18090118
18090119
18090120
18090121
18090122
18090123
18090124
18090125
18090200
18090201
18090202
18090203
18090204
18090205
18090206
18090207
18090208
18090209
18090210
18090211
18090212
18090213
18090214
18090215
18090216
18090217
18090218
18090219
18090220
18090221
18090222
18090223
18090224
18090225
18090300
18090301
18090302
18090303
18090304
18090305
18090306
18090307
18090308
18090309
18090310
18090311
18090312
18090313
18090314
18090315
18090316
18090317
18090318
18090319
18090320
18090321
18090322
18090323
18090324
18090325
18090400
18090401
18090402
18090403
18090404
18090405
18090406
18090407
18090408
18090409
18090410
18090411
18090412
18090413
18090414
18090415
18090416
18090417
18090418
18090419
18090420
18090421
18090422
18090423
18090424
18090425
18090500
18090501
18090502
18090503
18090504
18090505
18090506
18090507
18090508
18090509
18090510
18090511
18090512
18090513
18090514
18090515
18090516
18090517
18090518
18090519
18090520
18090521
18090522
18090523
18090524
18090525
18090600
18090601
18090602
18090603
18090604
18090605
18090606
18090607
18090608
18090609
18090610
18090611
18090612
18090613
18090614
18090615
18090616
18090617
18090618
18090619
18090620
18090621
18090622
18090623
18090624
18090625
18090700
18090701
18090702
18090703
18090704
18090705
18090706
18090707
18090708
18090709
18090710
18090711
18090712
18090713
18090714
18090715
18090716
18090717
18090718
18090719
18090720
18090721
18090722
18090723
18090724
18090725
18090800
18090801
18090802
18090803
18090804
18090805
18090806
18090807
18090808
18090809
18090810
18090811
18090812
18090813
18090814
18090815
18090816
18090817
18090818
18090819
18090820
18090821
18090822
18090823
18090824
18090825
18090900
18090901
18090902
18090903
18090904
18090905
18090906
18090907
18090908
18090909
18090910
18090911
18090912
18090913
18090914
18090915
18090916
18090917
18090918
18090919
18090920
18090921
18090922
18090923
18090924
18090925
18091000
18091001
18091002
18091003
18091004
18091005
18091006
18091007
18091008
18091009
18091010
18091011
18091012
18091013
18091014
18091015
18091016
18091017
18091018
18091019
18091020
18091021
18091022
18091023
18091024
18091025
18091100
18091101
18091102
18091103
18091104
18091105
18091106
18091107
18091108
18091109
18091110
18091111
18091112
18091113
18091114
18091115
18091116
18091117
18091118
18091119
18091120
18091121
18091122
18091123
18091124
18091125
18091200
18091201
18091202
18091203
18091204
18091205
18091206
18091207
18091208
18091209
18091210
18091211
18091212
18091213
18091214
18091215
18091216
18091217
18091218
18091219
18091220
18091221
18091222
18091223
18091224
18091225
18100000
18100001
18100002
18100003
18100004
18100005
18100006
18100007
18100008
18100009
18100010
18100011
18100012
18100013
18100014
18100015
18100016
18100017
18100018
18100019
18100020
18100021
18100022
18100023
18100024
18100025
18110000
18110001
18110002
18110003
18110004
18110005
18110006
18110007
18110008
18110009
18110010
18110011
18110012
18110013
18110014
18110015
18110016
18110017
18110018
18110019
18110020
18110021
18110022
18110023
18110024
18110025
18110100
18110101
18110102
18110103
18110104
18110105
18110106
18110107
18110108
18110109
18110110
18110111
18110112
18110113
18110114
18110115
18110116
18110117
18110118
18110119
18110120
18110121
18110122
18110123
18110124
18110125
18110200
18110201
18110202
18110203
18110204
18110205
18110206
18110207
18110208
18110209
18110210
18110211
18110212
18110213
18110214
18110215
18110216
18110217
18110218
18110219
18110220
18110221
18110222
18110223
18110224
18110225
18110300
18110301
18110302
18110303
18110304
18110305
18110306
18110307
18110308
18110309
18110310
18110311
18110312
18110313
18110314
18110315
18110316
18110317
18110318
18110319
18110320
18110321
18110322
18110323
18110324
18110325
18110400
18110401
18110402
18110403
18110404
18110405
18110406
18110407
18110408
18110409
18110410
18110411
18110412
18110413
18110414
18110415
18110416
18110417
18110418
18110419
18110420
18110421
18110422
18110423
18110424
18110425
18110500
18110501
18110502
18110503
18110504
18110505
18110506
18110507
18110508
18110509
18110510
18110511
18110512
18110513
18110514
18110515
18110516
18110517
18110518
18110519
18110520
18110521
18110522
18110523
18110524
18110525
18110600
18110601
18110602
18110603
18110604
18110605
18110606
18110607
18110608
18110609
18110610
18110611
18110612
18110613
18110614
18110615
18110616
18110617
18110618
18110619
18110620
18110621
18110622
18110623
18110624
18110625
18110700
18110701
18110702
18110703
18110704
18110705
18110706
18110707
18110708
18110709
18110710
18110711
18110712
18110713
18110714
18110715
18110716
18110717
18110718
18110719
18110720
18110721
18110722
18110723
18110724
18110725
18110800
18110801
18110802
18110803
18110804
18110805
18110806
18110807
18110808
18110809
18110810
18110811
18110812
18110813
18110814
18110815
18110816
18110817
18110818
18110819
18110820
18110821
18110822
18110823
18110824
18110825
18110900
18110901
18110902
18110903
18110904
18110905
18110906
18110907
18110908
18110909
18110910
18110911
18110912
18110913
18110914
18110915
18110916
18110917
18110918
18110919
18110920
18110921
18110922
18110923
18110924
18110925
18111000
18111001
18111002
18111003
18111004
18111005
18111006
18111007
18111008
18111009
18111010
18111011
18111012
18111013
18111014
18111015
18111016
18111017
18111018
18111019
18111020
18111021
18111022
18111023
18111024
18111025
18111100
18111101
18111102
18111103
18111104
18111105
18111106
18111107
18111108
18111109
18111110
18111111
18111112
18111113
18111114
18111115
18111116
18111117
18111118
18111119
18111120
18111121
18111122
18111123
18111124
18111125
18111200
18111201
18111202
18111203
18111204
18111205
18111206
18111207
18111208
18111209
18111210
18111211
18111212
18111213
18111214
18111215
18111216
18111217
18111218
18111219
18111220
18111221
18111222
18111223
18111224
18111225
18130000
18130001
18130002
18130003
18130004
18130005
18130006
18130007
18130008
18130009
18130010
18130011
18130012
18130013
18130014
18130015
18130016
18130017
18130018
18130019
18130020
18130021
18130022
18130023
18130024
18130025
18130100
18130101
18130102
18130103
18130104
18130105
18130106
18130107
18130108
18130109
18130110
18130111
18130112
18130113
18130114
18130115
18130116
18130117
18130118
18130119
18130120
18130121
18130122
18130123
18130124
18130125
18130200
18130201
18130202
18130203
18130204
18130205
18130206
18130207
18130208
18130209
18130210
18130211
18130212
18130213
18130214
18130215
18130216
18130217
18130218
18130219
18130220
18130221
18130222
18130223
18130224
18130225
18130300
18130301
18130302
18130303
18130304
18130305
18130306
18130307
18130308
18130309
18130310
18130311
18130312
18130313
18130314
18130315
18130316
18130317
18130318
18130319
18130320
18130321
18130322
18130323
18130324
18130325
18130400
18130401
18130402
18130403
18130404
18130405
18130406
18130407
18130408
18130409
18130410
18130411
18130412
18130413
18130414
18130415
18130416
18130417
18130418
18130419
18130420
18130421
18130422
18130423
18130424
18130425
18130500
18130501
18130502
18130503
18130504
18130505
18130506
18130507
18130508
18130509
18130510
18130511
18130512
18130513
18130514
18130515
18130516
18130517
18130518
18130519
18130520
18130521
18130522
18130523
18130524
18130525
18130600
18130601
18130602
18130603
18130604
18130605
18130606
18130607
18130608
18130609
18130610
18130611
18130612
18130613
18130614
18130615
18130616
18130617
18130618
18130619
18130620
18130621
18130622
18130623
18130624
18130625
18130700
18130701
18130702
18130703
18130704
18130705
18130706
18130707
18130708
18130709
18130710
18130711
18130712
18130713
18130714
18130715
18130716
18130717
18130718
18130719
18130720
18130721
18130722
18130723
18130724
18130725
18130800
18130801
18130802
18130803
18130804
18130805
18130806
18130807
18130808
18130809
18130810
18130811
18130812
18130813
18130814
18130815
18130816
18130817
18130818
18130819
18130820
18130821
18130822
18130823
18130824
18130825
18130900
18130901
18130902
18130903
18130904
18130905
18130906
18130907
18130908
18130909
18130910
18130911
18130912
18130913
18130914
18130915
18130916
18130917
18130918
18130919
18130920
18130921
18130922
18130923
18130924
18130925
18131000
18131001
18131002
18131003
18131004
18131005
18131006
18131007
18131008
18131009
18131010
18131011
18131012
18131013
18131014
18131015
18131016
18131017
18131018
18131019
18131020
18131021
18131022
18131023
18131024
18131025
18131100
18131101
18131102
18131103
18131104
18131105
18131106
18131107
18131108
18131109
18131110
18131111
18131112
18131113
18131114
18131115
18131116
18131117
18131118
18131119
18131120
18131121
18131122
18131123
18131124
18131125
18131200
18131201
18131202
18131203
18131204
18131205
18131206
18131207
18131208
18131209
18131210
18131211
18131212
18131213
18131214
18131215
18131216
18131217
18131218
18131219
18131220
18131221
18131222
18131223
18131224
18131225
18140000
18140001
18140002
18140003
18140004
18140005
18140006
18140007
18140008
18140009
18140010
18140011
18140012
18140013
18140014
18140015
18140016
18140017
18140018
18140019
18140020
18140021
18140022
18140023
18140024
18140025
18150000
18150001
18150002
18150003
18150004
18150005
18150006
18150007
18150008
18150009
18150010
18150011
18150012
18150013
18150014
18150015
18150016
18150017
18150018
18150019
18150020
18150021
18150022
18150023
18150024
18150025
18150100
18150101
18150102
18150103
18150104
18150105
18150106
18150107
18150108
18150109
18150110
18150111
18150112
18150113
18150114
18150115
18150116
18150117
18150118
18150119
18150120
18150121
18150122
18150123
18150124
18150125
18150200
18150201
18150202
18150203
18150204
18150205
18150206
18150207
18150208
18150209
18150210
18150211
18150212
18150213
18150214
18150215
18150216
18150217
18150218
18150219
18150220
18150221
18150222
18150223
18150224
18150225
18150300
18150301
18150302
18150303
18150304
18150305
18150306
18150307
18150308
18150309
18150310
18150311
18150312
18150313
18150314
18150315
18150316
18150317
18150318
18150319
18150320
18150321
18150322
18150323
18150324
18150325
18150400
18150401
18150402
18150403
18150404
18150405
18150406
18150407
18150408
18150409
18150410
18150411
18150412
18150413
18150414
18150415
18150416
18150417
18150418
18150419
18150420
18150421
18150422
18150423
18150424
18150425
18150500
18150501
18150502
18150503
18150504
18150505
18150506
18150507
18150508
18150509
18150510
18150511
18150512
18150513
18150514
18150515
18150516
18150517
18150518
18150519
18150520
18150521
18150522
18150523
18150524
18150525
18150600
18150601
18150602
18150603
18150604
18150605
18150606
18150607
18150608
18150609
18150610
18150611
18150612
18150613
18150614
18150615
18150616
18150617
18150618
18150619
18150620
18150621
18150622
18150623
18150624
18150625
18150700
18150701
18150702
18150703
18150704
18150705
18150706
18150707
18150708
18150709
18150710
18150711
18150712
18150713
18150714
18150715
18150716
18150717
18150718
18150719
18150720
18150721
18150722
18150723
18150724
18150725
18150800
18150801
18150802
18150803
18150804
18150805
18150806
18150807
18150808
18150809
18150810
18150811
18150812
18150813
18150814
18150815
18150816
18150817
18150818
18150819
18150820
18150821
18150822
18150823
18150824
18150825
18150900
18150901
18150902
18150903
18150904
18150905
18150906
18150907
18150908
18150909
18150910
18150911
18150912
18150913
18150914
18150915
18150916
18150917
18150918
18150919
18150920
18150921
18150922
18150923
18150924
18150925
18151000
18151001
18151002
18151003
18151004
18151005
18151006
18151007
18151008
18151009
18151010
18151011
18151012
18151013
18151014
18151015
18151016
18151017
18151018
18151019
18151020
18151021
18151022
18151023
18151024
18151025
18151100
18151101
18151102
18151103
18151104
18151105
18151106
18151107
18151108
18151109
18151110
18151111
18151112
18151113
18151114
18151115
18151116
18151117
18151118
18151119
18151120
18151121
18151122
18151123
18151124
18151125
18151200
18151201
18151202
18151203
18151204
18151205
18151206
18151207
18151208
18151209
18151210
18151211
18151212
18151213
18151214
18151215
18151216
18151217
18151218
18151219
18151220
18151221
18151222
18151223
18151224
18151225
18160000
18160001
18160002
18160003
18160004
18160005
18160006
18160007
18160008
18160009
18160010
18160011
18160012
18160013
18160014
18160015
18160016
18160017
18160018
18160019
18160020
18160021
18160022
18160023
18160024
18160025
18500000
18500001
18500002
18500003
18500004
18500005
18500006
18500007
18500008
18500009
18500010
18500011
18500012
18500013
18500014
18500015
18500016
18500017
18500018
18500019
18500020
18500021
18500022
18500023
18500024
18500025
18510000
18510001
18510002
18510003
18510004
18510005
18510006
18510007
18510008
18510009
18510010
18510011
18510012
18510013
18510014
18510015
18510016
18510017
18510018
18510019
18510020
18510021
18510022
18510023
18510024
18510025
19000000
19000001
19000002
19000003
19000004
19000005
19000006
19000007
19000008
19000009
19000010
19000011
19000012
19000013
19000014
19000015
19000016
19000017
19000018
19000019
19000020
19000021
19000022
19000023
19000024
19000025
19000100
19000101
19000102
19000103
19000104
19000105
19000106
19000107
19000108
19000109
19000110
19000111
19000112
19000113
19000114
19000115
19000116
19000117
19000118
19000119
19000120
19000121
19000122
19000123
19000124
19000125
19000200
19000201
19000202
19000203
19000204
19000205
19000206
19000207
19000208
19000209
19000210
19000211
19000212
19000213
19000214
19000215
19000216
19000217
19000218
19000219
19000220
19000221
19000222
19000223
19000224
19000225
19000300
19000301
19000302
19000303
19000304
19000305
19000306
19000307
19000308
19000309
19000310
19000311
19000312
19000313
19000314
19000315
19000316
19000317
19000318
19000319
19000320
19000321
19000322
19000323
19000324
19000325
19000400
19000401
19000402
19000403
19000404
19000405
19000406
19000407
19000408
19000409
19000410
19000411
19000412
19000413
19000414
19000415
19000416
19000417
19000418
19000419
19000420
19000421
19000422
19000423
19000424
19000425
19000500
19000501
19000502
19000503
19000504
19000505
19000506
19000507
19000508
19000509
19000510
19000511
19000512
19000513
19000514
19000515
19000516
19000517
19000518
19000519
19000520
19000521
19000522
19000523
19000524
19000525
19000600
19000601
19000602
19000603
19000604
19000605
19000606
19000607
19000608
19000609
19000610
19000611
19000612
19000613
19000614
19000615
19000616
19000617
19000618
19000619
19000620
19000621
19000622
19000623
19000624
19000625
19000700
19000701
19000702
19000703
19000704
19000705
19000706
19000707
19000708
19000709
19000710
19000711
19000712
19000713
19000714
19000715
19000716
19000717
19000718
19000719
19000720
19000721
19000722
19000723
19000724
19000725
19000800
19000801
19000802
19000803
19000804
19000805
19000806
19000807
19000808
19000809
19000810
19000811
19000812
19000813
19000814
19000815
19000816
19000817
19000818
19000819
19000820
19000821
19000822
19000823
19000824
19000825
19000900
19000901
19000902
19000903
19000904
19000905
19000906
19000907
19000908
19000909
19000910
19000911
19000912
19000913
19000914
19000915
19000916
19000917
19000918
19000919
19000920
19000921
19000922
19000923
19000924
19000925
19001000
19001001
19001002
19001003
19001004
19001005
19001006
19001007
19001008
19001009
19001010
19001011
19001012
19001013
19001014
19001015
19001016
19001017
19001018
19001019
19001020
19001021
19001022
19001023
19001024
19001025
19001100
19001101
19001102
19001103
19001104
19001105
19001106
19001107
19001108
19001109
19001110
19001111
19001112
19001113
19001114
19001115
19001116
19001117
19001118
19001119
19001120
19001121
19001122
19001123
19001124
19001125
19001200
19001201
19001202
19001203
19001204
19001205
19001206
19001207
19001208
19001209
19001210
19001211
19001212
19001213
19001214
19001215
19001216
19001217
19001218
19001219
19001220
19001221
19001222
19001223
19001224
19001225
19010000
19010001
19010002
19010003
19010004
19010005
19010006
19010007
19010008
19010009
19010010
19010011
19010012
19010013
19010014
19010015
19010016
19010017
19010018
19010019
19010020
19010021
19010022
19010023
19010024
19010025
19010100
19010101
19010102
19010103
19010104
19010105
19010106
19010107
19010108
19010109
19010110
19010111
19010112
19010113
19010114
19010115
19010116
19010117
19010118
19010119
19010120
19010121
19010122
19010123
19010124
19010125
19010200
19010201
19010202
19010203
19010204
19010205
19010206
19010207
19010208
19010209
19010210
19010211
19010212
19010213
19010214
19010215
19010216
19010217
19010218
19010219
19010220
19010221
19010222
19010223
19010224
19010225
19010300
19010301
19010302
19010303
19010304
19010305
19010306
19010307
19010308
19010309
19010310
19010311
19010312
19010313
19010314
19010315
19010316
19010317
19010318
19010319
19010320
19010321
19010322
19010323
19010324
19010325
19010400
19010401
19010402
19010403
19010404
19010405
19010406
19010407
19010408
19010409
19010410
19010411
19010412
19010413
19010414
19010415
19010416
19010417
19010418
19010419
19010420
19010421
19010422
19010423
19010424
19010425
19010500
19010501
19010502
19010503
19010504
19010505
19010506
19010507
19010508
19010509
19010510
19010511
19010512
19010513
19010514
19010515
19010516
19010517
19010518
19010519
19010520
19010521
19010522
19010523
19010524
19010525
19010600
19010601
19010602
19010603
19010604
19010605
19010606
19010607
19010608
19010609
19010610
19010611
19010612
19010613
19010614
19010615
19010616
19010617
19010618
19010619
19010620
19010621
19010622
19010623
19010624
19010625
19010700
19010701
19010702
19010703
19010704
19010705
19010706
19010707
19010708
19010709
19010710
19010711
19010712
19010713
19010714
19010715
19010716
19010717
19010718
19010719
19010720
19010721
19010722
19010723
19010724
19010725
19010800
19010801
19010802
19010803
19010804
19010805
19010806
19010807
19010808
19010809
19010810
19010811
19010812
19010813
19010814
19010815
19010816
19010817
19010818
19010819
19010820
19010821
19010822
19010823
19010824
19010825
19010900
19010901
19010902
19010903
19010904
19010905
19010906
19010907
19010908
19010909
19010910
19010911
19010912
19010913
19010914
19010915
19010916
19010917
19010918
19010919
19010920
19010921
19010922
19010923
19010924
19010925
19011000
19011001
19011002
19011003
19011004
19011005
19011006
19011007
19011008
19011009
19011010
19011011
19011012
19011013
19011014
19011015
19011016
19011017
19011018
19011019
19011020
19011021
19011022
19011023
19011024
19011025
19011100
19011101
19011102
19011103
19011104
19011105
19011106
19011107
19011108
19011109
19011110
19011111
19011112
19011113
19011114
19011115
19011116
19011117
19011118
19011119
19011120
19011121
19011122
19011123
19011124
19011125
19011200
19011201
19011202
19011203
19011204
19011205
19011206
19011207
19011208
19011209
19011210
19011211
19011212
19011213
19011214
19011215
19011216
19011217
19011218
19011219
19011220
19011221
19011222
19011223
19011224
19011225
19020000
19020001
19020002
19020003
19020004
19020005
19020006
19020007
19020008
19020009
19020010
19020011
19020012
19020013
19020014
19020015
19020016
19020017
19020018
19020019
19020020
19020021
19020022
19020023
19020024
19020025
19060000
19060001
19060002
19060003
19060004
19060005
19060006
19060007
19060008
19060009
19060010
19060011
19060012
19060013
19060014
19060015
19060016
19060017
19060018
19060019
19060020
19060021
19060022
19060023
19060024
19060025
19500000
19500001
19500002
19500003
19500004
19500005
19500006
19500007
19500008
19500009
19500010
19500011
19500012
19500013
19500014
19500015
19500016
19500017
19500018
19500019
19500020
19500021
19500022
19500023
19500024
19500025
19690000
19690001
19690002
19690003
19690004
19690005
19690006
19690007
19690008
19690009
19690010
19690011
19690012
19690013
19690014
19690015
19690016
19690017
19690018
19690019
19690020
19690021
19690022
19690023
19690024
19690025
20000000
20000001
20000002
20000003
20000004
20000005
20000006
20000007
20000008
20000009
20000010
20000011
20000012
20000013
20000014
20000015
20000016
20000017
20000018
20000019
20000020
20000021
20000022
20000023
20000024
20000025
20000100
20000101
20000102
20000103
20000104
20000105
20000106
20000107
20000108
20000109
20000110
20000111
20000112
20000113
20000114
20000115
20000116
20000117
20000118
20000119
20000120
20000121
20000122
20000123
20000124
20000125
20000200
20000201
20000202
20000203
20000204
20000205
20000206
20000207
20000208
20000209
20000210
20000211
20000212
20000213
20000214
20000215
20000216
20000217
20000218
20000219
20000220
20000221
20000222
20000223
20000224
20000225
20000300
20000301
20000302
20000303
20000304
20000305
20000306
20000307
20000308
20000309
20000310
20000311
20000312
20000313
20000314
20000315
20000316
20000317
20000318
20000319
20000320
20000321
20000322
20000323
20000324
20000325
20000400
20000401
20000402
20000403
20000404
20000405
20000406
20000407
20000408
20000409
20000410
20000411
20000412
20000413
20000414
20000415
20000416
20000417
20000418
20000419
20000420
20000421
20000422
20000423
20000424
20000425
20000500
20000501
20000502
20000503
20000504
20000505
20000506
20000507
20000508
20000509
20000510
20000511
20000512
20000513
20000514
20000515
20000516
20000517
20000518
20000519
20000520
20000521
20000522
20000523
20000524
20000525
20000600
20000601
20000602
20000603
20000604
20000605
20000606
20000607
20000608
20000609
20000610
20000611
20000612
20000613
20000614
20000615
20000616
20000617
20000618
20000619
20000620
20000621
20000622
20000623
20000624
20000625
20000700
20000701
20000702
20000703
20000704
20000705
20000706
20000707
20000708
20000709
20000710
20000711
20000712
20000713
20000714
20000715
20000716
20000717
20000718
20000719
20000720
20000721
20000722
20000723
20000724
20000725
20000800
20000801
20000802
20000803
20000804
20000805
20000806
20000807
20000808
20000809
20000810
20000811
20000812
20000813
20000814
20000815
20000816
20000817
20000818
20000819
20000820
20000821
20000822
20000823
20000824
20000825
20000900
20000901
20000902
20000903
20000904
20000905
20000906
20000907
20000908
20000909
20000910
20000911
20000912
20000913
20000914
20000915
20000916
20000917
20000918
20000919
20000920
20000921
20000922
20000923
20000924
20000925
20001000
20001001
20001002
20001003
20001004
20001005
20001006
20001007
20001008
20001009
20001010
20001011
20001012
20001013
20001014
20001015
20001016
20001017
20001018
20001019
20001020
20001021
20001022
20001023
20001024
20001025
20001100
20001101
20001102
20001103
20001104
20001105
20001106
20001107
20001108
20001109
20001110
20001111
20001112
20001113
20001114
20001115
20001116
20001117
20001118
20001119
20001120
20001121
20001122
20001123
20001124
20001125
20001200
20001201
20001202
20001203
20001204
20001205
20001206
20001207
20001208
20001209
20001210
20001211
20001212
20001213
20001214
20001215
20001216
20001217
20001218
20001219
20001220
20001221
20001222
20001223
20001224
20001225
20020000
20020001
20020002
20020003
20020004
20020005
20020006
20020007
20020008
20020009
20020010
20020011
20020012
20020013
20020014
20020015
20020016
20020017
20020018
20020019
20020020
20020021
20020022
20020023
20020024
20020025
20020100
20020101
20020102
20020103
20020104
20020105
20020106
20020107
20020108
20020109
20020110
20020111
20020112
20020113
20020114
20020115
20020116
20020117
20020118
20020119
20020120
20020121
20020122
20020123
20020124
20020125
20020200
20020201
20020202
20020203
20020204
20020205
20020206
20020207
20020208
20020209
20020210
20020211
20020212
20020213
20020214
20020215
20020216
20020217
20020218
20020219
20020220
20020221
20020222
20020223
20020224
20020225
20020300
20020301
20020302
20020303
20020304
20020305
20020306
20020307
20020308
20020309
20020310
20020311
20020312
20020313
20020314
20020315
20020316
20020317
20020318
20020319
20020320
20020321
20020322
20020323
20020324
20020325
20020400
20020401
20020402
20020403
20020404
20020405
20020406
20020407
20020408
20020409
20020410
20020411
20020412
20020413
20020414
20020415
20020416
20020417
20020418
20020419
20020420
20020421
20020422
20020423
20020424
20020425
20020500
20020501
20020502
20020503
20020504
20020505
20020506
20020507
20020508
20020509
20020510
20020511
20020512
20020513
20020514
20020515
20020516
20020517
20020518
20020519
20020520
20020521
20020522
20020523
20020524
20020525
20020600
20020601
20020602
20020603
20020604
20020605
20020606
20020607
20020608
20020609
20020610
20020611
20020612
20020613
20020614
20020615
20020616
20020617
20020618
20020619
20020620
20020621
20020622
20020623
20020624
20020625
20020700
20020701
20020702
20020703
20020704
20020705
20020706
20020707
20020708
20020709
20020710
20020711
20020712
20020713
20020714
20020715
20020716
20020717
20020718
20020719
20020720
20020721
20020722
20020723
20020724
20020725
20020800
20020801
20020802
20020803
20020804
20020805
20020806
20020807
20020808
20020809
20020810
20020811
20020812
20020813
20020814
20020815
20020816
20020817
20020818
20020819
20020820
20020821
20020822
20020823
20020824
20020825
20020900
20020901
20020902
20020903
20020904
20020905
20020906
20020907
20020908
20020909
20020910
20020911
20020912
20020913
20020914
20020915
20020916
20020917
20020918
20020919
20020920
20020921
20020922
20020923
20020924
20020925
20021000
20021001
20021002
20021003
20021004
20021005
20021006
20021007
20021008
20021009
20021010
20021011
20021012
20021013
20021014
20021015
20021016
20021017
20021018
20021019
20021020
20021021
20021022
20021023
20021024
20021025
20021100
20021101
20021102
20021103
20021104
20021105
20021106
20021107
20021108
20021109
20021110
20021111
20021112
20021113
20021114
20021115
20021116
20021117
20021118
20021119
20021120
20021121
20021122
20021123
20021124
20021125
20021200
20021201
20021202
20021203
20021204
20021205
20021206
20021207
20021208
20021209
20021210
20021211
20021212
20021213
20021214
20021215
20021216
20021217
20021218
20021219
20021220
20021221
20021222
20021223
20021224
20021225
20030000
20030001
20030002
20030003
20030004
20030005
20030006
20030007
20030008
20030009
20030010
20030011
20030012
20030013
20030014
20030015
20030016
20030017
20030018
20030019
20030020
20030021
20030022
20030023
20030024
20030025
20050000
20050001
20050002
20050003
20050004
20050005
20050006
20050007
20050008
20050009
20050010
20050011
20050012
20050013
20050014
20050015
20050016
20050017
20050018
20050019
20050020
20050021
20050022
20050023
20050024
20050025
20050100
20050101
20050102
20050103
20050104
20050105
20050106
20050107
20050108
20050109
20050110
20050111
20050112
20050113
20050114
20050115
20050116
20050117
20050118
20050119
20050120
20050121
20050122
20050123
20050124
20050125
20050200
20050201
20050202
20050203
20050204
20050205
20050206
20050207
20050208
20050209
20050210
20050211
20050212
20050213
20050214
20050215
20050216
20050217
20050218
20050219
20050220
20050221
20050222
20050223
20050224
20050225
20050300
20050301
20050302
20050303
20050304
20050305
20050306
20050307
20050308
20050309
20050310
20050311
20050312
20050313
20050314
20050315
20050316
20050317
20050318
20050319
20050320
20050321
20050322
20050323
20050324
20050325
20050400
20050401
20050402
20050403
20050404
20050405
20050406
20050407
20050408
20050409
20050410
20050411
20050412
20050413
20050414
20050415
20050416
20050417
20050418
20050419
20050420
20050421
20050422
20050423
20050424
20050425
20050500
20050501
20050502
20050503
20050504
20050505
20050506
20050507
20050508
20050509
20050510
20050511
20050512
20050513
20050514
20050515
20050516
20050517
20050518
20050519
20050520
20050521
20050522
20050523
20050524
20050525
20050600
20050601
20050602
20050603
20050604
20050605
20050606
20050607
20050608
20050609
20050610
20050611
20050612
20050613
20050614
20050615
20050616
20050617
20050618
20050619
20050620
20050621
20050622
20050623
20050624
20050625
20050700
20050701
20050702
20050703
20050704
20050705
20050706
20050707
20050708
20050709
20050710
20050711
20050712
20050713
20050714
20050715
20050716
20050717
20050718
20050719
20050720
20050721
20050722
20050723
20050724
20050725
20050800
20050801
20050802
20050803
20050804
20050805
20050806
20050807
20050808
20050809
20050810
20050811
20050812
20050813
20050814
20050815
20050816
20050817
20050818
20050819
20050820
20050821
20050822
20050823
20050824
20050825
20050900
20050901
20050902
20050903
20050904
20050905
20050906
20050907
20050908
20050909
20050910
20050911
20050912
20050913
20050914
20050915
20050916
20050917
20050918
20050919
20050920
20050921
20050922
20050923
20050924
20050925
20051000
20051001
20051002
20051003
20051004
20051005
20051006
20051007
20051008
20051009
20051010
20051011
20051012
20051013
20051014
20051015
20051016
20051017
20051018
20051019
20051020
20051021
20051022
20051023
20051024
20051025
20051100
20051101
20051102
20051103
20051104
20051105
20051106
20051107
20051108
20051109
20051110
20051111
20051112
20051113
20051114
20051115
20051116
20051117
20051118
20051119
20051120
20051121
20051122
20051123
20051124
20051125
20051200
20051201
20051202
20051203
20051204
20051205
20051206
20051207
20051208
20051209
20051210
20051211
20051212
20051213
20051214
20051215
20051216
20051217
20051218
20051219
20051220
20051221
20051222
20051223
20051224
20051225
20060000
20060001
20060002
20060003
20060004
20060005
20060006
20060007
20060008
20060009
20060010
20060011
20060012
20060013
20060014
20060015
20060016
20060017
20060018
20060019
20060020
20060021
20060022
20060023
20060024
20060025
20070000
20070001
20070002
20070003
20070004
20070005
20070006
20070007
20070008
20070009
20070010
20070011
20070012
20070013
20070014
20070015
20070016
20070017
20070018
20070019
20070020
20070021
20070022
20070023
20070024
20070025
20070100
20070101
20070102
20070103
20070104
20070105
20070106
20070107
20070108
20070109
20070110
20070111
20070112
20070113
20070114
20070115
20070116
20070117
20070118
20070119
20070120
20070121
20070122
20070123
20070124
20070125
20070200
20070201
20070202
20070203
20070204
20070205
20070206
20070207
20070208
20070209
20070210
20070211
20070212
20070213
20070214
20070215
20070216
20070217
20070218
20070219
20070220
20070221
20070222
20070223
20070224
20070225
20070300
20070301
20070302
20070303
20070304
20070305
20070306
20070307
20070308
20070309
20070310
20070311
20070312
20070313
20070314
20070315
20070316
20070317
20070318
20070319
20070320
20070321
20070322
20070323
20070324
20070325
20070400
20070401
20070402
20070403
20070404
20070405
20070406
20070407
20070408
20070409
20070410
20070411
20070412
20070413
20070414
20070415
20070416
20070417
20070418
20070419
20070420
20070421
20070422
20070423
20070424
20070425
20070500
20070501
20070502
20070503
20070504
20070505
20070506
20070507
20070508
20070509
20070510
20070511
20070512
20070513
20070514
20070515
20070516
20070517
20070518
20070519
20070520
20070521
20070522
20070523
20070524
20070525
20070600
20070601
20070602
20070603
20070604
20070605
20070606
20070607
20070608
20070609
20070610
20070611
20070612
20070613
20070614
20070615
20070616
20070617
20070618
20070619
20070620
20070621
20070622
20070623
20070624
20070625
20070700
20070701
20070702
20070703
20070704
20070705
20070706
20070707
20070708
20070709
20070710
20070711
20070712
20070713
20070714
20070715
20070716
20070717
20070718
20070719
20070720
20070721
20070722
20070723
20070724
20070725
20070800
20070801
20070802
20070803
20070804
20070805
20070806
20070807
20070808
20070809
20070810
20070811
20070812
20070813
20070814
20070815
20070816
20070817
20070818
20070819
20070820
20070821
20070822
20070823
20070824
20070825
20070900
20070901
20070902
20070903
20070904
20070905
20070906
20070907
20070908
20070909
20070910
20070911
20070912
20070913
20070914
20070915
20070916
20070917
20070918
20070919
20070920
20070921
20070922
20070923
20070924
20070925
20071000
20071001
20071002
20071003
20071004
20071005
20071006
20071007
20071008
20071009
20071010
20071011
20071012
20071013
20071014
20071015
20071016
20071017
20071018
20071019
20071020
20071021
20071022
20071023
20071024
20071025
20071100
20071101
20071102
20071103
20071104
20071105
20071106
20071107
20071108
20071109
20071110
20071111
20071112
20071113
20071114
20071115
20071116
20071117
20071118
20071119
20071120
20071121
20071122
20071123
20071124
20071125
20071200
20071201
20071202
20071203
20071204
20071205
20071206
20071207
20071208
20071209
20071210
20071211
20071212
20071213
20071214
20071215
20071216
20071217
20071218
20071219
20071220
20071221
20071222
20071223
20071224
20071225
20500000
20500001
20500002
20500003
20500004
20500005
20500006
20500007
20500008
20500009
20500010
20500011
20500012
20500013
20500014
20500015
20500016
20500017
20500018
20500019
20500020
20500021
20500022
20500023
20500024
20500025
21000000
21000001
21000002
21000003
21000004
21000005
21000006
21000007
21000008
21000009
21000010
21000011
21000012
21000013
21000014
21000015
21000016
21000017
21000018
21000019
21000020
21000021
21000022
21000023
21000024
21000025
21000100
21000101
21000102
21000103
21000104
21000105
21000106
21000107
21000108
21000109
21000110
21000111
21000112
21000113
21000114
21000115
21000116
21000117
21000118
21000119
21000120
21000121
21000122
21000123
21000124
21000125
21000200
21000201
21000202
21000203
21000204
21000205
21000206
21000207
21000208
21000209
21000210
21000211
21000212
21000213
21000214
21000215
21000216
21000217
21000218
21000219
21000220
21000221
21000222
21000223
21000224
21000225
21000300
21000301
21000302
21000303
21000304
21000305
21000306
21000307
21000308
21000309
21000310
21000311
21000312
21000313
21000314
21000315
21000316
21000317
21000318
21000319
21000320
21000321
21000322
21000323
21000324
21000325
21000400
21000401
21000402
21000403
21000404
21000405
21000406
21000407
21000408
21000409
21000410
21000411
21000412
21000413
21000414
21000415
21000416
21000417
21000418
21000419
21000420
21000421
21000422
21000423
21000424
21000425
21000500
21000501
21000502
21000503
21000504
21000505
21000506
21000507
21000508
21000509
21000510
21000511
21000512
21000513
21000514
21000515
21000516
21000517
21000518
21000519
21000520
21000521
21000522
21000523
21000524
21000525
21000600
21000601
21000602
21000603
21000604
21000605
21000606
21000607
21000608
21000609
21000610
21000611
21000612
21000613
21000614
21000615
21000616
21000617
21000618
21000619
21000620
21000621
21000622
21000623
21000624
21000625
21000700
21000701
21000702
21000703
21000704
21000705
21000706
21000707
21000708
21000709
21000710
21000711
21000712
21000713
21000714
21000715
21000716
21000717
21000718
21000719
21000720
21000721
21000722
21000723
21000724
21000725
21000800
21000801
21000802
21000803
21000804
21000805
21000806
21000807
21000808
21000809
21000810
21000811
21000812
21000813
21000814
21000815
21000816
21000817
21000818
21000819
21000820
21000821
21000822
21000823
21000824
21000825
21000900
21000901
21000902
21000903
21000904
21000905
21000906
21000907
21000908
21000909
21000910
21000911
21000912
21000913
21000914
21000915
21000916
21000917
21000918
21000919
21000920
21000921
21000922
21000923
21000924
21000925
21001000
21001001
21001002
21001003
21001004
21001005
21001006
21001007
21001008
21001009
21001010
21001011
21001012
21001013
21001014
21001015
21001016
21001017
21001018
21001019
21001020
21001021
21001022
21001023
21001024
21001025
21001100
21001101
21001102
21001103
21001104
21001105
21001106
21001107
21001108
21001109
21001110
21001111
21001112
21001113
21001114
21001115
21001116
21001117
21001118
21001119
21001120
21001121
21001122
21001123
21001124
21001125
21001200
21001201
21001202
21001203
21001204
21001205
21001206
21001207
21001208
21001209
21001210
21001211
21001212
21001213
21001214
21001215
21001216
21001217
21001218
21001219
21001220
21001221
21001222
21001223
21001224
21001225
21010000
21010001
21010002
21010003
21010004
21010005
21010006
21010007
21010008
21010009
21010010
21010011
21010012
21010013
21010014
21010015
21010016
21010017
21010018
21010019
21010020
21010021
21010022
21010023
21010024
21010025
21010100
21010101
21010102
21010103
21010104
21010105
21010106
21010107
21010108
21010109
21010110
21010111
21010112
21010113
21010114
21010115
21010116
21010117
21010118
21010119
21010120
21010121
21010122
21010123
21010124
21010125
21010200
21010201
21010202
21010203
21010204
21010205
21010206
21010207
21010208
21010209
21010210
21010211
21010212
21010213
21010214
21010215
21010216
21010217
21010218
21010219
21010220
21010221
21010222
21010223
21010224
21010225
21010300
21010301
21010302
21010303
21010304
21010305
21010306
21010307
21010308
21010309
21010310
21010311
21010312
21010313
21010314
21010315
21010316
21010317
21010318
21010319
21010320
21010321
21010322
21010323
21010324
21010325
21010400
21010401
21010402
21010403
21010404
21010405
21010406
21010407
21010408
21010409
21010410
21010411
21010412
21010413
21010414
21010415
21010416
21010417
21010418
21010419
21010420
21010421
21010422
21010423
21010424
21010425
21010500
21010501
21010502
21010503
21010504
21010505
21010506
21010507
21010508
21010509
21010510
21010511
21010512
21010513
21010514
21010515
21010516
21010517
21010518
21010519
21010520
21010521
21010522
21010523
21010524
21010525
21010600
21010601
21010602
21010603
21010604
21010605
21010606
21010607
21010608
21010609
21010610
21010611
21010612
21010613
21010614
21010615
21010616
21010617
21010618
21010619
21010620
21010621
21010622
21010623
21010624
21010625
21010700
21010701
21010702
21010703
21010704
21010705
21010706
21010707
21010708
21010709
21010710
21010711
21010712
21010713
21010714
21010715
21010716
21010717
21010718
21010719
21010720
21010721
21010722
21010723
21010724
21010725
21010800
21010801
21010802
21010803
21010804
21010805
21010806
21010807
21010808
21010809
21010810
21010811
21010812
21010813
21010814
21010815
21010816
21010817
21010818
21010819
21010820
21010821
21010822
21010823
21010824
21010825
21010900
21010901
21010902
21010903
21010904
21010905
21010906
21010907
21010908
21010909
21010910
21010911
21010912
21010913
21010914
21010915
21010916
21010917
21010918
21010919
21010920
21010921
21010922
21010923
21010924
21010925
21011000
21011001
21011002
21011003
21011004
21011005
21011006
21011007
21011008
21011009
21011010
21011011
21011012
21011013
21011014
21011015
21011016
21011017
21011018
21011019
21011020
21011021
21011022
21011023
21011024
21011025
21011100
21011101
21011102
21011103
21011104
21011105
21011106
21011107
21011108
21011109
21011110
21011111
21011112
21011113
21011114
21011115
21011116
21011117
21011118
21011119
21011120
21011121
21011122
21011123
21011124
21011125
21011200
21011201
21011202
21011203
21011204
21011205
21011206
21011207
21011208
21011209
21011210
21011211
21011212
21011213
21011214
21011215
21011216
21011217
21011218
21011219
21011220
21011221
21011222
21011223
21011224
21011225
21060000
21060001
21060002
21060003
21060004
21060005
21060006
21060007
21060008
21060009
21060010
21060011
21060012
21060013
21060014
21060015
21060016
21060017
21060018
21060019
21060020
21060021
21060022
21060023
21060024
21060025
21070000
21070001
21070002
21070003
21070004
21070005
21070006
21070007
21070008
21070009
21070010
21070011
21070012
21070013
21070014
21070015
21070016
21070017
21070018
21070019
21070020
21070021
21070022
21070023
21070024
21070025
21070100
21070101
21070102
21070103
21070104
21070105
21070106
21070107
21070108
21070109
21070110
21070111
21070112
21070113
21070114
21070115
21070116
21070117
21070118
21070119
21070120
21070121
21070122
21070123
21070124
21070125
21070200
21070201
21070202
21070203
21070204
21070205
21070206
21070207
21070208
21070209
21070210
21070211
21070212
21070213
21070214
21070215
21070216
21070217
21070218
21070219
21070220
21070221
21070222
21070223
21070224
21070225
21070300
21070301
21070302
21070303
21070304
21070305
21070306
21070307
21070308
21070309
21070310
21070311
21070312
21070313
21070314
21070315
21070316
21070317
21070318
21070319
21070320
21070321
21070322
21070323
21070324
21070325
21070400
21070401
21070402
21070403
21070404
21070405
21070406
21070407
21070408
21070409
21070410
21070411
21070412
21070413
21070414
21070415
21070416
21070417
21070418
21070419
21070420
21070421
21070422
21070423
21070424
21070425
21070500
21070501
21070502
21070503
21070504
21070505
21070506
21070507
21070508
21070509
21070510
21070511
21070512
21070513
21070514
21070515
21070516
21070517
21070518
21070519
21070520
21070521
21070522
21070523
21070524
21070525
21070600
21070601
21070602
21070603
21070604
21070605
21070606
21070607
21070608
21070609
21070610
21070611
21070612
21070613
21070614
21070615
21070616
21070617
21070618
21070619
21070620
21070621
21070622
21070623
21070624
21070625
21070700
21070701
21070702
21070703
21070704
21070705
21070706
21070707
21070708
21070709
21070710
21070711
21070712
21070713
21070714
21070715
21070716
21070717
21070718
21070719
21070720
21070721
21070722
21070723
21070724
21070725
21070800
21070801
21070802
21070803
21070804
21070805
21070806
21070807
21070808
21070809
21070810
21070811
21070812
21070813
21070814
21070815
21070816
21070817
21070818
21070819
21070820
21070821
21070822
21070823
21070824
21070825
21070900
21070901
21070902
21070903
21070904
21070905
21070906
21070907
21070908
21070909
21070910
21070911
21070912
21070913
21070914
21070915
21070916
21070917
21070918
21070919
21070920
21070921
21070922
21070923
21070924
21070925
21071000
21071001
21071002
21071003
21071004
21071005
21071006
21071007
21071008
21071009
21071010
21071011
21071012
21071013
21071014
21071015
21071016
21071017
21071018
21071019
21071020
21071021
21071022
21071023
21071024
21071025
21071100
21071101
21071102
21071103
21071104
21071105
21071106
21071107
21071108
21071109
21071110
21071111
21071112
21071113
21071114
21071115
21071116
21071117
21071118
21071119
21071120
21071121
21071122
21071123
21071124
21071125
21071200
21071201
21071202
21071203
21071204
21071205
21071206
21071207
21071208
21071209
21071210
21071211
21071212
21071213
21071214
21071215
21071216
21071217
21071218
21071219
21071220
21071221
21071222
21071223
21071224
21071225
21080000
21080001
21080002
21080003
21080004
21080005
21080006
21080007
21080008
21080009
21080010
21080011
21080012
21080013
21080014
21080015
21080016
21080017
21080018
21080019
21080020
21080021
21080022
21080023
21080024
21080025
21080100
21080101
21080102
21080103
21080104
21080105
21080106
21080107
21080108
21080109
21080110
21080111
21080112
21080113
21080114
21080115
21080116
21080117
21080118
21080119
21080120
21080121
21080122
21080123
21080124
21080125
21080200
21080201
21080202
21080203
21080204
21080205
21080206
21080207
21080208
21080209
21080210
21080211
21080212
21080213
21080214
21080215
21080216
21080217
21080218
21080219
21080220
21080221
21080222
21080223
21080224
21080225
21080300
21080301
21080302
21080303
21080304
21080305
21080306
21080307
21080308
21080309
21080310
21080311
21080312
21080313
21080314
21080315
21080316
21080317
21080318
21080319
21080320
21080321
21080322
21080323
21080324
21080325
21080400
21080401
21080402
21080403
21080404
21080405
21080406
21080407
21080408
21080409
21080410
21080411
21080412
21080413
21080414
21080415
21080416
21080417
21080418
21080419
21080420
21080421
21080422
21080423
21080424
21080425
21080500
21080501
21080502
21080503
21080504
21080505
21080506
21080507
21080508
21080509
21080510
21080511
21080512
21080513
21080514
21080515
21080516
21080517
21080518
21080519
21080520
21080521
21080522
21080523
21080524
21080525
21080600
21080601
21080602
21080603
21080604
21080605
21080606
21080607
21080608
21080609
21080610
21080611
21080612
21080613
21080614
21080615
21080616
21080617
21080618
21080619
21080620
21080621
21080622
21080623
21080624
21080625
21080700
21080701
21080702
21080703
21080704
21080705
21080706
21080707
21080708
21080709
21080710
21080711
21080712
21080713
21080714
21080715
21080716
21080717
21080718
21080719
21080720
21080721
21080722
21080723
21080724
21080725
21080800
21080801
21080802
21080803
21080804
21080805
21080806
21080807
21080808
21080809
21080810
21080811
21080812
21080813
21080814
21080815
21080816
21080817
21080818
21080819
21080820
21080821
21080822
21080823
21080824
21080825
21080900
21080901
21080902
21080903
21080904
21080905
21080906
21080907
21080908
21080909
21080910
21080911
21080912
21080913
21080914
21080915
21080916
21080917
21080918
21080919
21080920
21080921
21080922
21080923
21080924
21080925
21081000
21081001
21081002
21081003
21081004
21081005
21081006
21081007
21081008
21081009
21081010
21081011
21081012
21081013
21081014
21081015
21081016
21081017
21081018
21081019
21081020
21081021
21081022
21081023
21081024
21081025
21081100
21081101
21081102
21081103
21081104
21081105
21081106
21081107
21081108
21081109
21081110
21081111
21081112
21081113
21081114
21081115
21081116
21081117
21081118
21081119
21081120
21081121
21081122
21081123
21081124
21081125
21081200
21081201
21081202
21081203
21081204
21081205
21081206
21081207
21081208
21081209
21081210
21081211
21081212
21081213
21081214
21081215
21081216
21081217
21081218
21081219
21081220
21081221
21081222
21081223
21081224
21081225
21100000
21100001
21100002
21100003
21100004
21100005
21100006
21100007
21100008
21100009
21100010
21100011
21100012
21100013
21100014
21100015
21100016
21100017
21100018
21100019
21100020
21100021
21100022
21100023
21100024
21100025
21100100
21100101
21100102
21100103
21100104
21100105
21100106
21100107
21100108
21100109
21100110
21100111
21100112
21100113
21100114
21100115
21100116
21100117
21100118
21100119
21100120
21100121
21100122
21100123
21100124
21100125
21100200
21100201
21100202
21100203
21100204
21100205
21100206
21100207
21100208
21100209
21100210
21100211
21100212
21100213
21100214
21100215
21100216
21100217
21100218
21100219
21100220
21100221
21100222
21100223
21100224
21100225
21100300
21100301
21100302
21100303
21100304
21100305
21100306
21100307
21100308
21100309
21100310
21100311
21100312
21100313
21100314
21100315
21100316
21100317
21100318
21100319
21100320
21100321
21100322
21100323
21100324
21100325
21100400
21100401
21100402
21100403
21100404
21100405
21100406
21100407
21100408
21100409
21100410
21100411
21100412
21100413
21100414
21100415
21100416
21100417
21100418
21100419
21100420
21100421
21100422
21100423
21100424
21100425
21100500
21100501
21100502
21100503
21100504
21100505
21100506
21100507
21100508
21100509
21100510
21100511
21100512
21100513
21100514
21100515
21100516
21100517
21100518
21100519
21100520
21100521
21100522
21100523
21100524
21100525
21100600
21100601
21100602
21100603
21100604
21100605
21100606
21100607
21100608
21100609
21100610
21100611
21100612
21100613
21100614
21100615
21100616
21100617
21100618
21100619
21100620
21100621
21100622
21100623
21100624
21100625
21100700
21100701
21100702
21100703
21100704
21100705
21100706
21100707
21100708
21100709
21100710
21100711
21100712
21100713
21100714
21100715
21100716
21100717
21100718
21100719
21100720
21100721
21100722
21100723
21100724
21100725
21100800
21100801
21100802
21100803
21100804
21100805
21100806
21100807
21100808
21100809
21100810
21100811
21100812
21100813
21100814
21100815
21100816
21100817
21100818
21100819
21100820
21100821
21100822
21100823
21100824
21100825
21100900
21100901
21100902
21100903
21100904
21100905
21100906
21100907
21100908
21100909
21100910
21100911
21100912
21100913
21100914
21100915
21100916
21100917
21100918
21100919
21100920
21100921
21100922
21100923
21100924
21100925
21101000
21101001
21101002
21101003
21101004
21101005
21101006
21101007
21101008
21101009
21101010
21101011
21101012
21101013
21101014
21101015
21101016
21101017
21101018
21101019
21101020
21101021
21101022
21101023
21101024
21101025
21101100
21101101
21101102
21101103
21101104
21101105
21101106
21101107
21101108
21101109
21101110
21101111
21101112
21101113
21101114
21101115
21101116
21101117
21101118
21101119
21101120
21101121
21101122
21101123
21101124
21101125
21101200
21101201
21101202
21101203
21101204
21101205
21101206
21101207
21101208
21101209
21101210
21101211
21101212
21101213
21101214
21101215
21101216
21101217
21101218
21101219
21101220
21101221
21101222
21101223
21101224
21101225
21110000
21110001
21110002
21110003
21110004
21110005
21110006
21110007
21110008
21110009
21110010
21110011
21110012
21110013
21110014
21110015
21110016
21110017
21110018
21110019
21110020
21110021
21110022
21110023
21110024
21110025
21120000
21120001
21120002
21120003
21120004
21120005
21120006
21120007
21120008
21120009
21120010
21120011
21120012
21120013
21120014
21120015
21120016
21120017
21120018
21120019
21120020
21120021
21120022
21120023
21120024
21120025
21130000
21130001
21130002
21130003
21130004
21130005
21130006
21130007
21130008
21130009
21130010
21130011
21130012
21130013
21130014
21130015
21130016
21130017
21130018
21130019
21130020
21130021
21130022
21130023
21130024
21130025
21500000
21500001
21500002
21500003
21500004
21500005
21500006
21500007
21500008
21500009
21500010
21500011
21500012
21500013
21500014
21500015
21500016
21500017
21500018
21500019
21500020
21500021
21500022
21500023
21500024
21500025
21510000
21510001
21510002
21510003
21510004
21510005
21510006
21510007
21510008
21510009
21510010
21510011
21510012
21510013
21510014
21510015
21510016
21510017
21510018
21510019
21510020
21510021
21510022
21510023
21510024
21510025
21510100
21510101
21510102
21510103
21510104
21510105
21510106
21510107
21510108
21510109
21510110
21510111
21510112
21510113
21510114
21510115
21510116
21510117
21510118
21510119
21510120
21510121
21510122
21510123
21510124
21510125
21510200
21510201
21510202
21510203
21510204
21510205
21510206
21510207
21510208
21510209
21510210
21510211
21510212
21510213
21510214
21510215
21510216
21510217
21510218
21510219
21510220
21510221
21510222
21510223
21510224
21510225
21510300
21510301
21510302
21510303
21510304
21510305
21510306
21510307
21510308
21510309
21510310
21510311
21510312
21510313
21510314
21510315
21510316
21510317
21510318
21510319
21510320
21510321
21510322
21510323
21510324
21510325
21510400
21510401
21510402
21510403
21510404
21510405
21510406
21510407
21510408
21510409
21510410
21510411
21510412
21510413
21510414
21510415
21510416
21510417
21510418
21510419
21510420
21510421
21510422
21510423
21510424
21510425
21510500
21510501
21510502
21510503
21510504
21510505
21510506
21510507
21510508
21510509
21510510
21510511
21510512
21510513
21510514
21510515
21510516
21510517
21510518
21510519
21510520
21510521
21510522
21510523
21510524
21510525
21510600
21510601
21510602
21510603
21510604
21510605
21510606
21510607
21510608
21510609
21510610
21510611
21510612
21510613
21510614
21510615
21510616
21510617
21510618
21510619
21510620
21510621
21510622
21510623
21510624
21510625
21510700
21510701
21510702
21510703
21510704
21510705
21510706
21510707
21510708
21510709
21510710
21510711
21510712
21510713
21510714
21510715
21510716
21510717
21510718
21510719
21510720
21510721
21510722
21510723
21510724
21510725
21510800
21510801
21510802
21510803
21510804
21510805
21510806
21510807
21510808
21510809
21510810
21510811
21510812
21510813
21510814
21510815
21510816
21510817
21510818
21510819
21510820
21510821
21510822
21510823
21510824
21510825
21510900
21510901
21510902
21510903
21510904
21510905
21510906
21510907
21510908
21510909
21510910
21510911
21510912
21510913
21510914
21510915
21510916
21510917
21510918
21510919
21510920
21510921
21510922
21510923
21510924
21510925
21511000
21511001
21511002
21511003
21511004
21511005
21511006
21511007
21511008
21511009
21511010
21511011
21511012
21511013
21511014
21511015
21511016
21511017
21511018
21511019
21511020
21511021
21511022
21511023
21511024
21511025
21511100
21511101
21511102
21511103
21511104
21511105
21511106
21511107
21511108
21511109
21511110
21511111
21511112
21511113
21511114
21511115
21511116
21511117
21511118
21511119
21511120
21511121
21511122
21511123
21511124
21511125
21511200
21511201
21511202
21511203
21511204
21511205
21511206
21511207
21511208
21511209
21511210
21511211
21511212
21511213
21511214
21511215
21511216
21511217
21511218
21511219
21511220
21511221
21511222
21511223
21511224
21511225
21520000
21520001
21520002
21520003
21520004
21520005
21520006
21520007
21520008
21520009
21520010
21520011
21520012
21520013
21520014
21520015
21520016
21520017
21520018
21520019
21520020
21520021
21520022
21520023
21520024
21520025
21530000
21530001
21530002
21530003
21530004
21530005
21530006
21530007
21530008
21530009
21530010
21530011
21530012
21530013
21530014
21530015
21530016
21530017
21530018
21530019
21530020
21530021
21530022
21530023
21530024
21530025
21540000
21540001
21540002
21540003
21540004
21540005
21540006
21540007
21540008
21540009
21540010
21540011
21540012
21540013
21540014
21540015
21540016
21540017
21540018
21540019
21540020
21540021
21540022
21540023
21540024
21540025
21540100
21540101
21540102
21540103
21540104
21540105
21540106
21540107
21540108
21540109
21540110
21540111
21540112
21540113
21540114
21540115
21540116
21540117
21540118
21540119
21540120
21540121
21540122
21540123
21540124
21540125
21540200
21540201
21540202
21540203
21540204
21540205
21540206
21540207
21540208
21540209
21540210
21540211
21540212
21540213
21540214
21540215
21540216
21540217
21540218
21540219
21540220
21540221
21540222
21540223
21540224
21540225
21540300
21540301
21540302
21540303
21540304
21540305
21540306
21540307
21540308
21540309
21540310
21540311
21540312
21540313
21540314
21540315
21540316
21540317
21540318
21540319
21540320
21540321
21540322
21540323
21540324
21540325
21540400
21540401
21540402
21540403
21540404
21540405
21540406
21540407
21540408
21540409
21540410
21540411
21540412
21540413
21540414
21540415
21540416
21540417
21540418
21540419
21540420
21540421
21540422
21540423
21540424
21540425
21540500
21540501
21540502
21540503
21540504
21540505
21540506
21540507
21540508
21540509
21540510
21540511
21540512
21540513
21540514
21540515
21540516
21540517
21540518
21540519
21540520
21540521
21540522
21540523
21540524
21540525
21540600
21540601
21540602
21540603
21540604
21540605
21540606
21540607
21540608
21540609
21540610
21540611
21540612
21540613
21540614
21540615
21540616
21540617
21540618
21540619
21540620
21540621
21540622
21540623
21540624
21540625
21540700
21540701
21540702
21540703
21540704
21540705
21540706
21540707
21540708
21540709
21540710
21540711
21540712
21540713
21540714
21540715
21540716
21540717
21540718
21540719
21540720
21540721
21540722
21540723
21540724
21540725
21540800
21540801
21540802
21540803
21540804
21540805
21540806
21540807
21540808
21540809
21540810
21540811
21540812
21540813
21540814
21540815
21540816
21540817
21540818
21540819
21540820
21540821
21540822
21540823
21540824
21540825
21540900
21540901
21540902
21540903
21540904
21540905
21540906
21540907
21540908
21540909
21540910
21540911
21540912
21540913
21540914
21540915
21540916
21540917
21540918
21540919
21540920
21540921
21540922
21540923
21540924
21540925
21541000
21541001
21541002
21541003
21541004
21541005
21541006
21541007
21541008
21541009
21541010
21541011
21541012
21541013
21541014
21541015
21541016
21541017
21541018
21541019
21541020
21541021
21541022
21541023
21541024
21541025
21541100
21541101
21541102
21541103
21541104
21541105
21541106
21541107
21541108
21541109
21541110
21541111
21541112
21541113
21541114
21541115
21541116
21541117
21541118
21541119
21541120
21541121
21541122
21541123
21541124
21541125
21541200
21541201
21541202
21541203
21541204
21541205
21541206
21541207
21541208
21541209
21541210
21541211
21541212
21541213
21541214
21541215
21541216
21541217
21541218
21541219
21541220
21541221
21541222
21541223
21541224
21541225
21550000
21550001
21550002
21550003
21550004
21550005
21550006
21550007
21550008
21550009
21550010
21550011
21550012
21550013
21550014
21550015
21550016
21550017
21550018
21550019
21550020
21550021
21550022
21550023
21550024
21550025
21670000
21670001
21670002
21670003
21670004
21670005
21670006
21670007
21670008
21670009
21670010
21670011
21670012
21670013
21670014
21670015
21670016
21670017
21670018
21670019
21670020
21670021
21670022
21670023
21670024
21670025
21680000
21680001
21680002
21680003
21680004
21680005
21680006
21680007
21680008
21680009
21680010
21680011
21680012
21680013
21680014
21680015
21680016
21680017
21680018
21680019
21680020
21680021
21680022
21680023
21680024
21680025
21690000
21690001
21690002
21690003
21690004
21690005
21690006
21690007
21690008
21690009
21690010
21690011
21690012
21690013
21690014
21690015
21690016
21690017
21690018
21690019
21690020
21690021
21690022
21690023
21690024
21690025
22000000
22000001
22000002
22000003
22000004
22000005
22000006
22000007
22000008
22000009
22000010
22000011
22000012
22000013
22000014
22000015
22000016
22000017
22000018
22000019
22000020
22000021
22000022
22000023
22000024
22000025
22000100
22000101
22000102
22000103
22000104
22000105
22000106
22000107
22000108
22000109
22000110
22000111
22000112
22000113
22000114
22000115
22000116
22000117
22000118
22000119
22000120
22000121
22000122
22000123
22000124
22000125
22000200
22000201
22000202
22000203
22000204
22000205
22000206
22000207
22000208
22000209
22000210
22000211
22000212
22000213
22000214
22000215
22000216
22000217
22000218
22000219
22000220
22000221
22000222
22000223
22000224
22000225
22000300
22000301
22000302
22000303
22000304
22000305
22000306
22000307
22000308
22000309
22000310
22000311
22000312
22000313
22000314
22000315
22000316
22000317
22000318
22000319
22000320
22000321
22000322
22000323
22000324
22000325
22000400
22000401
22000402
22000403
22000404
22000405
22000406
22000407
22000408
22000409
22000410
22000411
22000412
22000413
22000414
22000415
22000416
22000417
22000418
22000419
22000420
22000421
22000422
22000423
22000424
22000425
22000500
22000501
22000502
22000503
22000504
22000505
22000506
22000507
22000508
22000509
22000510
22000511
22000512
22000513
22000514
22000515
22000516
22000517
22000518
22000519
22000520
22000521
22000522
22000523
22000524
22000525
22000600
22000601
22000602
22000603
22000604
22000605
22000606
22000607
22000608
22000609
22000610
22000611
22000612
22000613
22000614
22000615
22000616
22000617
22000618
22000619
22000620
22000621
22000622
22000623
22000624
22000625
22000700
22000701
22000702
22000703
22000704
22000705
22000706
22000707
22000708
22000709
22000710
22000711
22000712
22000713
22000714
22000715
22000716
22000717
22000718
22000719
22000720
22000721
22000722
22000723
22000724
22000725
22000800
22000801
22000802
22000803
22000804
22000805
22000806
22000807
22000808
22000809
22000810
22000811
22000812
22000813
22000814
22000815
22000816
22000817
22000818
22000819
22000820
22000821
22000822
22000823
22000824
22000825
22000900
22000901
22000902
22000903
22000904
22000905
22000906
22000907
22000908
22000909
22000910
22000911
22000912
22000913
22000914
22000915
22000916
22000917
22000918
22000919
22000920
22000921
22000922
22000923
22000924
22000925
22001000
22001001
22001002
22001003
22001004
22001005
22001006
22001007
22001008
22001009
22001010
22001011
22001012
22001013
22001014
22001015
22001016
22001017
22001018
22001019
22001020
22001021
22001022
22001023
22001024
22001025
22001100
22001101
22001102
22001103
22001104
22001105
22001106
22001107
22001108
22001109
22001110
22001111
22001112
22001113
22001114
22001115
22001116
22001117
22001118
22001119
22001120
22001121
22001122
22001123
22001124
22001125
22001200
22001201
22001202
22001203
22001204
22001205
22001206
22001207
22001208
22001209
22001210
22001211
22001212
22001213
22001214
22001215
22001216
22001217
22001218
22001219
22001220
22001221
22001222
22001223
22001224
22001225
22010000
22010001
22010002
22010003
22010004
22010005
22010006
22010007
22010008
22010009
22010010
22010011
22010012
22010013
22010014
22010015
22010016
22010017
22010018
22010019
22010020
22010021
22010022
22010023
22010024
22010025
22010100
22010101
22010102
22010103
22010104
22010105
22010106
22010107
22010108
22010109
22010110
22010111
22010112
22010113
22010114
22010115
22010116
22010117
22010118
22010119
22010120
22010121
22010122
22010123
22010124
22010125
22010200
22010201
22010202
22010203
22010204
22010205
22010206
22010207
22010208
22010209
22010210
22010211
22010212
22010213
22010214
22010215
22010216
22010217
22010218
22010219
22010220
22010221
22010222
22010223
22010224
22010225
22010300
22010301
22010302
22010303
22010304
22010305
22010306
22010307
22010308
22010309
22010310
22010311
22010312
22010313
22010314
22010315
22010316
22010317
22010318
22010319
22010320
22010321
22010322
22010323
22010324
22010325
22010400
22010401
22010402
22010403
22010404
22010405
22010406
22010407
22010408
22010409
22010410
22010411
22010412
22010413
22010414
22010415
22010416
22010417
22010418
22010419
22010420
22010421
22010422
22010423
22010424
22010425
22010500
22010501
22010502
22010503
22010504
22010505
22010506
22010507
22010508
22010509
22010510
22010511
22010512
22010513
22010514
22010515
22010516
22010517
22010518
22010519
22010520
22010521
22010522
22010523
22010524
22010525
22010600
22010601
22010602
22010603
22010604
22010605
22010606
22010607
22010608
22010609
22010610
22010611
22010612
22010613
22010614
22010615
22010616
22010617
22010618
22010619
22010620
22010621
22010622
22010623
22010624
22010625
22010700
22010701
22010702
22010703
22010704
22010705
22010706
22010707
22010708
22010709
22010710
22010711
22010712
22010713
22010714
22010715
22010716
22010717
22010718
22010719
22010720
22010721
22010722
22010723
22010724
22010725
22010800
22010801
22010802
22010803
22010804
22010805
22010806
22010807
22010808
22010809
22010810
22010811
22010812
22010813
22010814
22010815
22010816
22010817
22010818
22010819
22010820
22010821
22010822
22010823
22010824
22010825
22010900
22010901
22010902
22010903
22010904
22010905
22010906
22010907
22010908
22010909
22010910
22010911
22010912
22010913
22010914
22010915
22010916
22010917
22010918
22010919
22010920
22010921
22010922
22010923
22010924
22010925
22011000
22011001
22011002
22011003
22011004
22011005
22011006
22011007
22011008
22011009
22011010
22011011
22011012
22011013
22011014
22011015
22011016
22011017
22011018
22011019
22011020
22011021
22011022
22011023
22011024
22011025
22011100
22011101
22011102
22011103
22011104
22011105
22011106
22011107
22011108
22011109
22011110
22011111
22011112
22011113
22011114
22011115
22011116
22011117
22011118
22011119
22011120
22011121
22011122
22011123
22011124
22011125
22011200
22011201
22011202
22011203
22011204
22011205
22011206
22011207
22011208
22011209
22011210
22011211
22011212
22011213
22011214
22011215
22011216
22011217
22011218
22011219
22011220
22011221
22011222
22011223
22011224
22011225
22020000
22020001
22020002
22020003
22020004
22020005
22020006
22020007
22020008
22020009
22020010
22020011
22020012
22020013
22020014
22020015
22020016
22020017
22020018
22020019
22020020
22020021
22020022
22020023
22020024
22020025
22020100
22020101
22020102
22020103
22020104
22020105
22020106
22020107
22020108
22020109
22020110
22020111
22020112
22020113
22020114
22020115
22020116
22020117
22020118
22020119
22020120
22020121
22020122
22020123
22020124
22020125
22020200
22020201
22020202
22020203
22020204
22020205
22020206
22020207
22020208
22020209
22020210
22020211
22020212
22020213
22020214
22020215
22020216
22020217
22020218
22020219
22020220
22020221
22020222
22020223
22020224
22020225
22020300
22020301
22020302
22020303
22020304
22020305
22020306
22020307
22020308
22020309
22020310
22020311
22020312
22020313
22020314
22020315
22020316
22020317
22020318
22020319
22020320
22020321
22020322
22020323
22020324
22020325
22020400
22020401
22020402
22020403
22020404
22020405
22020406
22020407
22020408
22020409
22020410
22020411
22020412
22020413
22020414
22020415
22020416
22020417
22020418
22020419
22020420
22020421
22020422
22020423
22020424
22020425
22020500
22020501
22020502
22020503
22020504
22020505
22020506
22020507
22020508
22020509
22020510
22020511
22020512
22020513
22020514
22020515
22020516
22020517
22020518
22020519
22020520
22020521
22020522
22020523
22020524
22020525
22020600
22020601
22020602
22020603
22020604
22020605
22020606
22020607
22020608
22020609
22020610
22020611
22020612
22020613
22020614
22020615
22020616
22020617
22020618
22020619
22020620
22020621
22020622
22020623
22020624
22020625
22020700
22020701
22020702
22020703
22020704
22020705
22020706
22020707
22020708
22020709
22020710
22020711
22020712
22020713
22020714
22020715
22020716
22020717
22020718
22020719
22020720
22020721
22020722
22020723
22020724
22020725
22020800
22020801
22020802
22020803
22020804
22020805
22020806
22020807
22020808
22020809
22020810
22020811
22020812
22020813
22020814
22020815
22020816
22020817
22020818
22020819
22020820
22020821
22020822
22020823
22020824
22020825
22020900
22020901
22020902
22020903
22020904
22020905
22020906
22020907
22020908
22020909
22020910
22020911
22020912
22020913
22020914
22020915
22020916
22020917
22020918
22020919
22020920
22020921
22020922
22020923
22020924
22020925
22021000
22021001
22021002
22021003
22021004
22021005
22021006
22021007
22021008
22021009
22021010
22021011
22021012
22021013
22021014
22021015
22021016
22021017
22021018
22021019
22021020
22021021
22021022
22021023
22021024
22021025
22021100
22021101
22021102
22021103
22021104
22021105
22021106
22021107
22021108
22021109
22021110
22021111
22021112
22021113
22021114
22021115
22021116
22021117
22021118
22021119
22021120
22021121
22021122
22021123
22021124
22021125
22021200
22021201
22021202
22021203
22021204
22021205
22021206
22021207
22021208
22021209
22021210
22021211
22021212
22021213
22021214
22021215
22021216
22021217
22021218
22021219
22021220
22021221
22021222
22021223
22021224
22021225
22030000
22030001
22030002
22030003
22030004
22030005
22030006
22030007
22030008
22030009
22030010
22030011
22030012
22030013
22030014
22030015
22030016
22030017
22030018
22030019
22030020
22030021
22030022
22030023
22030024
22030025
22030100
22030101
22030102
22030103
22030104
22030105
22030106
22030107
22030108
22030109
22030110
22030111
22030112
22030113
22030114
22030115
22030116
22030117
22030118
22030119
22030120
22030121
22030122
22030123
22030124
22030125
22030200
22030201
22030202
22030203
22030204
22030205
22030206
22030207
22030208
22030209
22030210
22030211
22030212
22030213
22030214
22030215
22030216
22030217
22030218
22030219
22030220
22030221
22030222
22030223
22030224
22030225
22030300
22030301
22030302
22030303
22030304
22030305
22030306
22030307
22030308
22030309
22030310
22030311
22030312
22030313
22030314
22030315
22030316
22030317
22030318
22030319
22030320
22030321
22030322
22030323
22030324
22030325
22030400
22030401
22030402
22030403
22030404
22030405
22030406
22030407
22030408
22030409
22030410
22030411
22030412
22030413
22030414
22030415
22030416
22030417
22030418
22030419
22030420
22030421
22030422
22030423
22030424
22030425
22030500
22030501
22030502
22030503
22030504
22030505
22030506
22030507
22030508
22030509
22030510
22030511
22030512
22030513
22030514
22030515
22030516
22030517
22030518
22030519
22030520
22030521
22030522
22030523
22030524
22030525
22030600
22030601
22030602
22030603
22030604
22030605
22030606
22030607
22030608
22030609
22030610
22030611
22030612
22030613
22030614
22030615
22030616
22030617
22030618
22030619
22030620
22030621
22030622
22030623
22030624
22030625
22030700
22030701
22030702
22030703
22030704
22030705
22030706
22030707
22030708
22030709
22030710
22030711
22030712
22030713
22030714
22030715
22030716
22030717
22030718
22030719
22030720
22030721
22030722
22030723
22030724
22030725
22030800
22030801
22030802
22030803
22030804
22030805
22030806
22030807
22030808
22030809
22030810
22030811
22030812
22030813
22030814
22030815
22030816
22030817
22030818
22030819
22030820
22030821
22030822
22030823
22030824
22030825
22030900
22030901
22030902
22030903
22030904
22030905
22030906
22030907
22030908
22030909
22030910
22030911
22030912
22030913
22030914
22030915
22030916
22030917
22030918
22030919
22030920
22030921
22030922
22030923
22030924
22030925
22031000
22031001
22031002
22031003
22031004
22031005
22031006
22031007
22031008
22031009
22031010
22031011
22031012
22031013
22031014
22031015
22031016
22031017
22031018
22031019
22031020
22031021
22031022
22031023
22031024
22031025
22031100
22031101
22031102
22031103
22031104
22031105
22031106
22031107
22031108
22031109
22031110
22031111
22031112
22031113
22031114
22031115
22031116
22031117
22031118
22031119
22031120
22031121
22031122
22031123
22031124
22031125
22031200
22031201
22031202
22031203
22031204
22031205
22031206
22031207
22031208
22031209
22031210
22031211
22031212
22031213
22031214
22031215
22031216
22031217
22031218
22031219
22031220
22031221
22031222
22031223
22031224
22031225
22500000
22500001
22500002
22500003
22500004
22500005
22500006
22500007
22500008
22500009
22500010
22500011
22500012
22500013
22500014
22500015
22500016
22500017
22500018
22500019
22500020
22500021
22500022
22500023
22500024
22500025
22690000
22690001
22690002
22690003
22690004
22690005
22690006
22690007
22690008
22690009
22690010
22690011
22690012
22690013
22690014
22690015
22690016
22690017
22690018
22690019
22690020
22690021
22690022
22690023
22690024
22690025
23000000
23000001
23000002
23000003
23000004
23000005
23000006
23000007
23000008
23000009
23000010
23000011
23000012
23000013
23000014
23000015
23000016
23000017
23000018
23000019
23000020
23000021
23000022
23000023
23000024
23000025
23000100
23000101
23000102
23000103
23000104
23000105
23000106
23000107
23000108
23000109
23000110
23000111
23000112
23000113
23000114
23000115
23000116
23000117
23000118
23000119
23000120
23000121
23000122
23000123
23000124
23000125
23000200
23000201
23000202
23000203
23000204
23000205
23000206
23000207
23000208
23000209
23000210
23000211
23000212
23000213
23000214
23000215
23000216
23000217
23000218
23000219
23000220
23000221
23000222
23000223
23000224
23000225
23000300
23000301
23000302
23000303
23000304
23000305
23000306
23000307
23000308
23000309
23000310
23000311
23000312
23000313
23000314
23000315
23000316
23000317
23000318
23000319
23000320
23000321
23000322
23000323
23000324
23000325
23000400
23000401
23000402
23000403
23000404
23000405
23000406
23000407
23000408
23000409
23000410
23000411
23000412
23000413
23000414
23000415
23000416
23000417
23000418
23000419
23000420
23000421
23000422
23000423
23000424
23000425
23000500
23000501
23000502
23000503
23000504
23000505
23000506
23000507
23000508
23000509
23000510
23000511
23000512
23000513
23000514
23000515
23000516
23000517
23000518
23000519
23000520
23000521
23000522
23000523
23000524
23000525
23000600
23000601
23000602
23000603
23000604
23000605
23000606
23000607
23000608
23000609
23000610
23000611
23000612
23000613
23000614
23000615
23000616
23000617
23000618
23000619
23000620
23000621
23000622
23000623
23000624
23000625
23000700
23000701
23000702
23000703
23000704
23000705
23000706
23000707
23000708
23000709
23000710
23000711
23000712
23000713
23000714
23000715
23000716
23000717
23000718
23000719
23000720
23000721
23000722
23000723
23000724
23000725
23000800
23000801
23000802
23000803
23000804
23000805
23000806
23000807
23000808
23000809
23000810
23000811
23000812
23000813
23000814
23000815
23000816
23000817
23000818
23000819
23000820
23000821
23000822
23000823
23000824
23000825
23000900
23000901
23000902
23000903
23000904
23000905
23000906
23000907
23000908
23000909
23000910
23000911
23000912
23000913
23000914
23000915
23000916
23000917
23000918
23000919
23000920
23000921
23000922
23000923
23000924
23000925
23001000
23001001
23001002
23001003
23001004
23001005
23001006
23001007
23001008
23001009
23001010
23001011
23001012
23001013
23001014
23001015
23001016
23001017
23001018
23001019
23001020
23001021
23001022
23001023
23001024
23001025
23001100
23001101
23001102
23001103
23001104
23001105
23001106
23001107
23001108
23001109
23001110
23001111
23001112
23001113
23001114
23001115
23001116
23001117
23001118
23001119
23001120
23001121
23001122
23001123
23001124
23001125
23001200
23001201
23001202
23001203
23001204
23001205
23001206
23001207
23001208
23001209
23001210
23001211
23001212
23001213
23001214
23001215
23001216
23001217
23001218
23001219
23001220
23001221
23001222
23001223
23001224
23001225
23010000
23010001
23010002
23010003
23010004
23010005
23010006
23010007
23010008
23010009
23010010
23010011
23010012
23010013
23010014
23010015
23010016
23010017
23010018
23010019
23010020
23010021
23010022
23010023
23010024
23010025
23020000
23020001
23020002
23020003
23020004
23020005
23020006
23020007
23020008
23020009
23020010
23020011
23020012
23020013
23020014
23020015
23020016
23020017
23020018
23020019
23020020
23020021
23020022
23020023
23020024
23020025
23020100
23020101
23020102
23020103
23020104
23020105
23020106
23020107
23020108
23020109
23020110
23020111
23020112
23020113
23020114
23020115
23020116
23020117
23020118
23020119
23020120
23020121
23020122
23020123
23020124
23020125
23020200
23020201
23020202
23020203
23020204
23020205
23020206
23020207
23020208
23020209
23020210
23020211
23020212
23020213
23020214
23020215
23020216
23020217
23020218
23020219
23020220
23020221
23020222
23020223
23020224
23020225
23020300
23020301
23020302
23020303
23020304
23020305
23020306
23020307
23020308
23020309
23020310
23020311
23020312
23020313
23020314
23020315
23020316
23020317
23020318
23020319
23020320
23020321
23020322
23020323
23020324
23020325
23020400
23020401
23020402
23020403
23020404
23020405
23020406
23020407
23020408
23020409
23020410
23020411
23020412
23020413
23020414
23020415
23020416
23020417
23020418
23020419
23020420
23020421
23020422
23020423
23020424
23020425
23020500
23020501
23020502
23020503
23020504
23020505
23020506
23020507
23020508
23020509
23020510
23020511
23020512
23020513
23020514
23020515
23020516
23020517
23020518
23020519
23020520
23020521
23020522
23020523
23020524
23020525
23020600
23020601
23020602
23020603
23020604
23020605
23020606
23020607
23020608
23020609
23020610
23020611
23020612
23020613
23020614
23020615
23020616
23020617
23020618
23020619
23020620
23020621
23020622
23020623
23020624
23020625
23020700
23020701
23020702
23020703
23020704
23020705
23020706
23020707
23020708
23020709
23020710
23020711
23020712
23020713
23020714
23020715
23020716
23020717
23020718
23020719
23020720
23020721
23020722
23020723
23020724
23020725
23020800
23020801
23020802
23020803
23020804
23020805
23020806
23020807
23020808
23020809
23020810
23020811
23020812
23020813
23020814
23020815
23020816
23020817
23020818
23020819
23020820
23020821
23020822
23020823
23020824
23020825
23020900
23020901
23020902
23020903
23020904
23020905
23020906
23020907
23020908
23020909
23020910
23020911
23020912
23020913
23020914
23020915
23020916
23020917
23020918
23020919
23020920
23020921
23020922
23020923
23020924
23020925
23021000
23021001
23021002
23021003
23021004
23021005
23021006
23021007
23021008
23021009
23021010
23021011
23021012
23021013
23021014
23021015
23021016
23021017
23021018
23021019
23021020
23021021
23021022
23021023
23021024
23021025
23021100
23021101
23021102
23021103
23021104
23021105
23021106
23021107
23021108
23021109
23021110
23021111
23021112
23021113
23021114
23021115
23021116
23021117
23021118
23021119
23021120
23021121
23021122
23021123
23021124
23021125
23021200
23021201
23021202
23021203
23021204
23021205
23021206
23021207
23021208
23021209
23021210
23021211
23021212
23021213
23021214
23021215
23021216
23021217
23021218
23021219
23021220
23021221
23021222
23021223
23021224
23021225
23030000
23030001
23030002
23030003
23030004
23030005
23030006
23030007
23030008
23030009
23030010
23030011
23030012
23030013
23030014
23030015
23030016
23030017
23030018
23030019
23030020
23030021
23030022
23030023
23030024
23030025
23040000
23040001
23040002
23040003
23040004
23040005
23040006
23040007
23040008
23040009
23040010
23040011
23040012
23040013
23040014
23040015
23040016
23040017
23040018
23040019
23040020
23040021
23040022
23040023
23040024
23040025
23040100
23040101
23040102
23040103
23040104
23040105
23040106
23040107
23040108
23040109
23040110
23040111
23040112
23040113
23040114
23040115
23040116
23040117
23040118
23040119
23040120
23040121
23040122
23040123
23040124
23040125
23040200
23040201
23040202
23040203
23040204
23040205
23040206
23040207
23040208
23040209
23040210
23040211
23040212
23040213
23040214
23040215
23040216
23040217
23040218
23040219
23040220
23040221
23040222
23040223
23040224
23040225
23040300
23040301
23040302
23040303
23040304
23040305
23040306
23040307
23040308
23040309
23040310
23040311
23040312
23040313
23040314
23040315
23040316
23040317
23040318
23040319
23040320
23040321
23040322
23040323
23040324
23040325
23040400
23040401
23040402
23040403
23040404
23040405
23040406
23040407
23040408
23040409
23040410
23040411
23040412
23040413
23040414
23040415
23040416
23040417
23040418
23040419
23040420
23040421
23040422
23040423
23040424
23040425
23040500
23040501
23040502
23040503
23040504
23040505
23040506
23040507
23040508
23040509
23040510
23040511
23040512
23040513
23040514
23040515
23040516
23040517
23040518
23040519
23040520
23040521
23040522
23040523
23040524
23040525
23040600
23040601
23040602
23040603
23040604
23040605
23040606
23040607
23040608
23040609
23040610
23040611
23040612
23040613
23040614
23040615
23040616
23040617
23040618
23040619
23040620
23040621
23040622
23040623
23040624
23040625
23040700
23040701
23040702
23040703
23040704
23040705
23040706
23040707
23040708
23040709
23040710
23040711
23040712
23040713
23040714
23040715
23040716
23040717
23040718
23040719
23040720
23040721
23040722
23040723
23040724
23040725
23040800
23040801
23040802
23040803
23040804
23040805
23040806
23040807
23040808
23040809
23040810
23040811
23040812
23040813
23040814
23040815
23040816
23040817
23040818
23040819
23040820
23040821
23040822
23040823
23040824
23040825
23040900
23040901
23040902
23040903
23040904
23040905
23040906
23040907
23040908
23040909
23040910
23040911
23040912
23040913
23040914
23040915
23040916
23040917
23040918
23040919
23040920
23040921
23040922
23040923
23040924
23040925
23041000
23041001
23041002
23041003
23041004
23041005
23041006
23041007
23041008
23041009
23041010
23041011
23041012
23041013
23041014
23041015
23041016
23041017
23041018
23041019
23041020
23041021
23041022
23041023
23041024
23041025
23041100
23041101
23041102
23041103
23041104
23041105
23041106
23041107
23041108
23041109
23041110
23041111
23041112
23041113
23041114
23041115
23041116
23041117
23041118
23041119
23041120
23041121
23041122
23041123
23041124
23041125
23041200
23041201
23041202
23041203
23041204
23041205
23041206
23041207
23041208
23041209
23041210
23041211
23041212
23041213
23041214
23041215
23041216
23041217
23041218
23041219
23041220
23041221
23041222
23041223
23041224
23041225
23050000
23050001
23050002
23050003
23050004
23050005
23050006
23050007
23050008
23050009
23050010
23050011
23050012
23050013
23050014
23050015
23050016
23050017
23050018
23050019
23050020
23050021
23050022
23050023
23050024
23050025
23060000
23060001
23060002
23060003
23060004
23060005
23060006
23060007
23060008
23060009
23060010
23060011
23060012
23060013
23060014
23060015
23060016
23060017
23060018
23060019
23060020
23060021
23060022
23060023
23060024
23060025
23070000
23070001
23070002
23070003
23070004
23070005
23070006
23070007
23070008
23070009
23070010
23070011
23070012
23070013
23070014
23070015
23070016
23070017
23070018
23070019
23070020
23070021
23070022
23070023
23070024
23070025
23080000
23080001
23080002
23080003
23080004
23080005
23080006
23080007
23080008
23080009
23080010
23080011
23080012
23080013
23080014
23080015
23080016
23080017
23080018
23080019
23080020
23080021
23080022
23080023
23080024
23080025
23100000
23100001
23100002
23100003
23100004
23100005
23100006
23100007
23100008
23100009
23100010
23100011
23100012
23100013
23100014
23100015
23100016
23100017
23100018
23100019
23100020
23100021
23100022
23100023
23100024
23100025
23110000
23110001
23110002
23110003
23110004
23110005
23110006
23110007
23110008
23110009
23110010
23110011
23110012
23110013
23110014
23110015
23110016
23110017
23110018
23110019
23110020
23110021
23110022
23110023
23110024
23110025
23110100
23110101
23110102
23110103
23110104
23110105
23110106
23110107
23110108
23110109
23110110
23110111
23110112
23110113
23110114
23110115
23110116
23110117
23110118
23110119
23110120
23110121
23110122
23110123
23110124
23110125
23110200
23110201
23110202
23110203
23110204
23110205
23110206
23110207
23110208
23110209
23110210
23110211
23110212
23110213
23110214
23110215
23110216
23110217
23110218
23110219
23110220
23110221
23110222
23110223
23110224
23110225
23110300
23110301
23110302
23110303
23110304
23110305
23110306
23110307
23110308
23110309
23110310
23110311
23110312
23110313
23110314
23110315
23110316
23110317
23110318
23110319
23110320
23110321
23110322
23110323
23110324
23110325
23110400
23110401
23110402
23110403
23110404
23110405
23110406
23110407
23110408
23110409
23110410
23110411
23110412
23110413
23110414
23110415
23110416
23110417
23110418
23110419
23110420
23110421
23110422
23110423
23110424
23110425
23110500
23110501
23110502
23110503
23110504
23110505
23110506
23110507
23110508
23110509
23110510
23110511
23110512
23110513
23110514
23110515
23110516
23110517
23110518
23110519
23110520
23110521
23110522
23110523
23110524
23110525
23110600
23110601
23110602
23110603
23110604
23110605
23110606
23110607
23110608
23110609
23110610
23110611
23110612
23110613
23110614
23110615
23110616
23110617
23110618
23110619
23110620
23110621
23110622
23110623
23110624
23110625
23110700
23110701
23110702
23110703
23110704
23110705
23110706
23110707
23110708
23110709
23110710
23110711
23110712
23110713
23110714
23110715
23110716
23110717
23110718
23110719
23110720
23110721
23110722
23110723
23110724
23110725
23110800
23110801
23110802
23110803
23110804
23110805
23110806
23110807
23110808
23110809
23110810
23110811
23110812
23110813
23110814
23110815
23110816
23110817
23110818
23110819
23110820
23110821
23110822
23110823
23110824
23110825
23110900
23110901
23110902
23110903
23110904
23110905
23110906
23110907
23110908
23110909
23110910
23110911
23110912
23110913
23110914
23110915
23110916
23110917
23110918
23110919
23110920
23110921
23110922
23110923
23110924
23110925
23111000
23111001
23111002
23111003
23111004
23111005
23111006
23111007
23111008
23111009
23111010
23111011
23111012
23111013
23111014
23111015
23111016
23111017
23111018
23111019
23111020
23111021
23111022
23111023
23111024
23111025
23111100
23111101
23111102
23111103
23111104
23111105
23111106
23111107
23111108
23111109
23111110
23111111
23111112
23111113
23111114
23111115
23111116
23111117
23111118
23111119
23111120
23111121
23111122
23111123
23111124
23111125
23111200
23111201
23111202
23111203
23111204
23111205
23111206
23111207
23111208
23111209
23111210
23111211
23111212
23111213
23111214
23111215
23111216
23111217
23111218
23111219
23111220
23111221
23111222
23111223
23111224
23111225
23120000
23120001
23120002
23120003
23120004
23120005
23120006
23120007
23120008
23120009
23120010
23120011
23120012
23120013
23120014
23120015
23120016
23120017
23120018
23120019
23120020
23120021
23120022
23120023
23120024
23120025
23120100
23120101
23120102
23120103
23120104
23120105
23120106
23120107
23120108
23120109
23120110
23120111
23120112
23120113
23120114
23120115
23120116
23120117
23120118
23120119
23120120
23120121
23120122
23120123
23120124
23120125
23120200
23120201
23120202
23120203
23120204
23120205
23120206
23120207
23120208
23120209
23120210
23120211
23120212
23120213
23120214
23120215
23120216
23120217
23120218
23120219
23120220
23120221
23120222
23120223
23120224
23120225
23120300
23120301
23120302
23120303
23120304
23120305
23120306
23120307
23120308
23120309
23120310
23120311
23120312
23120313
23120314
23120315
23120316
23120317
23120318
23120319
23120320
23120321
23120322
23120323
23120324
23120325
23120400
23120401
23120402
23120403
23120404
23120405
23120406
23120407
23120408
23120409
23120410
23120411
23120412
23120413
23120414
23120415
23120416
23120417
23120418
23120419
23120420
23120421
23120422
23120423
23120424
23120425
23120500
23120501
23120502
23120503
23120504
23120505
23120506
23120507
23120508
23120509
23120510
23120511
23120512
23120513
23120514
23120515
23120516
23120517
23120518
23120519
23120520
23120521
23120522
23120523
23120524
23120525
23120600
23120601
23120602
23120603
23120604
23120605
23120606
23120607
23120608
23120609
23120610
23120611
23120612
23120613
23120614
23120615
23120616
23120617
23120618
23120619
23120620
23120621
23120622
23120623
23120624
23120625
23120700
23120701
23120702
23120703
23120704
23120705
23120706
23120707
23120708
23120709
23120710
23120711
23120712
23120713
23120714
23120715
23120716
23120717
23120718
23120719
23120720
23120721
23120722
23120723
23120724
23120725
23120800
23120801
23120802
23120803
23120804
23120805
23120806
23120807
23120808
23120809
23120810
23120811
23120812
23120813
23120814
23120815
23120816
23120817
23120818
23120819
23120820
23120821
23120822
23120823
23120824
23120825
23120900
23120901
23120902
23120903
23120904
23120905
23120906
23120907
23120908
23120909
23120910
23120911
23120912
23120913
23120914
23120915
23120916
23120917
23120918
23120919
23120920
23120921
23120922
23120923
23120924
23120925
23121000
23121001
23121002
23121003
23121004
23121005
23121006
23121007
23121008
23121009
23121010
23121011
23121012
23121013
23121014
23121015
23121016
23121017
23121018
23121019
23121020
23121021
23121022
23121023
23121024
23121025
23121100
23121101
23121102
23121103
23121104
23121105
23121106
23121107
23121108
23121109
23121110
23121111
23121112
23121113
23121114
23121115
23121116
23121117
23121118
23121119
23121120
23121121
23121122
23121123
23121124
23121125
23121200
23121201
23121202
23121203
23121204
23121205
23121206
23121207
23121208
23121209
23121210
23121211
23121212
23121213
23121214
23121215
23121216
23121217
23121218
23121219
23121220
23121221
23121222
23121223
23121224
23121225
23130000
23130001
23130002
23130003
23130004
23130005
23130006
23130007
23130008
23130009
23130010
23130011
23130012
23130013
23130014
23130015
23130016
23130017
23130018
23130019
23130020
23130021
23130022
23130023
23130024
23130025
23130100
23130101
23130102
23130103
23130104
23130105
23130106
23130107
23130108
23130109
23130110
23130111
23130112
23130113
23130114
23130115
23130116
23130117
23130118
23130119
23130120
23130121
23130122
23130123
23130124
23130125
23130200
23130201
23130202
23130203
23130204
23130205
23130206
23130207
23130208
23130209
23130210
23130211
23130212
23130213
23130214
23130215
23130216
23130217
23130218
23130219
23130220
23130221
23130222
23130223
23130224
23130225
23130300
23130301
23130302
23130303
23130304
23130305
23130306
23130307
23130308
23130309
23130310
23130311
23130312
23130313
23130314
23130315
23130316
23130317
23130318
23130319
23130320
23130321
23130322
23130323
23130324
23130325
23130400
23130401
23130402
23130403
23130404
23130405
23130406
23130407
23130408
23130409
23130410
23130411
23130412
23130413
23130414
23130415
23130416
23130417
23130418
23130419
23130420
23130421
23130422
23130423
23130424
23130425
23130500
23130501
23130502
23130503
23130504
23130505
23130506
23130507
23130508
23130509
23130510
23130511
23130512
23130513
23130514
23130515
23130516
23130517
23130518
23130519
23130520
23130521
23130522
23130523
23130524
23130525
23130600
23130601
23130602
23130603
23130604
23130605
23130606
23130607
23130608
23130609
23130610
23130611
23130612
23130613
23130614
23130615
23130616
23130617
23130618
23130619
23130620
23130621
23130622
23130623
23130624
23130625
23130700
23130701
23130702
23130703
23130704
23130705
23130706
23130707
23130708
23130709
23130710
23130711
23130712
23130713
23130714
23130715
23130716
23130717
23130718
23130719
23130720
23130721
23130722
23130723
23130724
23130725
23130800
23130801
23130802
23130803
23130804
23130805
23130806
23130807
23130808
23130809
23130810
23130811
23130812
23130813
23130814
23130815
23130816
23130817
23130818
23130819
23130820
23130821
23130822
23130823
23130824
23130825
23130900
23130901
23130902
23130903
23130904
23130905
23130906
23130907
23130908
23130909
23130910
23130911
23130912
23130913
23130914
23130915
23130916
23130917
23130918
23130919
23130920
23130921
23130922
23130923
23130924
23130925
23131000
23131001
23131002
23131003
23131004
23131005
23131006
23131007
23131008
23131009
23131010
23131011
23131012
23131013
23131014
23131015
23131016
23131017
23131018
23131019
23131020
23131021
23131022
23131023
23131024
23131025
23131100
23131101
23131102
23131103
23131104
23131105
23131106
23131107
23131108
23131109
23131110
23131111
23131112
23131113
23131114
23131115
23131116
23131117
23131118
23131119
23131120
23131121
23131122
23131123
23131124
23131125
23131200
23131201
23131202
23131203
23131204
23131205
23131206
23131207
23131208
23131209
23131210
23131211
23131212
23131213
23131214
23131215
23131216
23131217
23131218
23131219
23131220
23131221
23131222
23131223
23131224
23131225
23140000
23140001
23140002
23140003
23140004
23140005
23140006
23140007
23140008
23140009
23140010
23140011
23140012
23140013
23140014
23140015
23140016
23140017
23140018
23140019
23140020
23140021
23140022
23140023
23140024
23140025
23150000
23150001
23150002
23150003
23150004
23150005
23150006
23150007
23150008
23150009
23150010
23150011
23150012
23150013
23150014
23150015
23150016
23150017
23150018
23150019
23150020
23150021
23150022
23150023
23150024
23150025
23150100
23150101
23150102
23150103
23150104
23150105
23150106
23150107
23150108
23150109
23150110
23150111
23150112
23150113
23150114
23150115
23150116
23150117
23150118
23150119
23150120
23150121
23150122
23150123
23150124
23150125
23150200
23150201
23150202
23150203
23150204
23150205
23150206
23150207
23150208
23150209
23150210
23150211
23150212
23150213
23150214
23150215
23150216
23150217
23150218
23150219
23150220
23150221
23150222
23150223
23150224
23150225
23150300
23150301
23150302
23150303
23150304
23150305
23150306
23150307
23150308
23150309
23150310
23150311
23150312
23150313
23150314
23150315
23150316
23150317
23150318
23150319
23150320
23150321
23150322
23150323
23150324
23150325
23150400
23150401
23150402
23150403
23150404
23150405
23150406
23150407
23150408
23150409
23150410
23150411
23150412
23150413
23150414
23150415
23150416
23150417
23150418
23150419
23150420
23150421
23150422
23150423
23150424
23150425
23150500
23150501
23150502
23150503
23150504
23150505
23150506
23150507
23150508
23150509
23150510
23150511
23150512
23150513
23150514
23150515
23150516
23150517
23150518
23150519
23150520
23150521
23150522
23150523
23150524
23150525
23150600
23150601
23150602
23150603
23150604
23150605
23150606
23150607
23150608
23150609
23150610
23150611
23150612
23150613
23150614
23150615
23150616
23150617
23150618
23150619
23150620
23150621
23150622
23150623
23150624
23150625
23150700
23150701
23150702
23150703
23150704
23150705
23150706
23150707
23150708
23150709
23150710
23150711
23150712
23150713
23150714
23150715
23150716
23150717
23150718
23150719
23150720
23150721
23150722
23150723
23150724
23150725
23150800
23150801
23150802
23150803
23150804
23150805
23150806
23150807
23150808
23150809
23150810
23150811
23150812
23150813
23150814
23150815
23150816
23150817
23150818
23150819
23150820
23150821
23150822
23150823
23150824
23150825
23150900
23150901
23150902
23150903
23150904
23150905
23150906
23150907
23150908
23150909
23150910
23150911
23150912
23150913
23150914
23150915
23150916
23150917
23150918
23150919
23150920
23150921
23150922
23150923
23150924
23150925
23151000
23151001
23151002
23151003
23151004
23151005
23151006
23151007
23151008
23151009
23151010
23151011
23151012
23151013
23151014
23151015
23151016
23151017
23151018
23151019
23151020
23151021
23151022
23151023
23151024
23151025
23151100
23151101
23151102
23151103
23151104
23151105
23151106
23151107
23151108
23151109
23151110
23151111
23151112
23151113
23151114
23151115
23151116
23151117
23151118
23151119
23151120
23151121
23151122
23151123
23151124
23151125
23151200
23151201
23151202
23151203
23151204
23151205
23151206
23151207
23151208
23151209
23151210
23151211
23151212
23151213
23151214
23151215
23151216
23151217
23151218
23151219
23151220
23151221
23151222
23151223
23151224
23151225
23500000
23500001
23500002
23500003
23500004
23500005
23500006
23500007
23500008
23500009
23500010
23500011
23500012
23500013
23500014
23500015
23500016
23500017
23500018
23500019
23500020
23500021
23500022
23500023
23500024
23500025
23510000
23510001
23510002
23510003
23510004
23510005
23510006
23510007
23510008
23510009
23510010
23510011
23510012
23510013
23510014
23510015
23510016
23510017
23510018
23510019
23510020
23510021
23510022
23510023
23510024
23510025
23520000
23520001
23520002
23520003
23520004
23520005
23520006
23520007
23520008
23520009
23520010
23520011
23520012
23520013
23520014
23520015
23520016
23520017
23520018
23520019
23520020
23520021
23520022
23520023
23520024
23520025
23900000
23900001
23900002
23900003
23900004
23900005
23900006
23900007
23900008
23900009
23900010
23900011
23900012
23900013
23900014
23900015
23900016
23900017
23900018
23900019
23900020
23900021
23900022
23900023
23900024
23900025
23910000
23910001
23910002
23910003
23910004
23910005
23910006
23910007
23910008
23910009
23910010
23910011
23910012
23910013
23910014
23910015
23910016
23910017
23910018
23910019
23910020
23910021
23910022
23910023
23910024
23910025
23920000
23920001
23920002
23920003
23920004
23920005
23920006
23920007
23920008
23920009
23920010
23920011
23920012
23920013
23920014
23920015
23920016
23920017
23920018
23920019
23920020
23920021
23920022
23920023
23920024
23920025
23930000
23930001
23930002
23930003
23930004
23930005
23930006
23930007
23930008
23930009
23930010
23930011
23930012
23930013
23930014
23930015
23930016
23930017
23930018
23930019
23930020
23930021
23930022
23930023
23930024
23930025
24000000
24000001
24000002
24000003
24000004
24000005
24000006
24000007
24000008
24000009
24000010
24000011
24000012
24000013
24000014
24000015
24000016
24000017
24000018
24000019
24000020
24000021
24000022
24000023
24000024
24000025
24020000
24020001
24020002
24020003
24020004
24020005
24020006
24020007
24020008
24020009
24020010
24020011
24020012
24020013
24020014
24020015
24020016
24020017
24020018
24020019
24020020
24020021
24020022
24020023
24020024
24020025
24040000
24040001
24040002
24040003
24040004
24040005
24040006
24040007
24040008
24040009
24040010
24040011
24040012
24040013
24040014
24040015
24040016
24040017
24040018
24040019
24040020
24040021
24040022
24040023
24040024
24040025
24050000
24050001
24050002
24050003
24050004
24050005
24050006
24050007
24050008
24050009
24050010
24050011
24050012
24050013
24050014
24050015
24050016
24050017
24050018
24050019
24050020
24050021
24050022
24050023
24050024
24050025
24060000
24060001
24060002
24060003
24060004
24060005
24060006
24060007
24060008
24060009
24060010
24060011
24060012
24060013
24060014
24060015
24060016
24060017
24060018
24060019
24060020
24060021
24060022
24060023
24060024
24060025
24070000
24070001
24070002
24070003
24070004
24070005
24070006
24070007
24070008
24070009
24070010
24070011
24070012
24070013
24070014
24070015
24070016
24070017
24070018
24070019
24070020
24070021
24070022
24070023
24070024
24070025
24500000
24500001
24500002
24500003
24500004
24500005
24500006
24500007
24500008
24500009
24500010
24500011
24500012
24500013
24500014
24500015
24500016
24500017
24500018
24500019
24500020
24500021
24500022
24500023
24500024
24500025
24510000
24510001
24510002
24510003
24510004
24510005
24510006
24510007
24510008
24510009
24510010
24510011
24510012
24510013
24510014
24510015
24510016
24510017
24510018
24510019
24510020
24510021
24510022
24510023
24510024
24510025
30000000
30000001
30000002
30000003
30000004
30000005
30000006
30000007
30000008
30000009
30000010
30000011
30000012
30000013
30000014
30000015
30000016
30000017
30000018
30000019
30000020
30000021
30000022
30000023
30000024
30000025
30000100
30000101
30000102
30000103
30000104
30000105
30000106
30000107
30000108
30000109
30000110
30000111
30000112
30000113
30000114
30000115
30000116
30000117
30000118
30000119
30000120
30000121
30000122
30000123
30000124
30000125
30000200
30000201
30000202
30000203
30000204
30000205
30000206
30000207
30000208
30000209
30000210
30000211
30000212
30000213
30000214
30000215
30000216
30000217
30000218
30000219
30000220
30000221
30000222
30000223
30000224
30000225
30000300
30000301
30000302
30000303
30000304
30000305
30000306
30000307
30000308
30000309
30000310
30000311
30000312
30000313
30000314
30000315
30000316
30000317
30000318
30000319
30000320
30000321
30000322
30000323
30000324
30000325
30000400
30000401
30000402
30000403
30000404
30000405
30000406
30000407
30000408
30000409
30000410
30000411
30000412
30000413
30000414
30000415
30000416
30000417
30000418
30000419
30000420
30000421
30000422
30000423
30000424
30000425
30000500
30000501
30000502
30000503
30000504
30000505
30000506
30000507
30000508
30000509
30000510
30000511
30000512
30000513
30000514
30000515
30000516
30000517
30000518
30000519
30000520
30000521
30000522
30000523
30000524
30000525
30000600
30000601
30000602
30000603
30000604
30000605
30000606
30000607
30000608
30000609
30000610
30000611
30000612
30000613
30000614
30000615
30000616
30000617
30000618
30000619
30000620
30000621
30000622
30000623
30000624
30000625
30000700
30000701
30000702
30000703
30000704
30000705
30000706
30000707
30000708
30000709
30000710
30000711
30000712
30000713
30000714
30000715
30000716
30000717
30000718
30000719
30000720
30000721
30000722
30000723
30000724
30000725
30000800
30000801
30000802
30000803
30000804
30000805
30000806
30000807
30000808
30000809
30000810
30000811
30000812
30000813
30000814
30000815
30000816
30000817
30000818
30000819
30000820
30000821
30000822
30000823
30000824
30000825
30000900
30000901
30000902
30000903
30000904
30000905
30000906
30000907
30000908
30000909
30000910
30000911
30000912
30000913
30000914
30000915
30000916
30000917
30000918
30000919
30000920
30000921
30000922
30000923
30000924
30000925
30001000
30001001
30001002
30001003
30001004
30001005
30001006
30001007
30001008
30001009
30001010
30001011
30001012
30001013
30001014
30001015
30001016
30001017
30001018
30001019
30001020
30001021
30001022
30001023
30001024
30001025
30001100
30001101
30001102
30001103
30001104
30001105
30001106
30001107
30001108
30001109
30001110
30001111
30001112
30001113
30001114
30001115
30001116
30001117
30001118
30001119
30001120
30001121
30001122
30001123
30001124
30001125
30001200
30001201
30001202
30001203
30001204
30001205
30001206
30001207
30001208
30001209
30001210
30001211
30001212
30001213
30001214
30001215
30001216
30001217
30001218
30001219
30001220
30001221
30001222
30001223
30001224
30001225
30010000
30010001
30010002
30010003
30010004
30010005
30010006
30010007
30010008
30010009
30010010
30010011
30010012
30010013
30010014
30010015
30010016
30010017
30010018
30010019
30010020
30010021
30010022
30010023
30010024
30010025
30010100
30010101
30010102
30010103
30010104
30010105
30010106
30010107
30010108
30010109
30010110
30010111
30010112
30010113
30010114
30010115
30010116
30010117
30010118
30010119
30010120
30010121
30010122
30010123
30010124
30010125
30010200
30010201
30010202
30010203
30010204
30010205
30010206
30010207
30010208
30010209
30010210
30010211
30010212
30010213
30010214
30010215
30010216
30010217
30010218
30010219
30010220
30010221
30010222
30010223
30010224
30010225
30010300
30010301
30010302
30010303
30010304
30010305
30010306
30010307
30010308
30010309
30010310
30010311
30010312
30010313
30010314
30010315
30010316
30010317
30010318
30010319
30010320
30010321
30010322
30010323
30010324
30010325
30010400
30010401
30010402
30010403
30010404
30010405
30010406
30010407
30010408
30010409
30010410
30010411
30010412
30010413
30010414
30010415
30010416
30010417
30010418
30010419
30010420
30010421
30010422
30010423
30010424
30010425
30010500
30010501
30010502
30010503
30010504
30010505
30010506
30010507
30010508
30010509
30010510
30010511
30010512
30010513
30010514
30010515
30010516
30010517
30010518
30010519
30010520
30010521
30010522
30010523
30010524
30010525
30010600
30010601
30010602
30010603
30010604
30010605
30010606
30010607
30010608
30010609
30010610
30010611
30010612
30010613
30010614
30010615
30010616
30010617
30010618
30010619
30010620
30010621
30010622
30010623
30010624
30010625
30010700
30010701
30010702
30010703
30010704
30010705
30010706
30010707
30010708
30010709
30010710
30010711
30010712
30010713
30010714
30010715
30010716
30010717
30010718
30010719
30010720
30010721
30010722
30010723
30010724
30010725
30010800
30010801
30010802
30010803
30010804
30010805
30010806
30010807
30010808
30010809
30010810
30010811
30010812
30010813
30010814
30010815
30010816
30010817
30010818
30010819
30010820
30010821
30010822
30010823
30010824
30010825
30010900
30010901
30010902
30010903
30010904
30010905
30010906
30010907
30010908
30010909
30010910
30010911
30010912
30010913
30010914
30010915
30010916
30010917
30010918
30010919
30010920
30010921
30010922
30010923
30010924
30010925
30011000
30011001
30011002
30011003
30011004
30011005
30011006
30011007
30011008
30011009
30011010
30011011
30011012
30011013
30011014
30011015
30011016
30011017
30011018
30011019
30011020
30011021
30011022
30011023
30011024
30011025
30011100
30011101
30011102
30011103
30011104
30011105
30011106
30011107
30011108
30011109
30011110
30011111
30011112
30011113
30011114
30011115
30011116
30011117
30011118
30011119
30011120
30011121
30011122
30011123
30011124
30011125
30011200
30011201
30011202
30011203
30011204
30011205
30011206
30011207
30011208
30011209
30011210
30011211
30011212
30011213
30011214
30011215
30011216
30011217
30011218
30011219
30011220
30011221
30011222
30011223
30011224
30011225
30020000
30020001
30020002
30020003
30020004
30020005
30020006
30020007
30020008
30020009
30020010
30020011
30020012
30020013
30020014
30020015
30020016
30020017
30020018
30020019
30020020
30020021
30020022
30020023
30020024
30020025
30020100
30020101
30020102
30020103
30020104
30020105
30020106
30020107
30020108
30020109
30020110
30020111
30020112
30020113
30020114
30020115
30020116
30020117
30020118
30020119
30020120
30020121
30020122
30020123
30020124
30020125
30020200
30020201
30020202
30020203
30020204
30020205
30020206
30020207
30020208
30020209
30020210
30020211
30020212
30020213
30020214
30020215
30020216
30020217
30020218
30020219
30020220
30020221
30020222
30020223
30020224
30020225
30020300
30020301
30020302
30020303
30020304
30020305
30020306
30020307
30020308
30020309
30020310
30020311
30020312
30020313
30020314
30020315
30020316
30020317
30020318
30020319
30020320
30020321
30020322
30020323
30020324
30020325
30020400
30020401
30020402
30020403
30020404
30020405
30020406
30020407
30020408
30020409
30020410
30020411
30020412
30020413
30020414
30020415
30020416
30020417
30020418
30020419
30020420
30020421
30020422
30020423
30020424
30020425
30020500
30020501
30020502
30020503
30020504
30020505
30020506
30020507
30020508
30020509
30020510
30020511
30020512
30020513
30020514
30020515
30020516
30020517
30020518
30020519
30020520
30020521
30020522
30020523
30020524
30020525
30020600
30020601
30020602
30020603
30020604
30020605
30020606
30020607
30020608
30020609
30020610
30020611
30020612
30020613
30020614
30020615
30020616
30020617
30020618
30020619
30020620
30020621
30020622
30020623
30020624
30020625
30020700
30020701
30020702
30020703
30020704
30020705
30020706
30020707
30020708
30020709
30020710
30020711
30020712
30020713
30020714
30020715
30020716
30020717
30020718
30020719
30020720
30020721
30020722
30020723
30020724
30020725
30020800
30020801
30020802
30020803
30020804
30020805
30020806
30020807
30020808
30020809
30020810
30020811
30020812
30020813
30020814
30020815
30020816
30020817
30020818
30020819
30020820
30020821
30020822
30020823
30020824
30020825
30020900
30020901
30020902
30020903
30020904
30020905
30020906
30020907
30020908
30020909
30020910
30020911
30020912
30020913
30020914
30020915
30020916
30020917
30020918
30020919
30020920
30020921
30020922
30020923
30020924
30020925
30021000
30021001
30021002
30021003
30021004
30021005
30021006
30021007
30021008
30021009
30021010
30021011
30021012
30021013
30021014
30021015
30021016
30021017
30021018
30021019
30021020
30021021
30021022
30021023
30021024
30021025
30021100
30021101
30021102
30021103
30021104
30021105
30021106
30021107
30021108
30021109
30021110
30021111
30021112
30021113
30021114
30021115
30021116
30021117
30021118
30021119
30021120
30021121
30021122
30021123
30021124
30021125
30021200
30021201
30021202
30021203
30021204
30021205
30021206
30021207
30021208
30021209
30021210
30021211
30021212
30021213
30021214
30021215
30021216
30021217
30021218
30021219
30021220
30021221
30021222
30021223
30021224
30021225
30030000
30030001
30030002
30030003
30030004
30030005
30030006
30030007
30030008
30030009
30030010
30030011
30030012
30030013
30030014
30030015
30030016
30030017
30030018
30030019
30030020
30030021
30030022
30030023
30030024
30030025
30030100
30030101
30030102
30030103
30030104
30030105
30030106
30030107
30030108
30030109
30030110
30030111
30030112
30030113
30030114
30030115
30030116
30030117
30030118
30030119
30030120
30030121
30030122
30030123
30030124
30030125
30030200
30030201
30030202
30030203
30030204
30030205
30030206
30030207
30030208
30030209
30030210
30030211
30030212
30030213
30030214
30030215
30030216
30030217
30030218
30030219
30030220
30030221
30030222
30030223
30030224
30030225
30030300
30030301
30030302
30030303
30030304
30030305
30030306
30030307
30030308
30030309
30030310
30030311
30030312
30030313
30030314
30030315
30030316
30030317
30030318
30030319
30030320
30030321
30030322
30030323
30030324
30030325
30030400
30030401
30030402
30030403
30030404
30030405
30030406
30030407
30030408
30030409
30030410
30030411
30030412
30030413
30030414
30030415
30030416
30030417
30030418
30030419
30030420
30030421
30030422
30030423
30030424
30030425
30030500
30030501
30030502
30030503
30030504
30030505
30030506
30030507
30030508
30030509
30030510
30030511
30030512
30030513
30030514
30030515
30030516
30030517
30030518
30030519
30030520
30030521
30030522
30030523
30030524
30030525
30030600
30030601
30030602
30030603
30030604
30030605
30030606
30030607
30030608
30030609
30030610
30030611
30030612
30030613
30030614
30030615
30030616
30030617
30030618
30030619
30030620
30030621
30030622
30030623
30030624
30030625
30030700
30030701
30030702
30030703
30030704
30030705
30030706
30030707
30030708
30030709
30030710
30030711
30030712
30030713
30030714
30030715
30030716
30030717
30030718
30030719
30030720
30030721
30030722
30030723
30030724
30030725
30030800
30030801
30030802
30030803
30030804
30030805
30030806
30030807
30030808
30030809
30030810
30030811
30030812
30030813
30030814
30030815
30030816
30030817
30030818
30030819
30030820
30030821
30030822
30030823
30030824
30030825
30030900
30030901
30030902
30030903
30030904
30030905
30030906
30030907
30030908
30030909
30030910
30030911
30030912
30030913
30030914
30030915
30030916
30030917
30030918
30030919
30030920
30030921
30030922
30030923
30030924
30030925
30031000
30031001
30031002
30031003
30031004
30031005
30031006
30031007
30031008
30031009
30031010
30031011
30031012
30031013
30031014
30031015
30031016
30031017
30031018
30031019
30031020
30031021
30031022
30031023
30031024
30031025
30031100
30031101
30031102
30031103
30031104
30031105
30031106
30031107
30031108
30031109
30031110
30031111
30031112
30031113
30031114
30031115
30031116
30031117
30031118
30031119
30031120
30031121
30031122
30031123
30031124
30031125
30031200
30031201
30031202
30031203
30031204
30031205
30031206
30031207
30031208
30031209
30031210
30031211
30031212
30031213
30031214
30031215
30031216
30031217
30031218
30031219
30031220
30031221
30031222
30031223
30031224
30031225
30040000
30040001
30040002
30040003
30040004
30040005
30040006
30040007
30040008
30040009
30040010
30040011
30040012
30040013
30040014
30040015
30040016
30040017
30040018
30040019
30040020
30040021
30040022
30040023
30040024
30040025
30040100
30040101
30040102
30040103
30040104
30040105
30040106
30040107
30040108
30040109
30040110
30040111
30040112
30040113
30040114
30040115
30040116
30040117
30040118
30040119
30040120
30040121
30040122
30040123
30040124
30040125
30040200
30040201
30040202
30040203
30040204
30040205
30040206
30040207
30040208
30040209
30040210
30040211
30040212
30040213
30040214
30040215
30040216
30040217
30040218
30040219
30040220
30040221
30040222
30040223
30040224
30040225
30040300
30040301
30040302
30040303
30040304
30040305
30040306
30040307
30040308
30040309
30040310
30040311
30040312
30040313
30040314
30040315
30040316
30040317
30040318
30040319
30040320
30040321
30040322
30040323
30040324
30040325
30040400
30040401
30040402
30040403
30040404
30040405
30040406
30040407
30040408
30040409
30040410
30040411
30040412
30040413
30040414
30040415
30040416
30040417
30040418
30040419
30040420
30040421
30040422
30040423
30040424
30040425
30040500
30040501
30040502
30040503
30040504
30040505
30040506
30040507
30040508
30040509
30040510
30040511
30040512
30040513
30040514
30040515
30040516
30040517
30040518
30040519
30040520
30040521
30040522
30040523
30040524
30040525
30040600
30040601
30040602
30040603
30040604
30040605
30040606
30040607
30040608
30040609
30040610
30040611
30040612
30040613
30040614
30040615
30040616
30040617
30040618
30040619
30040620
30040621
30040622
30040623
30040624
30040625
30040700
30040701
30040702
30040703
30040704
30040705
30040706
30040707
30040708
30040709
30040710
30040711
30040712
30040713
30040714
30040715
30040716
30040717
30040718
30040719
30040720
30040721
30040722
30040723
30040724
30040725
30040800
30040801
30040802
30040803
30040804
30040805
30040806
30040807
30040808
30040809
30040810
30040811
30040812
30040813
30040814
30040815
30040816
30040817
30040818
30040819
30040820
30040821
30040822
30040823
30040824
30040825
30040900
30040901
30040902
30040903
30040904
30040905
30040906
30040907
30040908
30040909
30040910
30040911
30040912
30040913
30040914
30040915
30040916
30040917
30040918
30040919
30040920
30040921
30040922
30040923
30040924
30040925
30041000
30041001
30041002
30041003
30041004
30041005
30041006
30041007
30041008
30041009
30041010
30041011
30041012
30041013
30041014
30041015
30041016
30041017
30041018
30041019
30041020
30041021
30041022
30041023
30041024
30041025
30041100
30041101
30041102
30041103
30041104
30041105
30041106
30041107
30041108
30041109
30041110
30041111
30041112
30041113
30041114
30041115
30041116
30041117
30041118
30041119
30041120
30041121
30041122
30041123
30041124
30041125
30041200
30041201
30041202
30041203
30041204
30041205
30041206
30041207
30041208
30041209
30041210
30041211
30041212
30041213
30041214
30041215
30041216
30041217
30041218
30041219
30041220
30041221
30041222
30041223
30041224
30041225
30060000
30060001
30060002
30060003
30060004
30060005
30060006
30060007
30060008
30060009
30060010
30060011
30060012
30060013
30060014
30060015
30060016
30060017
30060018
30060019
30060020
30060021
30060022
30060023
30060024
30060025
30060100
30060101
30060102
30060103
30060104
30060105
30060106
30060107
30060108
30060109
30060110
30060111
30060112
30060113
30060114
30060115
30060116
30060117
30060118
30060119
30060120
30060121
30060122
30060123
30060124
30060125
30060200
30060201
30060202
30060203
30060204
30060205
30060206
30060207
30060208
30060209
30060210
30060211
30060212
30060213
30060214
30060215
30060216
30060217
30060218
30060219
30060220
30060221
30060222
30060223
30060224
30060225
30060300
30060301
30060302
30060303
30060304
30060305
30060306
30060307
30060308
30060309
30060310
30060311
30060312
30060313
30060314
30060315
30060316
30060317
30060318
30060319
30060320
30060321
30060322
30060323
30060324
30060325
30060400
30060401
30060402
30060403
30060404
30060405
30060406
30060407
30060408
30060409
30060410
30060411
30060412
30060413
30060414
30060415
30060416
30060417
30060418
30060419
30060420
30060421
30060422
30060423
30060424
30060425
30060500
30060501
30060502
30060503
30060504
30060505
30060506
30060507
30060508
30060509
30060510
30060511
30060512
30060513
30060514
30060515
30060516
30060517
30060518
30060519
30060520
30060521
30060522
30060523
30060524
30060525
30060600
30060601
30060602
30060603
30060604
30060605
30060606
30060607
30060608
30060609
30060610
30060611
30060612
30060613
30060614
30060615
30060616
30060617
30060618
30060619
30060620
30060621
30060622
30060623
30060624
30060625
30060700
30060701
30060702
30060703
30060704
30060705
30060706
30060707
30060708
30060709
30060710
30060711
30060712
30060713
30060714
30060715
30060716
30060717
30060718
30060719
30060720
30060721
30060722
30060723
30060724
30060725
30060800
30060801
30060802
30060803
30060804
30060805
30060806
30060807
30060808
30060809
30060810
30060811
30060812
30060813
30060814
30060815
30060816
30060817
30060818
30060819
30060820
30060821
30060822
30060823
30060824
30060825
30060900
30060901
30060902
30060903
30060904
30060905
30060906
30060907
30060908
30060909
30060910
30060911
30060912
30060913
30060914
30060915
30060916
30060917
30060918
30060919
30060920
30060921
30060922
30060923
30060924
30060925
30061000
30061001
30061002
30061003
30061004
30061005
30061006
30061007
30061008
30061009
30061010
30061011
30061012
30061013
30061014
30061015
30061016
30061017
30061018
30061019
30061020
30061021
30061022
30061023
30061024
30061025
30061100
30061101
30061102
30061103
30061104
30061105
30061106
30061107
30061108
30061109
30061110
30061111
30061112
30061113
30061114
30061115
30061116
30061117
30061118
30061119
30061120
30061121
30061122
30061123
30061124
30061125
30061200
30061201
30061202
30061203
30061204
30061205
30061206
30061207
30061208
30061209
30061210
30061211
30061212
30061213
30061214
30061215
30061216
30061217
30061218
30061219
30061220
30061221
30061222
30061223
30061224
30061225
30070000
30070001
30070002
30070003
30070004
30070005
30070006
30070007
30070008
30070009
30070010
30070011
30070012
30070013
30070014
30070015
30070016
30070017
30070018
30070019
30070020
30070021
30070022
30070023
30070024
30070025
30070100
30070101
30070102
30070103
30070104
30070105
30070106
30070107
30070108
30070109
30070110
30070111
30070112
30070113
30070114
30070115
30070116
30070117
30070118
30070119
30070120
30070121
30070122
30070123
30070124
30070125
30070200
30070201
30070202
30070203
30070204
30070205
30070206
30070207
30070208
30070209
30070210
30070211
30070212
30070213
30070214
30070215
30070216
30070217
30070218
30070219
30070220
30070221
30070222
30070223
30070224
30070225
30070300
30070301
30070302
30070303
30070304
30070305
30070306
30070307
30070308
30070309
30070310
30070311
30070312
30070313
30070314
30070315
30070316
30070317
30070318
30070319
30070320
30070321
30070322
30070323
30070324
30070325
30070400
30070401
30070402
30070403
30070404
30070405
30070406
30070407
30070408
30070409
30070410
30070411
30070412
30070413
30070414
30070415
30070416
30070417
30070418
30070419
30070420
30070421
30070422
30070423
30070424
30070425
30070500
30070501
30070502
30070503
30070504
30070505
30070506
30070507
30070508
30070509
30070510
30070511
30070512
30070513
30070514
30070515
30070516
30070517
30070518
30070519
30070520
30070521
30070522
30070523
30070524
30070525
30070600
30070601
30070602
30070603
30070604
30070605
30070606
30070607
30070608
30070609
30070610
30070611
30070612
30070613
30070614
30070615
30070616
30070617
30070618
30070619
30070620
30070621
30070622
30070623
30070624
30070625
30070700
30070701
30070702
30070703
30070704
30070705
30070706
30070707
30070708
30070709
30070710
30070711
30070712
30070713
30070714
30070715
30070716
30070717
30070718
30070719
30070720
30070721
30070722
30070723
30070724
30070725
30070800
30070801
30070802
30070803
30070804
30070805
30070806
30070807
30070808
30070809
30070810
30070811
30070812
30070813
30070814
30070815
30070816
30070817
30070818
30070819
30070820
30070821
30070822
30070823
30070824
30070825
30070900
30070901
30070902
30070903
30070904
30070905
30070906
30070907
30070908
30070909
30070910
30070911
30070912
30070913
30070914
30070915
30070916
30070917
30070918
30070919
30070920
30070921
30070922
30070923
30070924
30070925
30071000
30071001
30071002
30071003
30071004
30071005
30071006
30071007
30071008
30071009
30071010
30071011
30071012
30071013
30071014
30071015
30071016
30071017
30071018
30071019
30071020
30071021
30071022
30071023
30071024
30071025
30071100
30071101
30071102
30071103
30071104
30071105
30071106
30071107
30071108
30071109
30071110
30071111
30071112
30071113
30071114
30071115
30071116
30071117
30071118
30071119
30071120
30071121
30071122
30071123
30071124
30071125
30071200
30071201
30071202
30071203
30071204
30071205
30071206
30071207
30071208
30071209
30071210
30071211
30071212
30071213
30071214
30071215
30071216
30071217
30071218
30071219
30071220
30071221
30071222
30071223
30071224
30071225
30080000
30080001
30080002
30080003
30080004
30080005
30080006
30080007
30080008
30080009
30080010
30080011
30080012
30080013
30080014
30080015
30080016
30080017
30080018
30080019
30080020
30080021
30080022
30080023
30080024
30080025
30080100
30080101
30080102
30080103
30080104
30080105
30080106
30080107
30080108
30080109
30080110
30080111
30080112
30080113
30080114
30080115
30080116
30080117
30080118
30080119
30080120
30080121
30080122
30080123
30080124
30080125
30080200
30080201
30080202
30080203
30080204
30080205
30080206
30080207
30080208
30080209
30080210
30080211
30080212
30080213
30080214
30080215
30080216
30080217
30080218
30080219
30080220
30080221
30080222
30080223
30080224
30080225
30080300
30080301
30080302
30080303
30080304
30080305
30080306
30080307
30080308
30080309
30080310
30080311
30080312
30080313
30080314
30080315
30080316
30080317
30080318
30080319
30080320
30080321
30080322
30080323
30080324
30080325
30080400
30080401
30080402
30080403
30080404
30080405
30080406
30080407
30080408
30080409
30080410
30080411
30080412
30080413
30080414
30080415
30080416
30080417
30080418
30080419
30080420
30080421
30080422
30080423
30080424
30080425
30080500
30080501
30080502
30080503
30080504
30080505
30080506
30080507
30080508
30080509
30080510
30080511
30080512
30080513
30080514
30080515
30080516
30080517
30080518
30080519
30080520
30080521
30080522
30080523
30080524
30080525
30080600
30080601
30080602
30080603
30080604
30080605
30080606
30080607
30080608
30080609
30080610
30080611
30080612
30080613
30080614
30080615
30080616
30080617
30080618
30080619
30080620
30080621
30080622
30080623
30080624
30080625
30080700
30080701
30080702
30080703
30080704
30080705
30080706
30080707
30080708
30080709
30080710
30080711
30080712
30080713
30080714
30080715
30080716
30080717
30080718
30080719
30080720
30080721
30080722
30080723
30080724
30080725
30080800
30080801
30080802
30080803
30080804
30080805
30080806
30080807
30080808
30080809
30080810
30080811
30080812
30080813
30080814
30080815
30080816
30080817
30080818
30080819
30080820
30080821
30080822
30080823
30080824
30080825
30080900
30080901
30080902
30080903
30080904
30080905
30080906
30080907
30080908
30080909
30080910
30080911
30080912
30080913
30080914
30080915
30080916
30080917
30080918
30080919
30080920
30080921
30080922
30080923
30080924
30080925
30081000
30081001
30081002
30081003
30081004
30081005
30081006
30081007
30081008
30081009
30081010
30081011
30081012
30081013
30081014
30081015
30081016
30081017
30081018
30081019
30081020
30081021
30081022
30081023
30081024
30081025
30081100
30081101
30081102
30081103
30081104
30081105
30081106
30081107
30081108
30081109
30081110
30081111
30081112
30081113
30081114
30081115
30081116
30081117
30081118
30081119
30081120
30081121
30081122
30081123
30081124
30081125
30081200
30081201
30081202
30081203
30081204
30081205
30081206
30081207
30081208
30081209
30081210
30081211
30081212
30081213
30081214
30081215
30081216
30081217
30081218
30081219
30081220
30081221
30081222
30081223
30081224
30081225
30090000
30090001
30090002
30090003
30090004
30090005
30090006
30090007
30090008
30090009
30090010
30090011
30090012
30090013
30090014
30090015
30090016
30090017
30090018
30090019
30090020
30090021
30090022
30090023
30090024
30090025
30090100
30090101
30090102
30090103
30090104
30090105
30090106
30090107
30090108
30090109
30090110
30090111
30090112
30090113
30090114
30090115
30090116
30090117
30090118
30090119
30090120
30090121
30090122
30090123
30090124
30090125
30090200
30090201
30090202
30090203
30090204
30090205
30090206
30090207
30090208
30090209
30090210
30090211
30090212
30090213
30090214
30090215
30090216
30090217
30090218
30090219
30090220
30090221
30090222
30090223
30090224
30090225
30090300
30090301
30090302
30090303
30090304
30090305
30090306
30090307
30090308
30090309
30090310
30090311
30090312
30090313
30090314
30090315
30090316
30090317
30090318
30090319
30090320
30090321
30090322
30090323
30090324
30090325
30090400
30090401
30090402
30090403
30090404
30090405
30090406
30090407
30090408
30090409
30090410
30090411
30090412
30090413
30090414
30090415
30090416
30090417
30090418
30090419
30090420
30090421
30090422
30090423
30090424
30090425
30090500
30090501
30090502
30090503
30090504
30090505
30090506
30090507
30090508
30090509
30090510
30090511
30090512
30090513
30090514
30090515
30090516
30090517
30090518
30090519
30090520
30090521
30090522
30090523
30090524
30090525
30090600
30090601
30090602
30090603
30090604
30090605
30090606
30090607
30090608
30090609
30090610
30090611
30090612
30090613
30090614
30090615
30090616
30090617
30090618
30090619
30090620
30090621
30090622
30090623
30090624
30090625
30090700
30090701
30090702
30090703
30090704
30090705
30090706
30090707
30090708
30090709
30090710
30090711
30090712
30090713
30090714
30090715
30090716
30090717
30090718
30090719
30090720
30090721
30090722
30090723
30090724
30090725
30090800
30090801
30090802
30090803
30090804
30090805
30090806
30090807
30090808
30090809
30090810
30090811
30090812
30090813
30090814
30090815
30090816
30090817
30090818
30090819
30090820
30090821
30090822
30090823
30090824
30090825
30090900
30090901
30090902
30090903
30090904
30090905
30090906
30090907
30090908
30090909
30090910
30090911
30090912
30090913
30090914
30090915
30090916
30090917
30090918
30090919
30090920
30090921
30090922
30090923
30090924
30090925
30091000
30091001
30091002
30091003
30091004
30091005
30091006
30091007
30091008
30091009
30091010
30091011
30091012
30091013
30091014
30091015
30091016
30091017
30091018
30091019
30091020
30091021
30091022
30091023
30091024
30091025
30091100
30091101
30091102
30091103
30091104
30091105
30091106
30091107
30091108
30091109
30091110
30091111
30091112
30091113
30091114
30091115
30091116
30091117
30091118
30091119
30091120
30091121
30091122
30091123
30091124
30091125
30091200
30091201
30091202
30091203
30091204
30091205
30091206
30091207
30091208
30091209
30091210
30091211
30091212
30091213
30091214
30091215
30091216
30091217
30091218
30091219
30091220
30091221
30091222
30091223
30091224
30091225
30100000
30100001
30100002
30100003
30100004
30100005
30100006
30100007
30100008
30100009
30100010
30100011
30100012
30100013
30100014
30100015
30100016
30100017
30100018
30100019
30100020
30100021
30100022
30100023
30100024
30100025
30100100
30100101
30100102
30100103
30100104
30100105
30100106
30100107
30100108
30100109
30100110
30100111
30100112
30100113
30100114
30100115
30100116
30100117
30100118
30100119
30100120
30100121
30100122
30100123
30100124
30100125
30100200
30100201
30100202
30100203
30100204
30100205
30100206
30100207
30100208
30100209
30100210
30100211
30100212
30100213
30100214
30100215
30100216
30100217
30100218
30100219
30100220
30100221
30100222
30100223
30100224
30100225
30100300
30100301
30100302
30100303
30100304
30100305
30100306
30100307
30100308
30100309
30100310
30100311
30100312
30100313
30100314
30100315
30100316
30100317
30100318
30100319
30100320
30100321
30100322
30100323
30100324
30100325
30100400
30100401
30100402
30100403
30100404
30100405
30100406
30100407
30100408
30100409
30100410
30100411
30100412
30100413
30100414
30100415
30100416
30100417
30100418
30100419
30100420
30100421
30100422
30100423
30100424
30100425
30100500
30100501
30100502
30100503
30100504
30100505
30100506
30100507
30100508
30100509
30100510
30100511
30100512
30100513
30100514
30100515
30100516
30100517
30100518
30100519
30100520
30100521
30100522
30100523
30100524
30100525
30100600
30100601
30100602
30100603
30100604
30100605
30100606
30100607
30100608
30100609
30100610
30100611
30100612
30100613
30100614
30100615
30100616
30100617
30100618
30100619
30100620
30100621
30100622
30100623
30100624
30100625
30100700
30100701
30100702
30100703
30100704
30100705
30100706
30100707
30100708
30100709
30100710
30100711
30100712
30100713
30100714
30100715
30100716
30100717
30100718
30100719
30100720
30100721
30100722
30100723
30100724
30100725
30100800
30100801
30100802
30100803
30100804
30100805
30100806
30100807
30100808
30100809
30100810
30100811
30100812
30100813
30100814
30100815
30100816
30100817
30100818
30100819
30100820
30100821
30100822
30100823
30100824
30100825
30100900
30100901
30100902
30100903
30100904
30100905
30100906
30100907
30100908
30100909
30100910
30100911
30100912
30100913
30100914
30100915
30100916
30100917
30100918
30100919
30100920
30100921
30100922
30100923
30100924
30100925
30101000
30101001
30101002
30101003
30101004
30101005
30101006
30101007
30101008
30101009
30101010
30101011
30101012
30101013
30101014
30101015
30101016
30101017
30101018
30101019
30101020
30101021
30101022
30101023
30101024
30101025
30101100
30101101
30101102
30101103
30101104
30101105
30101106
30101107
30101108
30101109
30101110
30101111
30101112
30101113
30101114
30101115
30101116
30101117
30101118
30101119
30101120
30101121
30101122
30101123
30101124
30101125
30101200
30101201
30101202
30101203
30101204
30101205
30101206
30101207
30101208
30101209
30101210
30101211
30101212
30101213
30101214
30101215
30101216
30101217
30101218
30101219
30101220
30101221
30101222
30101223
30101224
30101225
30110000
30110001
30110002
30110003
30110004
30110005
30110006
30110007
30110008
30110009
30110010
30110011
30110012
30110013
30110014
30110015
30110016
30110017
30110018
30110019
30110020
30110021
30110022
30110023
30110024
30110025
30110100
30110101
30110102
30110103
30110104
30110105
30110106
30110107
30110108
30110109
30110110
30110111
30110112
30110113
30110114
30110115
30110116
30110117
30110118
30110119
30110120
30110121
30110122
30110123
30110124
30110125
30110200
30110201
30110202
30110203
30110204
30110205
30110206
30110207
30110208
30110209
30110210
30110211
30110212
30110213
30110214
30110215
30110216
30110217
30110218
30110219
30110220
30110221
30110222
30110223
30110224
30110225
30110300
30110301
30110302
30110303
30110304
30110305
30110306
30110307
30110308
30110309
30110310
30110311
30110312
30110313
30110314
30110315
30110316
30110317
30110318
30110319
30110320
30110321
30110322
30110323
30110324
30110325
30110400
30110401
30110402
30110403
30110404
30110405
30110406
30110407
30110408
30110409
30110410
30110411
30110412
30110413
30110414
30110415
30110416
30110417
30110418
30110419
30110420
30110421
30110422
30110423
30110424
30110425
30110500
30110501
30110502
30110503
30110504
30110505
30110506
30110507
30110508
30110509
30110510
30110511
30110512
30110513
30110514
30110515
30110516
30110517
30110518
30110519
30110520
30110521
30110522
30110523
30110524
30110525
30110600
30110601
30110602
30110603
30110604
30110605
30110606
30110607
30110608
30110609
30110610
30110611
30110612
30110613
30110614
30110615
30110616
30110617
30110618
30110619
30110620
30110621
30110622
30110623
30110624
30110625
30110700
30110701
30110702
30110703
30110704
30110705
30110706
30110707
30110708
30110709
30110710
30110711
30110712
30110713
30110714
30110715
30110716
30110717
30110718
30110719
30110720
30110721
30110722
30110723
30110724
30110725
30110800
30110801
30110802
30110803
30110804
30110805
30110806
30110807
30110808
30110809
30110810
30110811
30110812
30110813
30110814
30110815
30110816
30110817
30110818
30110819
30110820
30110821
30110822
30110823
30110824
30110825
30110900
30110901
30110902
30110903
30110904
30110905
30110906
30110907
30110908
30110909
30110910
30110911
30110912
30110913
30110914
30110915
30110916
30110917
30110918
30110919
30110920
30110921
30110922
30110923
30110924
30110925
30111000
30111001
30111002
30111003
30111004
30111005
30111006
30111007
30111008
30111009
30111010
30111011
30111012
30111013
30111014
30111015
30111016
30111017
30111018
30111019
30111020
30111021
30111022
30111023
30111024
30111025
30111100
30111101
30111102
30111103
30111104
30111105
30111106
30111107
30111108
30111109
30111110
30111111
30111112
30111113
30111114
30111115
30111116
30111117
30111118
30111119
30111120
30111121
30111122
30111123
30111124
30111125
30111200
30111201
30111202
30111203
30111204
30111205
30111206
30111207
30111208
30111209
30111210
30111211
30111212
30111213
30111214
30111215
30111216
30111217
30111218
30111219
30111220
30111221
30111222
30111223
30111224
30111225
30120000
30120001
30120002
30120003
30120004
30120005
30120006
30120007
30120008
30120009
30120010
30120011
30120012
30120013
30120014
30120015
30120016
30120017
30120018
30120019
30120020
30120021
30120022
30120023
30120024
30120025
30120100
30120101
30120102
30120103
30120104
30120105
30120106
30120107
30120108
30120109
30120110
30120111
30120112
30120113
30120114
30120115
30120116
30120117
30120118
30120119
30120120
30120121
30120122
30120123
30120124
30120125
30120200
30120201
30120202
30120203
30120204
30120205
30120206
30120207
30120208
30120209
30120210
30120211
30120212
30120213
30120214
30120215
30120216
30120217
30120218
30120219
30120220
30120221
30120222
30120223
30120224
30120225
30120300
30120301
30120302
30120303
30120304
30120305
30120306
30120307
30120308
30120309
30120310
30120311
30120312
30120313
30120314
30120315
30120316
30120317
30120318
30120319
30120320
30120321
30120322
30120323
30120324
30120325
30120400
30120401
30120402
30120403
30120404
30120405
30120406
30120407
30120408
30120409
30120410
30120411
30120412
30120413
30120414
30120415
30120416
30120417
30120418
30120419
30120420
30120421
30120422
30120423
30120424
30120425
30120500
30120501
30120502
30120503
30120504
30120505
30120506
30120507
30120508
30120509
30120510
30120511
30120512
30120513
30120514
30120515
30120516
30120517
30120518
30120519
30120520
30120521
30120522
30120523
30120524
30120525
30120600
30120601
30120602
30120603
30120604
30120605
30120606
30120607
30120608
30120609
30120610
30120611
30120612
30120613
30120614
30120615
30120616
30120617
30120618
30120619
30120620
30120621
30120622
30120623
30120624
30120625
30120700
30120701
30120702
30120703
30120704
30120705
30120706
30120707
30120708
30120709
30120710
30120711
30120712
30120713
30120714
30120715
30120716
30120717
30120718
30120719
30120720
30120721
30120722
30120723
30120724
30120725
30120800
30120801
30120802
30120803
30120804
30120805
30120806
30120807
30120808
30120809
30120810
30120811
30120812
30120813
30120814
30120815
30120816
30120817
30120818
30120819
30120820
30120821
30120822
30120823
30120824
30120825
30120900
30120901
30120902
30120903
30120904
30120905
30120906
30120907
30120908
30120909
30120910
30120911
30120912
30120913
30120914
30120915
30120916
30120917
30120918
30120919
30120920
30120921
30120922
30120923
30120924
30120925
30121000
30121001
30121002
30121003
30121004
30121005
30121006
30121007
30121008
30121009
30121010
30121011
30121012
30121013
30121014
30121015
30121016
30121017
30121018
30121019
30121020
30121021
30121022
30121023
30121024
30121025
30121100
30121101
30121102
30121103
30121104
30121105
30121106
30121107
30121108
30121109
30121110
30121111
30121112
30121113
30121114
30121115
30121116
30121117
30121118
30121119
30121120
30121121
30121122
30121123
30121124
30121125
30121200
30121201
30121202
30121203
30121204
30121205
30121206
30121207
30121208
30121209
30121210
30121211
30121212
30121213
30121214
30121215
30121216
30121217
30121218
30121219
30121220
30121221
30121222
30121223
30121224
30121225
30130000
30130001
30130002
30130003
30130004
30130005
30130006
30130007
30130008
30130009
30130010
30130011
30130012
30130013
30130014
30130015
30130016
30130017
30130018
30130019
30130020
30130021
30130022
30130023
30130024
30130025
30130100
30130101
30130102
30130103
30130104
30130105
30130106
30130107
30130108
30130109
30130110
30130111
30130112
30130113
30130114
30130115
30130116
30130117
30130118
30130119
30130120
30130121
30130122
30130123
30130124
30130125
30130200
30130201
30130202
30130203
30130204
30130205
30130206
30130207
30130208
30130209
30130210
30130211
30130212
30130213
30130214
30130215
30130216
30130217
30130218
30130219
30130220
30130221
30130222
30130223
30130224
30130225
30130300
30130301
30130302
30130303
30130304
30130305
30130306
30130307
30130308
30130309
30130310
30130311
30130312
30130313
30130314
30130315
30130316
30130317
30130318
30130319
30130320
30130321
30130322
30130323
30130324
30130325
30130400
30130401
30130402
30130403
30130404
30130405
30130406
30130407
30130408
30130409
30130410
30130411
30130412
30130413
30130414
30130415
30130416
30130417
30130418
30130419
30130420
30130421
30130422
30130423
30130424
30130425
30130500
30130501
30130502
30130503
30130504
30130505
30130506
30130507
30130508
30130509
30130510
30130511
30130512
30130513
30130514
30130515
30130516
30130517
30130518
30130519
30130520
30130521
30130522
30130523
30130524
30130525
30130600
30130601
30130602
30130603
30130604
30130605
30130606
30130607
30130608
30130609
30130610
30130611
30130612
30130613
30130614
30130615
30130616
30130617
30130618
30130619
30130620
30130621
30130622
30130623
30130624
30130625
30130700
30130701
30130702
30130703
30130704
30130705
30130706
30130707
30130708
30130709
30130710
30130711
30130712
30130713
30130714
30130715
30130716
30130717
30130718
30130719
30130720
30130721
30130722
30130723
30130724
30130725
30130800
30130801
30130802
30130803
30130804
30130805
30130806
30130807
30130808
30130809
30130810
30130811
30130812
30130813
30130814
30130815
30130816
30130817
30130818
30130819
30130820
30130821
30130822
30130823
30130824
30130825
30130900
30130901
30130902
30130903
30130904
30130905
30130906
30130907
30130908
30130909
30130910
30130911
30130912
30130913
30130914
30130915
30130916
30130917
30130918
30130919
30130920
30130921
30130922
30130923
30130924
30130925
30131000
30131001
30131002
30131003
30131004
30131005
30131006
30131007
30131008
30131009
30131010
30131011
30131012
30131013
30131014
30131015
30131016
30131017
30131018
30131019
30131020
30131021
30131022
30131023
30131024
30131025
30131100
30131101
30131102
30131103
30131104
30131105
30131106
30131107
30131108
30131109
30131110
30131111
30131112
30131113
30131114
30131115
30131116
30131117
30131118
30131119
30131120
30131121
30131122
30131123
30131124
30131125
30131200
30131201
30131202
30131203
30131204
30131205
30131206
30131207
30131208
30131209
30131210
30131211
30131212
30131213
30131214
30131215
30131216
30131217
30131218
30131219
30131220
30131221
30131222
30131223
30131224
30131225
30140000
30140001
30140002
30140003
30140004
30140005
30140006
30140007
30140008
30140009
30140010
30140011
30140012
30140013
30140014
30140015
30140016
30140017
30140018
30140019
30140020
30140021
30140022
30140023
30140024
30140025
30140100
30140101
30140102
30140103
30140104
30140105
30140106
30140107
30140108
30140109
30140110
30140111
30140112
30140113
30140114
30140115
30140116
30140117
30140118
30140119
30140120
30140121
30140122
30140123
30140124
30140125
30140200
30140201
30140202
30140203
30140204
30140205
30140206
30140207
30140208
30140209
30140210
30140211
30140212
30140213
30140214
30140215
30140216
30140217
30140218
30140219
30140220
30140221
30140222
30140223
30140224
30140225
30140300
30140301
30140302
30140303
30140304
30140305
30140306
30140307
30140308
30140309
30140310
30140311
30140312
30140313
30140314
30140315
30140316
30140317
30140318
30140319
30140320
30140321
30140322
30140323
30140324
30140325
30140400
30140401
30140402
30140403
30140404
30140405
30140406
30140407
30140408
30140409
30140410
30140411
30140412
30140413
30140414
30140415
30140416
30140417
30140418
30140419
30140420
30140421
30140422
30140423
30140424
30140425
30140500
30140501
30140502
30140503
30140504
30140505
30140506
30140507
30140508
30140509
30140510
30140511
30140512
30140513
30140514
30140515
30140516
30140517
30140518
30140519
30140520
30140521
30140522
30140523
30140524
30140525
30140600
30140601
30140602
30140603
30140604
30140605
30140606
30140607
30140608
30140609
30140610
30140611
30140612
30140613
30140614
30140615
30140616
30140617
30140618
30140619
30140620
30140621
30140622
30140623
30140624
30140625
30140700
30140701
30140702
30140703
30140704
30140705
30140706
30140707
30140708
30140709
30140710
30140711
30140712
30140713
30140714
30140715
30140716
30140717
30140718
30140719
30140720
30140721
30140722
30140723
30140724
30140725
30140800
30140801
30140802
30140803
30140804
30140805
30140806
30140807
30140808
30140809
30140810
30140811
30140812
30140813
30140814
30140815
30140816
30140817
30140818
30140819
30140820
30140821
30140822
30140823
30140824
30140825
30140900
30140901
30140902
30140903
30140904
30140905
30140906
30140907
30140908
30140909
30140910
30140911
30140912
30140913
30140914
30140915
30140916
30140917
30140918
30140919
30140920
30140921
30140922
30140923
30140924
30140925
30141000
30141001
30141002
30141003
30141004
30141005
30141006
30141007
30141008
30141009
30141010
30141011
30141012
30141013
30141014
30141015
30141016
30141017
30141018
30141019
30141020
30141021
30141022
30141023
30141024
30141025
30141100
30141101
30141102
30141103
30141104
30141105
30141106
30141107
30141108
30141109
30141110
30141111
30141112
30141113
30141114
30141115
30141116
30141117
30141118
30141119
30141120
30141121
30141122
30141123
30141124
30141125
30141200
30141201
30141202
30141203
30141204
30141205
30141206
30141207
30141208
30141209
30141210
30141211
30141212
30141213
30141214
30141215
30141216
30141217
30141218
30141219
30141220
30141221
30141222
30141223
30141224
30141225
30150000
30150001
30150002
30150003
30150004
30150005
30150006
30150007
30150008
30150009
30150010
30150011
30150012
30150013
30150014
30150015
30150016
30150017
30150018
30150019
30150020
30150021
30150022
30150023
30150024
30150025
30190000
30190001
30190002
30190003
30190004
30190005
30190006
30190007
30190008
30190009
30190010
30190011
30190012
30190013
30190014
30190015
30190016
30190017
30190018
30190019
30190020
30190021
30190022
30190023
30190024
30190025
30190100
30190101
30190102
30190103
30190104
30190105
30190106
30190107
30190108
30190109
30190110
30190111
30190112
30190113
30190114
30190115
30190116
30190117
30190118
30190119
30190120
30190121
30190122
30190123
30190124
30190125
30190200
30190201
30190202
30190203
30190204
30190205
30190206
30190207
30190208
30190209
30190210
30190211
30190212
30190213
30190214
30190215
30190216
30190217
30190218
30190219
30190220
30190221
30190222
30190223
30190224
30190225
30190300
30190301
30190302
30190303
30190304
30190305
30190306
30190307
30190308
30190309
30190310
30190311
30190312
30190313
30190314
30190315
30190316
30190317
30190318
30190319
30190320
30190321
30190322
30190323
30190324
30190325
30190400
30190401
30190402
30190403
30190404
30190405
30190406
30190407
30190408
30190409
30190410
30190411
30190412
30190413
30190414
30190415
30190416
30190417
30190418
30190419
30190420
30190421
30190422
30190423
30190424
30190425
30190500
30190501
30190502
30190503
30190504
30190505
30190506
30190507
30190508
30190509
30190510
30190511
30190512
30190513
30190514
30190515
30190516
30190517
30190518
30190519
30190520
30190521
30190522
30190523
30190524
30190525
30190600
30190601
30190602
30190603
30190604
30190605
30190606
30190607
30190608
30190609
30190610
30190611
30190612
30190613
30190614
30190615
30190616
30190617
30190618
30190619
30190620
30190621
30190622
30190623
30190624
30190625
30190700
30190701
30190702
30190703
30190704
30190705
30190706
30190707
30190708
30190709
30190710
30190711
30190712
30190713
30190714
30190715
30190716
30190717
30190718
30190719
30190720
30190721
30190722
30190723
30190724
30190725
30190800
30190801
30190802
30190803
30190804
30190805
30190806
30190807
30190808
30190809
30190810
30190811
30190812
30190813
30190814
30190815
30190816
30190817
30190818
30190819
30190820
30190821
30190822
30190823
30190824
30190825
30190900
30190901
30190902
30190903
30190904
30190905
30190906
30190907
30190908
30190909
30190910
30190911
30190912
30190913
30190914
30190915
30190916
30190917
30190918
30190919
30190920
30190921
30190922
30190923
30190924
30190925
30191000
30191001
30191002
30191003
30191004
30191005
30191006
30191007
30191008
30191009
30191010
30191011
30191012
30191013
30191014
30191015
30191016
30191017
30191018
30191019
30191020
30191021
30191022
30191023
30191024
30191025
30191100
30191101
30191102
30191103
30191104
30191105
30191106
30191107
30191108
30191109
30191110
30191111
30191112
30191113
30191114
30191115
30191116
30191117
30191118
30191119
30191120
30191121
30191122
30191123
30191124
30191125
30191200
30191201
30191202
30191203
30191204
30191205
30191206
30191207
30191208
30191209
30191210
30191211
30191212
30191213
30191214
30191215
30191216
30191217
30191218
30191219
30191220
30191221
30191222
30191223
30191224
30191225
30200000
30200001
30200002
30200003
30200004
30200005
30200006
30200007
30200008
30200009
30200010
30200011
30200012
30200013
30200014
30200015
30200016
30200017
30200018
30200019
30200020
30200021
30200022
30200023
30200024
30200025
30510000
30510001
30510002
30510003
30510004
30510005
30510006
30510007
30510008
30510009
30510010
30510011
30510012
30510013
30510014
30510015
30510016
30510017
30510018
30510019
30510020
30510021
30510022
30510023
30510024
30510025
31000000
31000001
31000002
31000003
31000004
31000005
31000006
31000007
31000008
31000009
31000010
31000011
31000012
31000013
31000014
31000015
31000016
31000017
31000018
31000019
31000020
31000021
31000022
31000023
31000024
31000025
31000100
31000101
31000102
31000103
31000104
31000105
31000106
31000107
31000108
31000109
31000110
31000111
31000112
31000113
31000114
31000115
31000116
31000117
31000118
31000119
31000120
31000121
31000122
31000123
31000124
31000125
31000200
31000201
31000202
31000203
31000204
31000205
31000206
31000207
31000208
31000209
31000210
31000211
31000212
31000213
31000214
31000215
31000216
31000217
31000218
31000219
31000220
31000221
31000222
31000223
31000224
31000225
31000300
31000301
31000302
31000303
31000304
31000305
31000306
31000307
31000308
31000309
31000310
31000311
31000312
31000313
31000314
31000315
31000316
31000317
31000318
31000319
31000320
31000321
31000322
31000323
31000324
31000325
31000400
31000401
31000402
31000403
31000404
31000405
31000406
31000407
31000408
31000409
31000410
31000411
31000412
31000413
31000414
31000415
31000416
31000417
31000418
31000419
31000420
31000421
31000422
31000423
31000424
31000425
31000500
31000501
31000502
31000503
31000504
31000505
31000506
31000507
31000508
31000509
31000510
31000511
31000512
31000513
31000514
31000515
31000516
31000517
31000518
31000519
31000520
31000521
31000522
31000523
31000524
31000525
31000600
31000601
31000602
31000603
31000604
31000605
31000606
31000607
31000608
31000609
31000610
31000611
31000612
31000613
31000614
31000615
31000616
31000617
31000618
31000619
31000620
31000621
31000622
31000623
31000624
31000625
31000700
31000701
31000702
31000703
31000704
31000705
31000706
31000707
31000708
31000709
31000710
31000711
31000712
31000713
31000714
31000715
31000716
31000717
31000718
31000719
31000720
31000721
31000722
31000723
31000724
31000725
31000800
31000801
31000802
31000803
31000804
31000805
31000806
31000807
31000808
31000809
31000810
31000811
31000812
31000813
31000814
31000815
31000816
31000817
31000818
31000819
31000820
31000821
31000822
31000823
31000824
31000825
31000900
31000901
31000902
31000903
31000904
31000905
31000906
31000907
31000908
31000909
31000910
31000911
31000912
31000913
31000914
31000915
31000916
31000917
31000918
31000919
31000920
31000921
31000922
31000923
31000924
31000925
31001000
31001001
31001002
31001003
31001004
31001005
31001006
31001007
31001008
31001009
31001010
31001011
31001012
31001013
31001014
31001015
31001016
31001017
31001018
31001019
31001020
31001021
31001022
31001023
31001024
31001025
31001100
31001101
31001102
31001103
31001104
31001105
31001106
31001107
31001108
31001109
31001110
31001111
31001112
31001113
31001114
31001115
31001116
31001117
31001118
31001119
31001120
31001121
31001122
31001123
31001124
31001125
31001200
31001201
31001202
31001203
31001204
31001205
31001206
31001207
31001208
31001209
31001210
31001211
31001212
31001213
31001214
31001215
31001216
31001217
31001218
31001219
31001220
31001221
31001222
31001223
31001224
31001225
31010000
31010001
31010002
31010003
31010004
31010005
31010006
31010007
31010008
31010009
31010010
31010011
31010012
31010013
31010014
31010015
31010016
31010017
31010018
31010019
31010020
31010021
31010022
31010023
31010024
31010025
31010100
31010101
31010102
31010103
31010104
31010105
31010106
31010107
31010108
31010109
31010110
31010111
31010112
31010113
31010114
31010115
31010116
31010117
31010118
31010119
31010120
31010121
31010122
31010123
31010124
31010125
31010200
31010201
31010202
31010203
31010204
31010205
31010206
31010207
31010208
31010209
31010210
31010211
31010212
31010213
31010214
31010215
31010216
31010217
31010218
31010219
31010220
31010221
31010222
31010223
31010224
31010225
31010300
31010301
31010302
31010303
31010304
31010305
31010306
31010307
31010308
31010309
31010310
31010311
31010312
31010313
31010314
31010315
31010316
31010317
31010318
31010319
31010320
31010321
31010322
31010323
31010324
31010325
31010400
31010401
31010402
31010403
31010404
31010405
31010406
31010407
31010408
31010409
31010410
31010411
31010412
31010413
31010414
31010415
31010416
31010417
31010418
31010419
31010420
31010421
31010422
31010423
31010424
31010425
31010500
31010501
31010502
31010503
31010504
31010505
31010506
31010507
31010508
31010509
31010510
31010511
31010512
31010513
31010514
31010515
31010516
31010517
31010518
31010519
31010520
31010521
31010522
31010523
31010524
31010525
31010600
31010601
31010602
31010603
31010604
31010605
31010606
31010607
31010608
31010609
31010610
31010611
31010612
31010613
31010614
31010615
31010616
31010617
31010618
31010619
31010620
31010621
31010622
31010623
31010624
31010625
31010700
31010701
31010702
31010703
31010704
31010705
31010706
31010707
31010708
31010709
31010710
31010711
31010712
31010713
31010714
31010715
31010716
31010717
31010718
31010719
31010720
31010721
31010722
31010723
31010724
31010725
31010800
31010801
31010802
31010803
31010804
31010805
31010806
31010807
31010808
31010809
31010810
31010811
31010812
31010813
31010814
31010815
31010816
31010817
31010818
31010819
31010820
31010821
31010822
31010823
31010824
31010825
31010900
31010901
31010902
31010903
31010904
31010905
31010906
31010907
31010908
31010909
31010910
31010911
31010912
31010913
31010914
31010915
31010916
31010917
31010918
31010919
31010920
31010921
31010922
31010923
31010924
31010925
31011000
31011001
31011002
31011003
31011004
31011005
31011006
31011007
31011008
31011009
31011010
31011011
31011012
31011013
31011014
31011015
31011016
31011017
31011018
31011019
31011020
31011021
31011022
31011023
31011024
31011025
31011100
31011101
31011102
31011103
31011104
31011105
31011106
31011107
31011108
31011109
31011110
31011111
31011112
31011113
31011114
31011115
31011116
31011117
31011118
31011119
31011120
31011121
31011122
31011123
31011124
31011125
31011200
31011201
31011202
31011203
31011204
31011205
31011206
31011207
31011208
31011209
31011210
31011211
31011212
31011213
31011214
31011215
31011216
31011217
31011218
31011219
31011220
31011221
31011222
31011223
31011224
31011225
31020000
31020001
31020002
31020003
31020004
31020005
31020006
31020007
31020008
31020009
31020010
31020011
31020012
31020013
31020014
31020015
31020016
31020017
31020018
31020019
31020020
31020021
31020022
31020023
31020024
31020025
31020100
31020101
31020102
31020103
31020104
31020105
31020106
31020107
31020108
31020109
31020110
31020111
31020112
31020113
31020114
31020115
31020116
31020117
31020118
31020119
31020120
31020121
31020122
31020123
31020124
31020125
31020200
31020201
31020202
31020203
31020204
31020205
31020206
31020207
31020208
31020209
31020210
31020211
31020212
31020213
31020214
31020215
31020216
31020217
31020218
31020219
31020220
31020221
31020222
31020223
31020224
31020225
31020300
31020301
31020302
31020303
31020304
31020305
31020306
31020307
31020308
31020309
31020310
31020311
31020312
31020313
31020314
31020315
31020316
31020317
31020318
31020319
31020320
31020321
31020322
31020323
31020324
31020325
31020400
31020401
31020402
31020403
31020404
31020405
31020406
31020407
31020408
31020409
31020410
31020411
31020412
31020413
31020414
31020415
31020416
31020417
31020418
31020419
31020420
31020421
31020422
31020423
31020424
31020425
31020500
31020501
31020502
31020503
31020504
31020505
31020506
31020507
31020508
31020509
31020510
31020511
31020512
31020513
31020514
31020515
31020516
31020517
31020518
31020519
31020520
31020521
31020522
31020523
31020524
31020525
31020600
31020601
31020602
31020603
31020604
31020605
31020606
31020607
31020608
31020609
31020610
31020611
31020612
31020613
31020614
31020615
31020616
31020617
31020618
31020619
31020620
31020621
31020622
31020623
31020624
31020625
31020700
31020701
31020702
31020703
31020704
31020705
31020706
31020707
31020708
31020709
31020710
31020711
31020712
31020713
31020714
31020715
31020716
31020717
31020718
31020719
31020720
31020721
31020722
31020723
31020724
31020725
31020800
31020801
31020802
31020803
31020804
31020805
31020806
31020807
31020808
31020809
31020810
31020811
31020812
31020813
31020814
31020815
31020816
31020817
31020818
31020819
31020820
31020821
31020822
31020823
31020824
31020825
31020900
31020901
31020902
31020903
31020904
31020905
31020906
31020907
31020908
31020909
31020910
31020911
31020912
31020913
31020914
31020915
31020916
31020917
31020918
31020919
31020920
31020921
31020922
31020923
31020924
31020925
31021000
31021001
31021002
31021003
31021004
31021005
31021006
31021007
31021008
31021009
31021010
31021011
31021012
31021013
31021014
31021015
31021016
31021017
31021018
31021019
31021020
31021021
31021022
31021023
31021024
31021025
31021100
31021101
31021102
31021103
31021104
31021105
31021106
31021107
31021108
31021109
31021110
31021111
31021112
31021113
31021114
31021115
31021116
31021117
31021118
31021119
31021120
31021121
31021122
31021123
31021124
31021125
31021200
31021201
31021202
31021203
31021204
31021205
31021206
31021207
31021208
31021209
31021210
31021211
31021212
31021213
31021214
31021215
31021216
31021217
31021218
31021219
31021220
31021221
31021222
31021223
31021224
31021225
31030000
31030001
31030002
31030003
31030004
31030005
31030006
31030007
31030008
31030009
31030010
31030011
31030012
31030013
31030014
31030015
31030016
31030017
31030018
31030019
31030020
31030021
31030022
31030023
31030024
31030025
31030100
31030101
31030102
31030103
31030104
31030105
31030106
31030107
31030108
31030109
31030110
31030111
31030112
31030113
31030114
31030115
31030116
31030117
31030118
31030119
31030120
31030121
31030122
31030123
31030124
31030125
31030200
31030201
31030202
31030203
31030204
31030205
31030206
31030207
31030208
31030209
31030210
31030211
31030212
31030213
31030214
31030215
31030216
31030217
31030218
31030219
31030220
31030221
31030222
31030223
31030224
31030225
31030300
31030301
31030302
31030303
31030304
31030305
31030306
31030307
31030308
31030309
31030310
31030311
31030312
31030313
31030314
31030315
31030316
31030317
31030318
31030319
31030320
31030321
31030322
31030323
31030324
31030325
31030400
31030401
31030402
31030403
31030404
31030405
31030406
31030407
31030408
31030409
31030410
31030411
31030412
31030413
31030414
31030415
31030416
31030417
31030418
31030419
31030420
31030421
31030422
31030423
31030424
31030425
31030500
31030501
31030502
31030503
31030504
31030505
31030506
31030507
31030508
31030509
31030510
31030511
31030512
31030513
31030514
31030515
31030516
31030517
31030518
31030519
31030520
31030521
31030522
31030523
31030524
31030525
31030600
31030601
31030602
31030603
31030604
31030605
31030606
31030607
31030608
31030609
31030610
31030611
31030612
31030613
31030614
31030615
31030616
31030617
31030618
31030619
31030620
31030621
31030622
31030623
31030624
31030625
31030700
31030701
31030702
31030703
31030704
31030705
31030706
31030707
31030708
31030709
31030710
31030711
31030712
31030713
31030714
31030715
31030716
31030717
31030718
31030719
31030720
31030721
31030722
31030723
31030724
31030725
31030800
31030801
31030802
31030803
31030804
31030805
31030806
31030807
31030808
31030809
31030810
31030811
31030812
31030813
31030814
31030815
31030816
31030817
31030818
31030819
31030820
31030821
31030822
31030823
31030824
31030825
31030900
31030901
31030902
31030903
31030904
31030905
31030906
31030907
31030908
31030909
31030910
31030911
31030912
31030913
31030914
31030915
31030916
31030917
31030918
31030919
31030920
31030921
31030922
31030923
31030924
31030925
31031000
31031001
31031002
31031003
31031004
31031005
31031006
31031007
31031008
31031009
31031010
31031011
31031012
31031013
31031014
31031015
31031016
31031017
31031018
31031019
31031020
31031021
31031022
31031023
31031024
31031025
31031100
31031101
31031102
31031103
31031104
31031105
31031106
31031107
31031108
31031109
31031110
31031111
31031112
31031113
31031114
31031115
31031116
31031117
31031118
31031119
31031120
31031121
31031122
31031123
31031124
31031125
31031200
31031201
31031202
31031203
31031204
31031205
31031206
31031207
31031208
31031209
31031210
31031211
31031212
31031213
31031214
31031215
31031216
31031217
31031218
31031219
31031220
31031221
31031222
31031223
31031224
31031225
31040000
31040001
31040002
31040003
31040004
31040005
31040006
31040007
31040008
31040009
31040010
31040011
31040012
31040013
31040014
31040015
31040016
31040017
31040018
31040019
31040020
31040021
31040022
31040023
31040024
31040025
31040100
31040101
31040102
31040103
31040104
31040105
31040106
31040107
31040108
31040109
31040110
31040111
31040112
31040113
31040114
31040115
31040116
31040117
31040118
31040119
31040120
31040121
31040122
31040123
31040124
31040125
31040200
31040201
31040202
31040203
31040204
31040205
31040206
31040207
31040208
31040209
31040210
31040211
31040212
31040213
31040214
31040215
31040216
31040217
31040218
31040219
31040220
31040221
31040222
31040223
31040224
31040225
31040300
31040301
31040302
31040303
31040304
31040305
31040306
31040307
31040308
31040309
31040310
31040311
31040312
31040313
31040314
31040315
31040316
31040317
31040318
31040319
31040320
31040321
31040322
31040323
31040324
31040325
31040400
31040401
31040402
31040403
31040404
31040405
31040406
31040407
31040408
31040409
31040410
31040411
31040412
31040413
31040414
31040415
31040416
31040417
31040418
31040419
31040420
31040421
31040422
31040423
31040424
31040425
31040500
31040501
31040502
31040503
31040504
31040505
31040506
31040507
31040508
31040509
31040510
31040511
31040512
31040513
31040514
31040515
31040516
31040517
31040518
31040519
31040520
31040521
31040522
31040523
31040524
31040525
31040600
31040601
31040602
31040603
31040604
31040605
31040606
31040607
31040608
31040609
31040610
31040611
31040612
31040613
31040614
31040615
31040616
31040617
31040618
31040619
31040620
31040621
31040622
31040623
31040624
31040625
31040700
31040701
31040702
31040703
31040704
31040705
31040706
31040707
31040708
31040709
31040710
31040711
31040712
31040713
31040714
31040715
31040716
31040717
31040718
31040719
31040720
31040721
31040722
31040723
31040724
31040725
31040800
31040801
31040802
31040803
31040804
31040805
31040806
31040807
31040808
31040809
31040810
31040811
31040812
31040813
31040814
31040815
31040816
31040817
31040818
31040819
31040820
31040821
31040822
31040823
31040824
31040825
31040900
31040901
31040902
31040903
31040904
31040905
31040906
31040907
31040908
31040909
31040910
31040911
31040912
31040913
31040914
31040915
31040916
31040917
31040918
31040919
31040920
31040921
31040922
31040923
31040924
31040925
31041000
31041001
31041002
31041003
31041004
31041005
31041006
31041007
31041008
31041009
31041010
31041011
31041012
31041013
31041014
31041015
31041016
31041017
31041018
31041019
31041020
31041021
31041022
31041023
31041024
31041025
31041100
31041101
31041102
31041103
31041104
31041105
31041106
31041107
31041108
31041109
31041110
31041111
31041112
31041113
31041114
31041115
31041116
31041117
31041118
31041119
31041120
31041121
31041122
31041123
31041124
31041125
31041200
31041201
31041202
31041203
31041204
31041205
31041206
31041207
31041208
31041209
31041210
31041211
31041212
31041213
31041214
31041215
31041216
31041217
31041218
31041219
31041220
31041221
31041222
31041223
31041224
31041225
31050000
31050001
31050002
31050003
31050004
31050005
31050006
31050007
31050008
31050009
31050010
31050011
31050012
31050013
31050014
31050015
31050016
31050017
31050018
31050019
31050020
31050021
31050022
31050023
31050024
31050025
31050100
31050101
31050102
31050103
31050104
31050105
31050106
31050107
31050108
31050109
31050110
31050111
31050112
31050113
31050114
31050115
31050116
31050117
31050118
31050119
31050120
31050121
31050122
31050123
31050124
31050125
31050200
31050201
31050202
31050203
31050204
31050205
31050206
31050207
31050208
31050209
31050210
31050211
31050212
31050213
31050214
31050215
31050216
31050217
31050218
31050219
31050220
31050221
31050222
31050223
31050224
31050225
31050300
31050301
31050302
31050303
31050304
31050305
31050306
31050307
31050308
31050309
31050310
31050311
31050312
31050313
31050314
31050315
31050316
31050317
31050318
31050319
31050320
31050321
31050322
31050323
31050324
31050325
31050400
31050401
31050402
31050403
31050404
31050405
31050406
31050407
31050408
31050409
31050410
31050411
31050412
31050413
31050414
31050415
31050416
31050417
31050418
31050419
31050420
31050421
31050422
31050423
31050424
31050425
31050500
31050501
31050502
31050503
31050504
31050505
31050506
31050507
31050508
31050509
31050510
31050511
31050512
31050513
31050514
31050515
31050516
31050517
31050518
31050519
31050520
31050521
31050522
31050523
31050524
31050525
31050600
31050601
31050602
31050603
31050604
31050605
31050606
31050607
31050608
31050609
31050610
31050611
31050612
31050613
31050614
31050615
31050616
31050617
31050618
31050619
31050620
31050621
31050622
31050623
31050624
31050625
31050700
31050701
31050702
31050703
31050704
31050705
31050706
31050707
31050708
31050709
31050710
31050711
31050712
31050713
31050714
31050715
31050716
31050717
31050718
31050719
31050720
31050721
31050722
31050723
31050724
31050725
31050800
31050801
31050802
31050803
31050804
31050805
31050806
31050807
31050808
31050809
31050810
31050811
31050812
31050813
31050814
31050815
31050816
31050817
31050818
31050819
31050820
31050821
31050822
31050823
31050824
31050825
31050900
31050901
31050902
31050903
31050904
31050905
31050906
31050907
31050908
31050909
31050910
31050911
31050912
31050913
31050914
31050915
31050916
31050917
31050918
31050919
31050920
31050921
31050922
31050923
31050924
31050925
31051000
31051001
31051002
31051003
31051004
31051005
31051006
31051007
31051008
31051009
31051010
31051011
31051012
31051013
31051014
31051015
31051016
31051017
31051018
31051019
31051020
31051021
31051022
31051023
31051024
31051025
31051100
31051101
31051102
31051103
31051104
31051105
31051106
31051107
31051108
31051109
31051110
31051111
31051112
31051113
31051114
31051115
31051116
31051117
31051118
31051119
31051120
31051121
31051122
31051123
31051124
31051125
31051200
31051201
31051202
31051203
31051204
31051205
31051206
31051207
31051208
31051209
31051210
31051211
31051212
31051213
31051214
31051215
31051216
31051217
31051218
31051219
31051220
31051221
31051222
31051223
31051224
31051225
31060000
31060001
31060002
31060003
31060004
31060005
31060006
31060007
31060008
31060009
31060010
31060011
31060012
31060013
31060014
31060015
31060016
31060017
31060018
31060019
31060020
31060021
31060022
31060023
31060024
31060025
31070000
31070001
31070002
31070003
31070004
31070005
31070006
31070007
31070008
31070009
31070010
31070011
31070012
31070013
31070014
31070015
31070016
31070017
31070018
31070019
31070020
31070021
31070022
31070023
31070024
31070025
31070100
31070101
31070102
31070103
31070104
31070105
31070106
31070107
31070108
31070109
31070110
31070111
31070112
31070113
31070114
31070115
31070116
31070117
31070118
31070119
31070120
31070121
31070122
31070123
31070124
31070125
31070200
31070201
31070202
31070203
31070204
31070205
31070206
31070207
31070208
31070209
31070210
31070211
31070212
31070213
31070214
31070215
31070216
31070217
31070218
31070219
31070220
31070221
31070222
31070223
31070224
31070225
31070300
31070301
31070302
31070303
31070304
31070305
31070306
31070307
31070308
31070309
31070310
31070311
31070312
31070313
31070314
31070315
31070316
31070317
31070318
31070319
31070320
31070321
31070322
31070323
31070324
31070325
31070400
31070401
31070402
31070403
31070404
31070405
31070406
31070407
31070408
31070409
31070410
31070411
31070412
31070413
31070414
31070415
31070416
31070417
31070418
31070419
31070420
31070421
31070422
31070423
31070424
31070425
31070500
31070501
31070502
31070503
31070504
31070505
31070506
31070507
31070508
31070509
31070510
31070511
31070512
31070513
31070514
31070515
31070516
31070517
31070518
31070519
31070520
31070521
31070522
31070523
31070524
31070525
31070600
31070601
31070602
31070603
31070604
31070605
31070606
31070607
31070608
31070609
31070610
31070611
31070612
31070613
31070614
31070615
31070616
31070617
31070618
31070619
31070620
31070621
31070622
31070623
31070624
31070625
31070700
31070701
31070702
31070703
31070704
31070705
31070706
31070707
31070708
31070709
31070710
31070711
31070712
31070713
31070714
31070715
31070716
31070717
31070718
31070719
31070720
31070721
31070722
31070723
31070724
31070725
31070800
31070801
31070802
31070803
31070804
31070805
31070806
31070807
31070808
31070809
31070810
31070811
31070812
31070813
31070814
31070815
31070816
31070817
31070818
31070819
31070820
31070821
31070822
31070823
31070824
31070825
31070900
31070901
31070902
31070903
31070904
31070905
31070906
31070907
31070908
31070909
31070910
31070911
31070912
31070913
31070914
31070915
31070916
31070917
31070918
31070919
31070920
31070921
31070922
31070923
31070924
31070925
31071000
31071001
31071002
31071003
31071004
31071005
31071006
31071007
31071008
31071009
31071010
31071011
31071012
31071013
31071014
31071015
31071016
31071017
31071018
31071019
31071020
31071021
31071022
31071023
31071024
31071025
31071100
31071101
31071102
31071103
31071104
31071105
31071106
31071107
31071108
31071109
31071110
31071111
31071112
31071113
31071114
31071115
31071116
31071117
31071118
31071119
31071120
31071121
31071122
31071123
31071124
31071125
31071200
31071201
31071202
31071203
31071204
31071205
31071206
31071207
31071208
31071209
31071210
31071211
31071212
31071213
31071214
31071215
31071216
31071217
31071218
31071219
31071220
31071221
31071222
31071223
31071224
31071225
31080000
31080001
31080002
31080003
31080004
31080005
31080006
31080007
31080008
31080009
31080010
31080011
31080012
31080013
31080014
31080015
31080016
31080017
31080018
31080019
31080020
31080021
31080022
31080023
31080024
31080025
31080100
31080101
31080102
31080103
31080104
31080105
31080106
31080107
31080108
31080109
31080110
31080111
31080112
31080113
31080114
31080115
31080116
31080117
31080118
31080119
31080120
31080121
31080122
31080123
31080124
31080125
31080200
31080201
31080202
31080203
31080204
31080205
31080206
31080207
31080208
31080209
31080210
31080211
31080212
31080213
31080214
31080215
31080216
31080217
31080218
31080219
31080220
31080221
31080222
31080223
31080224
31080225
31080300
31080301
31080302
31080303
31080304
31080305
31080306
31080307
31080308
31080309
31080310
31080311
31080312
31080313
31080314
31080315
31080316
31080317
31080318
31080319
31080320
31080321
31080322
31080323
31080324
31080325
31080400
31080401
31080402
31080403
31080404
31080405
31080406
31080407
31080408
31080409
31080410
31080411
31080412
31080413
31080414
31080415
31080416
31080417
31080418
31080419
31080420
31080421
31080422
31080423
31080424
31080425
31080500
31080501
31080502
31080503
31080504
31080505
31080506
31080507
31080508
31080509
31080510
31080511
31080512
31080513
31080514
31080515
31080516
31080517
31080518
31080519
31080520
31080521
31080522
31080523
31080524
31080525
31080600
31080601
31080602
31080603
31080604
31080605
31080606
31080607
31080608
31080609
31080610
31080611
31080612
31080613
31080614
31080615
31080616
31080617
31080618
31080619
31080620
31080621
31080622
31080623
31080624
31080625
31080700
31080701
31080702
31080703
31080704
31080705
31080706
31080707
31080708
31080709
31080710
31080711
31080712
31080713
31080714
31080715
31080716
31080717
31080718
31080719
31080720
31080721
31080722
31080723
31080724
31080725
31080800
31080801
31080802
31080803
31080804
31080805
31080806
31080807
31080808
31080809
31080810
31080811
31080812
31080813
31080814
31080815
31080816
31080817
31080818
31080819
31080820
31080821
31080822
31080823
31080824
31080825
31080900
31080901
31080902
31080903
31080904
31080905
31080906
31080907
31080908
31080909
31080910
31080911
31080912
31080913
31080914
31080915
31080916
31080917
31080918
31080919
31080920
31080921
31080922
31080923
31080924
31080925
31081000
31081001
31081002
31081003
31081004
31081005
31081006
31081007
31081008
31081009
31081010
31081011
31081012
31081013
31081014
31081015
31081016
31081017
31081018
31081019
31081020
31081021
31081022
31081023
31081024
31081025
31081100
31081101
31081102
31081103
31081104
31081105
31081106
31081107
31081108
31081109
31081110
31081111
31081112
31081113
31081114
31081115
31081116
31081117
31081118
31081119
31081120
31081121
31081122
31081123
31081124
31081125
31081200
31081201
31081202
31081203
31081204
31081205
31081206
31081207
31081208
31081209
31081210
31081211
31081212
31081213
31081214
31081215
31081216
31081217
31081218
31081219
31081220
31081221
31081222
31081223
31081224
31081225
31090000
31090001
31090002
31090003
31090004
31090005
31090006
31090007
31090008
31090009
31090010
31090011
31090012
31090013
31090014
31090015
31090016
31090017
31090018
31090019
31090020
31090021
31090022
31090023
31090024
31090025
31090100
31090101
31090102
31090103
31090104
31090105
31090106
31090107
31090108
31090109
31090110
31090111
31090112
31090113
31090114
31090115
31090116
31090117
31090118
31090119
31090120
31090121
31090122
31090123
31090124
31090125
31090200
31090201
31090202
31090203
31090204
31090205
31090206
31090207
31090208
31090209
31090210
31090211
31090212
31090213
31090214
31090215
31090216
31090217
31090218
31090219
31090220
31090221
31090222
31090223
31090224
31090225
31090300
31090301
31090302
31090303
31090304
31090305
31090306
31090307
31090308
31090309
31090310
31090311
31090312
31090313
31090314
31090315
31090316
31090317
31090318
31090319
31090320
31090321
31090322
31090323
31090324
31090325
31090400
31090401
31090402
31090403
31090404
31090405
31090406
31090407
31090408
31090409
31090410
31090411
31090412
31090413
31090414
31090415
31090416
31090417
31090418
31090419
31090420
31090421
31090422
31090423
31090424
31090425
31090500
31090501
31090502
31090503
31090504
31090505
31090506
31090507
31090508
31090509
31090510
31090511
31090512
31090513
31090514
31090515
31090516
31090517
31090518
31090519
31090520
31090521
31090522
31090523
31090524
31090525
31090600
31090601
31090602
31090603
31090604
31090605
31090606
31090607
31090608
31090609
31090610
31090611
31090612
31090613
31090614
31090615
31090616
31090617
31090618
31090619
31090620
31090621
31090622
31090623
31090624
31090625
31090700
31090701
31090702
31090703
31090704
31090705
31090706
31090707
31090708
31090709
31090710
31090711
31090712
31090713
31090714
31090715
31090716
31090717
31090718
31090719
31090720
31090721
31090722
31090723
31090724
31090725
31090800
31090801
31090802
31090803
31090804
31090805
31090806
31090807
31090808
31090809
31090810
31090811
31090812
31090813
31090814
31090815
31090816
31090817
31090818
31090819
31090820
31090821
31090822
31090823
31090824
31090825
31090900
31090901
31090902
31090903
31090904
31090905
31090906
31090907
31090908
31090909
31090910
31090911
31090912
31090913
31090914
31090915
31090916
31090917
31090918
31090919
31090920
31090921
31090922
31090923
31090924
31090925
31091000
31091001
31091002
31091003
31091004
31091005
31091006
31091007
31091008
31091009
31091010
31091011
31091012
31091013
31091014
31091015
31091016
31091017
31091018
31091019
31091020
31091021
31091022
31091023
31091024
31091025
31091100
31091101
31091102
31091103
31091104
31091105
31091106
31091107
31091108
31091109
31091110
31091111
31091112
31091113
31091114
31091115
31091116
31091117
31091118
31091119
31091120
31091121
31091122
31091123
31091124
31091125
31091200
31091201
31091202
31091203
31091204
31091205
31091206
31091207
31091208
31091209
31091210
31091211
31091212
31091213
31091214
31091215
31091216
31091217
31091218
31091219
31091220
31091221
31091222
31091223
31091224
31091225
31100000
31100001
31100002
31100003
31100004
31100005
31100006
31100007
31100008
31100009
31100010
31100011
31100012
31100013
31100014
31100015
31100016
31100017
31100018
31100019
31100020
31100021
31100022
31100023
31100024
31100025
31100100
31100101
31100102
31100103
31100104
31100105
31100106
31100107
31100108
31100109
31100110
31100111
31100112
31100113
31100114
31100115
31100116
31100117
31100118
31100119
31100120
31100121
31100122
31100123
31100124
31100125
31100200
31100201
31100202
31100203
31100204
31100205
31100206
31100207
31100208
31100209
31100210
31100211
31100212
31100213
31100214
31100215
31100216
31100217
31100218
31100219
31100220
31100221
31100222
31100223
31100224
31100225
31100300
31100301
31100302
31100303
31100304
31100305
31100306
31100307
31100308
31100309
31100310
31100311
31100312
31100313
31100314
31100315
31100316
31100317
31100318
31100319
31100320
31100321
31100322
31100323
31100324
31100325
31100400
31100401
31100402
31100403
31100404
31100405
31100406
31100407
31100408
31100409
31100410
31100411
31100412
31100413
31100414
31100415
31100416
31100417
31100418
31100419
31100420
31100421
31100422
31100423
31100424
31100425
31100500
31100501
31100502
31100503
31100504
31100505
31100506
31100507
31100508
31100509
31100510
31100511
31100512
31100513
31100514
31100515
31100516
31100517
31100518
31100519
31100520
31100521
31100522
31100523
31100524
31100525
31100600
31100601
31100602
31100603
31100604
31100605
31100606
31100607
31100608
31100609
31100610
31100611
31100612
31100613
31100614
31100615
31100616
31100617
31100618
31100619
31100620
31100621
31100622
31100623
31100624
31100625
31100700
31100701
31100702
31100703
31100704
31100705
31100706
31100707
31100708
31100709
31100710
31100711
31100712
31100713
31100714
31100715
31100716
31100717
31100718
31100719
31100720
31100721
31100722
31100723
31100724
31100725
31100800
31100801
31100802
31100803
31100804
31100805
31100806
31100807
31100808
31100809
31100810
31100811
31100812
31100813
31100814
31100815
31100816
31100817
31100818
31100819
31100820
31100821
31100822
31100823
31100824
31100825
31100900
31100901
31100902
31100903
31100904
31100905
31100906
31100907
31100908
31100909
31100910
31100911
31100912
31100913
31100914
31100915
31100916
31100917
31100918
31100919
31100920
31100921
31100922
31100923
31100924
31100925
31101000
31101001
31101002
31101003
31101004
31101005
31101006
31101007
31101008
31101009
31101010
31101011
31101012
31101013
31101014
31101015
31101016
31101017
31101018
31101019
31101020
31101021
31101022
31101023
31101024
31101025
31101100
31101101
31101102
31101103
31101104
31101105
31101106
31101107
31101108
31101109
31101110
31101111
31101112
31101113
31101114
31101115
31101116
31101117
31101118
31101119
31101120
31101121
31101122
31101123
31101124
31101125
31101200
31101201
31101202
31101203
31101204
31101205
31101206
31101207
31101208
31101209
31101210
31101211
31101212
31101213
31101214
31101215
31101216
31101217
31101218
31101219
31101220
31101221
31101222
31101223
31101224
31101225
31130000
31130001
31130002
31130003
31130004
31130005
31130006
31130007
31130008
31130009
31130010
31130011
31130012
31130013
31130014
31130015
31130016
31130017
31130018
31130019
31130020
31130021
31130022
31130023
31130024
31130025
31130100
31130101
31130102
31130103
31130104
31130105
31130106
31130107
31130108
31130109
31130110
31130111
31130112
31130113
31130114
31130115
31130116
31130117
31130118
31130119
31130120
31130121
31130122
31130123
31130124
31130125
31130200
31130201
31130202
31130203
31130204
31130205
31130206
31130207
31130208
31130209
31130210
31130211
31130212
31130213
31130214
31130215
31130216
31130217
31130218
31130219
31130220
31130221
31130222
31130223
31130224
31130225
31130300
31130301
31130302
31130303
31130304
31130305
31130306
31130307
31130308
31130309
31130310
31130311
31130312
31130313
31130314
31130315
31130316
31130317
31130318
31130319
31130320
31130321
31130322
31130323
31130324
31130325
31130400
31130401
31130402
31130403
31130404
31130405
31130406
31130407
31130408
31130409
31130410
31130411
31130412
31130413
31130414
31130415
31130416
31130417
31130418
31130419
31130420
31130421
31130422
31130423
31130424
31130425
31130500
31130501
31130502
31130503
31130504
31130505
31130506
31130507
31130508
31130509
31130510
31130511
31130512
31130513
31130514
31130515
31130516
31130517
31130518
31130519
31130520
31130521
31130522
31130523
31130524
31130525
31130600
31130601
31130602
31130603
31130604
31130605
31130606
31130607
31130608
31130609
31130610
31130611
31130612
31130613
31130614
31130615
31130616
31130617
31130618
31130619
31130620
31130621
31130622
31130623
31130624
31130625
31130700
31130701
31130702
31130703
31130704
31130705
31130706
31130707
31130708
31130709
31130710
31130711
31130712
31130713
31130714
31130715
31130716
31130717
31130718
31130719
31130720
31130721
31130722
31130723
31130724
31130725
31130800
31130801
31130802
31130803
31130804
31130805
31130806
31130807
31130808
31130809
31130810
31130811
31130812
31130813
31130814
31130815
31130816
31130817
31130818
31130819
31130820
31130821
31130822
31130823
31130824
31130825
31130900
31130901
31130902
31130903
31130904
31130905
31130906
31130907
31130908
31130909
31130910
31130911
31130912
31130913
31130914
31130915
31130916
31130917
31130918
31130919
31130920
31130921
31130922
31130923
31130924
31130925
31131000
31131001
31131002
31131003
31131004
31131005
31131006
31131007
31131008
31131009
31131010
31131011
31131012
31131013
31131014
31131015
31131016
31131017
31131018
31131019
31131020
31131021
31131022
31131023
31131024
31131025
31131100
31131101
31131102
31131103
31131104
31131105
31131106
31131107
31131108
31131109
31131110
31131111
31131112
31131113
31131114
31131115
31131116
31131117
31131118
31131119
31131120
31131121
31131122
31131123
31131124
31131125
31131200
31131201
31131202
31131203
31131204
31131205
31131206
31131207
31131208
31131209
31131210
31131211
31131212
31131213
31131214
31131215
31131216
31131217
31131218
31131219
31131220
31131221
31131222
31131223
31131224
31131225
31140000
31140001
31140002
31140003
31140004
31140005
31140006
31140007
31140008
31140009
31140010
31140011
31140012
31140013
31140014
31140015
31140016
31140017
31140018
31140019
31140020
31140021
31140022
31140023
31140024
31140025
31140100
31140101
31140102
31140103
31140104
31140105
31140106
31140107
31140108
31140109
31140110
31140111
31140112
31140113
31140114
31140115
31140116
31140117
31140118
31140119
31140120
31140121
31140122
31140123
31140124
31140125
31140200
31140201
31140202
31140203
31140204
31140205
31140206
31140207
31140208
31140209
31140210
31140211
31140212
31140213
31140214
31140215
31140216
31140217
31140218
31140219
31140220
31140221
31140222
31140223
31140224
31140225
31140300
31140301
31140302
31140303
31140304
31140305
31140306
31140307
31140308
31140309
31140310
31140311
31140312
31140313
31140314
31140315
31140316
31140317
31140318
31140319
31140320
31140321
31140322
31140323
31140324
31140325
31140400
31140401
31140402
31140403
31140404
31140405
31140406
31140407
31140408
31140409
31140410
31140411
31140412
31140413
31140414
31140415
31140416
31140417
31140418
31140419
31140420
31140421
31140422
31140423
31140424
31140425
31140500
31140501
31140502
31140503
31140504
31140505
31140506
31140507
31140508
31140509
31140510
31140511
31140512
31140513
31140514
31140515
31140516
31140517
31140518
31140519
31140520
31140521
31140522
31140523
31140524
31140525
31140600
31140601
31140602
31140603
31140604
31140605
31140606
31140607
31140608
31140609
31140610
31140611
31140612
31140613
31140614
31140615
31140616
31140617
31140618
31140619
31140620
31140621
31140622
31140623
31140624
31140625
31140700
31140701
31140702
31140703
31140704
31140705
31140706
31140707
31140708
31140709
31140710
31140711
31140712
31140713
31140714
31140715
31140716
31140717
31140718
31140719
31140720
31140721
31140722
31140723
31140724
31140725
31140800
31140801
31140802
31140803
31140804
31140805
31140806
31140807
31140808
31140809
31140810
31140811
31140812
31140813
31140814
31140815
31140816
31140817
31140818
31140819
31140820
31140821
31140822
31140823
31140824
31140825
31140900
31140901
31140902
31140903
31140904
31140905
31140906
31140907
31140908
31140909
31140910
31140911
31140912
31140913
31140914
31140915
31140916
31140917
31140918
31140919
31140920
31140921
31140922
31140923
31140924
31140925
31141000
31141001
31141002
31141003
31141004
31141005
31141006
31141007
31141008
31141009
31141010
31141011
31141012
31141013
31141014
31141015
31141016
31141017
31141018
31141019
31141020
31141021
31141022
31141023
31141024
31141025
31141100
31141101
31141102
31141103
31141104
31141105
31141106
31141107
31141108
31141109
31141110
31141111
31141112
31141113
31141114
31141115
31141116
31141117
31141118
31141119
31141120
31141121
31141122
31141123
31141124
31141125
31141200
31141201
31141202
31141203
31141204
31141205
31141206
31141207
31141208
31141209
31141210
31141211
31141212
31141213
31141214
31141215
31141216
31141217
31141218
31141219
31141220
31141221
31141222
31141223
31141224
31141225
31170000
31170001
31170002
31170003
31170004
31170005
31170006
31170007
31170008
31170009
31170010
31170011
31170012
31170013
31170014
31170015
31170016
31170017
31170018
31170019
31170020
31170021
31170022
31170023
31170024
31170025
31170100
31170101
31170102
31170103
31170104
31170105
31170106
31170107
31170108
31170109
31170110
31170111
31170112
31170113
31170114
31170115
31170116
31170117
31170118
31170119
31170120
31170121
31170122
31170123
31170124
31170125
31170200
31170201
31170202
31170203
31170204
31170205
31170206
31170207
31170208
31170209
31170210
31170211
31170212
31170213
31170214
31170215
31170216
31170217
31170218
31170219
31170220
31170221
31170222
31170223
31170224
31170225
31170300
31170301
31170302
31170303
31170304
31170305
31170306
31170307
31170308
31170309
31170310
31170311
31170312
31170313
31170314
31170315
31170316
31170317
31170318
31170319
31170320
31170321
31170322
31170323
31170324
31170325
31170400
31170401
31170402
31170403
31170404
31170405
31170406
31170407
31170408
31170409
31170410
31170411
31170412
31170413
31170414
31170415
31170416
31170417
31170418
31170419
31170420
31170421
31170422
31170423
31170424
31170425
31170500
31170501
31170502
31170503
31170504
31170505
31170506
31170507
31170508
31170509
31170510
31170511
31170512
31170513
31170514
31170515
31170516
31170517
31170518
31170519
31170520
31170521
31170522
31170523
31170524
31170525
31170600
31170601
31170602
31170603
31170604
31170605
31170606
31170607
31170608
31170609
31170610
31170611
31170612
31170613
31170614
31170615
31170616
31170617
31170618
31170619
31170620
31170621
31170622
31170623
31170624
31170625
31170700
31170701
31170702
31170703
31170704
31170705
31170706
31170707
31170708
31170709
31170710
31170711
31170712
31170713
31170714
31170715
31170716
31170717
31170718
31170719
31170720
31170721
31170722
31170723
31170724
31170725
31170800
31170801
31170802
31170803
31170804
31170805
31170806
31170807
31170808
31170809
31170810
31170811
31170812
31170813
31170814
31170815
31170816
31170817
31170818
31170819
31170820
31170821
31170822
31170823
31170824
31170825
31170900
31170901
31170902
31170903
31170904
31170905
31170906
31170907
31170908
31170909
31170910
31170911
31170912
31170913
31170914
31170915
31170916
31170917
31170918
31170919
31170920
31170921
31170922
31170923
31170924
31170925
31171000
31171001
31171002
31171003
31171004
31171005
31171006
31171007
31171008
31171009
31171010
31171011
31171012
31171013
31171014
31171015
31171016
31171017
31171018
31171019
31171020
31171021
31171022
31171023
31171024
31171025
31171100
31171101
31171102
31171103
31171104
31171105
31171106
31171107
31171108
31171109
31171110
31171111
31171112
31171113
31171114
31171115
31171116
31171117
31171118
31171119
31171120
31171121
31171122
31171123
31171124
31171125
31171200
31171201
31171202
31171203
31171204
31171205
31171206
31171207
31171208
31171209
31171210
31171211
31171212
31171213
31171214
31171215
31171216
31171217
31171218
31171219
31171220
31171221
31171222
31171223
31171224
31171225
31190000
31190001
31190002
31190003
31190004
31190005
31190006
31190007
31190008
31190009
31190010
31190011
31190012
31190013
31190014
31190015
31190016
31190017
31190018
31190019
31190020
31190021
31190022
31190023
31190024
31190025
31190100
31190101
31190102
31190103
31190104
31190105
31190106
31190107
31190108
31190109
31190110
31190111
31190112
31190113
31190114
31190115
31190116
31190117
31190118
31190119
31190120
31190121
31190122
31190123
31190124
31190125
31190200
31190201
31190202
31190203
31190204
31190205
31190206
31190207
31190208
31190209
31190210
31190211
31190212
31190213
31190214
31190215
31190216
31190217
31190218
31190219
31190220
31190221
31190222
31190223
31190224
31190225
31190300
31190301
31190302
31190303
31190304
31190305
31190306
31190307
31190308
31190309
31190310
31190311
31190312
31190313
31190314
31190315
31190316
31190317
31190318
31190319
31190320
31190321
31190322
31190323
31190324
31190325
31190400
31190401
31190402
31190403
31190404
31190405
31190406
31190407
31190408
31190409
31190410
31190411
31190412
31190413
31190414
31190415
31190416
31190417
31190418
31190419
31190420
31190421
31190422
31190423
31190424
31190425
31190500
31190501
31190502
31190503
31190504
31190505
31190506
31190507
31190508
31190509
31190510
31190511
31190512
31190513
31190514
31190515
31190516
31190517
31190518
31190519
31190520
31190521
31190522
31190523
31190524
31190525
31190600
31190601
31190602
31190603
31190604
31190605
31190606
31190607
31190608
31190609
31190610
31190611
31190612
31190613
31190614
31190615
31190616
31190617
31190618
31190619
31190620
31190621
31190622
31190623
31190624
31190625
31190700
31190701
31190702
31190703
31190704
31190705
31190706
31190707
31190708
31190709
31190710
31190711
31190712
31190713
31190714
31190715
31190716
31190717
31190718
31190719
31190720
31190721
31190722
31190723
31190724
31190725
31190800
31190801
31190802
31190803
31190804
31190805
31190806
31190807
31190808
31190809
31190810
31190811
31190812
31190813
31190814
31190815
31190816
31190817
31190818
31190819
31190820
31190821
31190822
31190823
31190824
31190825
31190900
31190901
31190902
31190903
31190904
31190905
31190906
31190907
31190908
31190909
31190910
31190911
31190912
31190913
31190914
31190915
31190916
31190917
31190918
31190919
31190920
31190921
31190922
31190923
31190924
31190925
31191000
31191001
31191002
31191003
31191004
31191005
31191006
31191007
31191008
31191009
31191010
31191011
31191012
31191013
31191014
31191015
31191016
31191017
31191018
31191019
31191020
31191021
31191022
31191023
31191024
31191025
31191100
31191101
31191102
31191103
31191104
31191105
31191106
31191107
31191108
31191109
31191110
31191111
31191112
31191113
31191114
31191115
31191116
31191117
31191118
31191119
31191120
31191121
31191122
31191123
31191124
31191125
31191200
31191201
31191202
31191203
31191204
31191205
31191206
31191207
31191208
31191209
31191210
31191211
31191212
31191213
31191214
31191215
31191216
31191217
31191218
31191219
31191220
31191221
31191222
31191223
31191224
31191225
31230000
31230001
31230002
31230003
31230004
31230005
31230006
31230007
31230008
31230009
31230010
31230011
31230012
31230013
31230014
31230015
31230016
31230017
31230018
31230019
31230020
31230021
31230022
31230023
31230024
31230025
31230100
31230101
31230102
31230103
31230104
31230105
31230106
31230107
31230108
31230109
31230110
31230111
31230112
31230113
31230114
31230115
31230116
31230117
31230118
31230119
31230120
31230121
31230122
31230123
31230124
31230125
31230200
31230201
31230202
31230203
31230204
31230205
31230206
31230207
31230208
31230209
31230210
31230211
31230212
31230213
31230214
31230215
31230216
31230217
31230218
31230219
31230220
31230221
31230222
31230223
31230224
31230225
31230300
31230301
31230302
31230303
31230304
31230305
31230306
31230307
31230308
31230309
31230310
31230311
31230312
31230313
31230314
31230315
31230316
31230317
31230318
31230319
31230320
31230321
31230322
31230323
31230324
31230325
31230400
31230401
31230402
31230403
31230404
31230405
31230406
31230407
31230408
31230409
31230410
31230411
31230412
31230413
31230414
31230415
31230416
31230417
31230418
31230419
31230420
31230421
31230422
31230423
31230424
31230425
31230500
31230501
31230502
31230503
31230504
31230505
31230506
31230507
31230508
31230509
31230510
31230511
31230512
31230513
31230514
31230515
31230516
31230517
31230518
31230519
31230520
31230521
31230522
31230523
31230524
31230525
31230600
31230601
31230602
31230603
31230604
31230605
31230606
31230607
31230608
31230609
31230610
31230611
31230612
31230613
31230614
31230615
31230616
31230617
31230618
31230619
31230620
31230621
31230622
31230623
31230624
31230625
31230700
31230701
31230702
31230703
31230704
31230705
31230706
31230707
31230708
31230709
31230710
31230711
31230712
31230713
31230714
31230715
31230716
31230717
31230718
31230719
31230720
31230721
31230722
31230723
31230724
31230725
31230800
31230801
31230802
31230803
31230804
31230805
31230806
31230807
31230808
31230809
31230810
31230811
31230812
31230813
31230814
31230815
31230816
31230817
31230818
31230819
31230820
31230821
31230822
31230823
31230824
31230825
31230900
31230901
31230902
31230903
31230904
31230905
31230906
31230907
31230908
31230909
31230910
31230911
31230912
31230913
31230914
31230915
31230916
31230917
31230918
31230919
31230920
31230921
31230922
31230923
31230924
31230925
31231000
31231001
31231002
31231003
31231004
31231005
31231006
31231007
31231008
31231009
31231010
31231011
31231012
31231013
31231014
31231015
31231016
31231017
31231018
31231019
31231020
31231021
31231022
31231023
31231024
31231025
31231100
31231101
31231102
31231103
31231104
31231105
31231106
31231107
31231108
31231109
31231110
31231111
31231112
31231113
31231114
31231115
31231116
31231117
31231118
31231119
31231120
31231121
31231122
31231123
31231124
31231125
31231200
31231201
31231202
31231203
31231204
31231205
31231206
31231207
31231208
31231209
31231210
31231211
31231212
31231213
31231214
31231215
31231216
31231217
31231218
31231219
31231220
31231221
31231222
31231223
31231224
31231225
31240000
31240001
31240002
31240003
31240004
31240005
31240006
31240007
31240008
31240009
31240010
31240011
31240012
31240013
31240014
31240015
31240016
31240017
31240018
31240019
31240020
31240021
31240022
31240023
31240024
31240025
31240100
31240101
31240102
31240103
31240104
31240105
31240106
31240107
31240108
31240109
31240110
31240111
31240112
31240113
31240114
31240115
31240116
31240117
31240118
31240119
31240120
31240121
31240122
31240123
31240124
31240125
31240200
31240201
31240202
31240203
31240204
31240205
31240206
31240207
31240208
31240209
31240210
31240211
31240212
31240213
31240214
31240215
31240216
31240217
31240218
31240219
31240220
31240221
31240222
31240223
31240224
31240225
31240300
31240301
31240302
31240303
31240304
31240305
31240306
31240307
31240308
31240309
31240310
31240311
31240312
31240313
31240314
31240315
31240316
31240317
31240318
31240319
31240320
31240321
31240322
31240323
31240324
31240325
31240400
31240401
31240402
31240403
31240404
31240405
31240406
31240407
31240408
31240409
31240410
31240411
31240412
31240413
31240414
31240415
31240416
31240417
31240418
31240419
31240420
31240421
31240422
31240423
31240424
31240425
31240500
31240501
31240502
31240503
31240504
31240505
31240506
31240507
31240508
31240509
31240510
31240511
31240512
31240513
31240514
31240515
31240516
31240517
31240518
31240519
31240520
31240521
31240522
31240523
31240524
31240525
31240600
31240601
31240602
31240603
31240604
31240605
31240606
31240607
31240608
31240609
31240610
31240611
31240612
31240613
31240614
31240615
31240616
31240617
31240618
31240619
31240620
31240621
31240622
31240623
31240624
31240625
31240700
31240701
31240702
31240703
31240704
31240705
31240706
31240707
31240708
31240709
31240710
31240711
31240712
31240713
31240714
31240715
31240716
31240717
31240718
31240719
31240720
31240721
31240722
31240723
31240724
31240725
31240800
31240801
31240802
31240803
31240804
31240805
31240806
31240807
31240808
31240809
31240810
31240811
31240812
31240813
31240814
31240815
31240816
31240817
31240818
31240819
31240820
31240821
31240822
31240823
31240824
31240825
31240900
31240901
31240902
31240903
31240904
31240905
31240906
31240907
31240908
31240909
31240910
31240911
31240912
31240913
31240914
31240915
31240916
31240917
31240918
31240919
31240920
31240921
31240922
31240923
31240924
31240925
31241000
31241001
31241002
31241003
31241004
31241005
31241006
31241007
31241008
31241009
31241010
31241011
31241012
31241013
31241014
31241015
31241016
31241017
31241018
31241019
31241020
31241021
31241022
31241023
31241024
31241025
31241100
31241101
31241102
31241103
31241104
31241105
31241106
31241107
31241108
31241109
31241110
31241111
31241112
31241113
31241114
31241115
31241116
31241117
31241118
31241119
31241120
31241121
31241122
31241123
31241124
31241125
31241200
31241201
31241202
31241203
31241204
31241205
31241206
31241207
31241208
31241209
31241210
31241211
31241212
31241213
31241214
31241215
31241216
31241217
31241218
31241219
31241220
31241221
31241222
31241223
31241224
31241225
31250000
31250001
31250002
31250003
31250004
31250005
31250006
31250007
31250008
31250009
31250010
31250011
31250012
31250013
31250014
31250015
31250016
31250017
31250018
31250019
31250020
31250021
31250022
31250023
31250024
31250025
31250100
31250101
31250102
31250103
31250104
31250105
31250106
31250107
31250108
31250109
31250110
31250111
31250112
31250113
31250114
31250115
31250116
31250117
31250118
31250119
31250120
31250121
31250122
31250123
31250124
31250125
31250200
31250201
31250202
31250203
31250204
31250205
31250206
31250207
31250208
31250209
31250210
31250211
31250212
31250213
31250214
31250215
31250216
31250217
31250218
31250219
31250220
31250221
31250222
31250223
31250224
31250225
31250300
31250301
31250302
31250303
31250304
31250305
31250306
31250307
31250308
31250309
31250310
31250311
31250312
31250313
31250314
31250315
31250316
31250317
31250318
31250319
31250320
31250321
31250322
31250323
31250324
31250325
31250400
31250401
31250402
31250403
31250404
31250405
31250406
31250407
31250408
31250409
31250410
31250411
31250412
31250413
31250414
31250415
31250416
31250417
31250418
31250419
31250420
31250421
31250422
31250423
31250424
31250425
31250500
31250501
31250502
31250503
31250504
31250505
31250506
31250507
31250508
31250509
31250510
31250511
31250512
31250513
31250514
31250515
31250516
31250517
31250518
31250519
31250520
31250521
31250522
31250523
31250524
31250525
31250600
31250601
31250602
31250603
31250604
31250605
31250606
31250607
31250608
31250609
31250610
31250611
31250612
31250613
31250614
31250615
31250616
31250617
31250618
31250619
31250620
31250621
31250622
31250623
31250624
31250625
31250700
31250701
31250702
31250703
31250704
31250705
31250706
31250707
31250708
31250709
31250710
31250711
31250712
31250713
31250714
31250715
31250716
31250717
31250718
31250719
31250720
31250721
31250722
31250723
31250724
31250725
31250800
31250801
31250802
31250803
31250804
31250805
31250806
31250807
31250808
31250809
31250810
31250811
31250812
31250813
31250814
31250815
31250816
31250817
31250818
31250819
31250820
31250821
31250822
31250823
31250824
31250825
31250900
31250901
31250902
31250903
31250904
31250905
31250906
31250907
31250908
31250909
31250910
31250911
31250912
31250913
31250914
31250915
31250916
31250917
31250918
31250919
31250920
31250921
31250922
31250923
31250924
31250925
31251000
31251001
31251002
31251003
31251004
31251005
31251006
31251007
31251008
31251009
31251010
31251011
31251012
31251013
31251014
31251015
31251016
31251017
31251018
31251019
31251020
31251021
31251022
31251023
31251024
31251025
31251100
31251101
31251102
31251103
31251104
31251105
31251106
31251107
31251108
31251109
31251110
31251111
31251112
31251113
31251114
31251115
31251116
31251117
31251118
31251119
31251120
31251121
31251122
31251123
31251124
31251125
31251200
31251201
31251202
31251203
31251204
31251205
31251206
31251207
31251208
31251209
31251210
31251211
31251212
31251213
31251214
31251215
31251216
31251217
31251218
31251219
31251220
31251221
31251222
31251223
31251224
31251225
31260000
31260001
31260002
31260003
31260004
31260005
31260006
31260007
31260008
31260009
31260010
31260011
31260012
31260013
31260014
31260015
31260016
31260017
31260018
31260019
31260020
31260021
31260022
31260023
31260024
31260025
31260100
31260101
31260102
31260103
31260104
31260105
31260106
31260107
31260108
31260109
31260110
31260111
31260112
31260113
31260114
31260115
31260116
31260117
31260118
31260119
31260120
31260121
31260122
31260123
31260124
31260125
31260200
31260201
31260202
31260203
31260204
31260205
31260206
31260207
31260208
31260209
31260210
31260211
31260212
31260213
31260214
31260215
31260216
31260217
31260218
31260219
31260220
31260221
31260222
31260223
31260224
31260225
31260300
31260301
31260302
31260303
31260304
31260305
31260306
31260307
31260308
31260309
31260310
31260311
31260312
31260313
31260314
31260315
31260316
31260317
31260318
31260319
31260320
31260321
31260322
31260323
31260324
31260325
31260400
31260401
31260402
31260403
31260404
31260405
31260406
31260407
31260408
31260409
31260410
31260411
31260412
31260413
31260414
31260415
31260416
31260417
31260418
31260419
31260420
31260421
31260422
31260423
31260424
31260425
31260500
31260501
31260502
31260503
31260504
31260505
31260506
31260507
31260508
31260509
31260510
31260511
31260512
31260513
31260514
31260515
31260516
31260517
31260518
31260519
31260520
31260521
31260522
31260523
31260524
31260525
31260600
31260601
31260602
31260603
31260604
31260605
31260606
31260607
31260608
31260609
31260610
31260611
31260612
31260613
31260614
31260615
31260616
31260617
31260618
31260619
31260620
31260621
31260622
31260623
31260624
31260625
31260700
31260701
31260702
31260703
31260704
31260705
31260706
31260707
31260708
31260709
31260710
31260711
31260712
31260713
31260714
31260715
31260716
31260717
31260718
31260719
31260720
31260721
31260722
31260723
31260724
31260725
31260800
31260801
31260802
31260803
31260804
31260805
31260806
31260807
31260808
31260809
31260810
31260811
31260812
31260813
31260814
31260815
31260816
31260817
31260818
31260819
31260820
31260821
31260822
31260823
31260824
31260825
31260900
31260901
31260902
31260903
31260904
31260905
31260906
31260907
31260908
31260909
31260910
31260911
31260912
31260913
31260914
31260915
31260916
31260917
31260918
31260919
31260920
31260921
31260922
31260923
31260924
31260925
31261000
31261001
31261002
31261003
31261004
31261005
31261006
31261007
31261008
31261009
31261010
31261011
31261012
31261013
31261014
31261015
31261016
31261017
31261018
31261019
31261020
31261021
31261022
31261023
31261024
31261025
31261100
31261101
31261102
31261103
31261104
31261105
31261106
31261107
31261108
31261109
31261110
31261111
31261112
31261113
31261114
31261115
31261116
31261117
31261118
31261119
31261120
31261121
31261122
31261123
31261124
31261125
31261200
31261201
31261202
31261203
31261204
31261205
31261206
31261207
31261208
31261209
31261210
31261211
31261212
31261213
31261214
31261215
31261216
31261217
31261218
31261219
31261220
31261221
31261222
31261223
31261224
31261225
31270000
31270001
31270002
31270003
31270004
31270005
31270006
31270007
31270008
31270009
31270010
31270011
31270012
31270013
31270014
31270015
31270016
31270017
31270018
31270019
31270020
31270021
31270022
31270023
31270024
31270025
31270100
31270101
31270102
31270103
31270104
31270105
31270106
31270107
31270108
31270109
31270110
31270111
31270112
31270113
31270114
31270115
31270116
31270117
31270118
31270119
31270120
31270121
31270122
31270123
31270124
31270125
31270200
31270201
31270202
31270203
31270204
31270205
31270206
31270207
31270208
31270209
31270210
31270211
31270212
31270213
31270214
31270215
31270216
31270217
31270218
31270219
31270220
31270221
31270222
31270223
31270224
31270225
31270300
31270301
31270302
31270303
31270304
31270305
31270306
31270307
31270308
31270309
31270310
31270311
31270312
31270313
31270314
31270315
31270316
31270317
31270318
31270319
31270320
31270321
31270322
31270323
31270324
31270325
31270400
31270401
31270402
31270403
31270404
31270405
31270406
31270407
31270408
31270409
31270410
31270411
31270412
31270413
31270414
31270415
31270416
31270417
31270418
31270419
31270420
31270421
31270422
31270423
31270424
31270425
31270500
31270501
31270502
31270503
31270504
31270505
31270506
31270507
31270508
31270509
31270510
31270511
31270512
31270513
31270514
31270515
31270516
31270517
31270518
31270519
31270520
31270521
31270522
31270523
31270524
31270525
31270600
31270601
31270602
31270603
31270604
31270605
31270606
31270607
31270608
31270609
31270610
31270611
31270612
31270613
31270614
31270615
31270616
31270617
31270618
31270619
31270620
31270621
31270622
31270623
31270624
31270625
31270700
31270701
31270702
31270703
31270704
31270705
31270706
31270707
31270708
31270709
31270710
31270711
31270712
31270713
31270714
31270715
31270716
31270717
31270718
31270719
31270720
31270721
31270722
31270723
31270724
31270725
31270800
31270801
31270802
31270803
31270804
31270805
31270806
31270807
31270808
31270809
31270810
31270811
31270812
31270813
31270814
31270815
31270816
31270817
31270818
31270819
31270820
31270821
31270822
31270823
31270824
31270825
31270900
31270901
31270902
31270903
31270904
31270905
31270906
31270907
31270908
31270909
31270910
31270911
31270912
31270913
31270914
31270915
31270916
31270917
31270918
31270919
31270920
31270921
31270922
31270923
31270924
31270925
31271000
31271001
31271002
31271003
31271004
31271005
31271006
31271007
31271008
31271009
31271010
31271011
31271012
31271013
31271014
31271015
31271016
31271017
31271018
31271019
31271020
31271021
31271022
31271023
31271024
31271025
31271100
31271101
31271102
31271103
31271104
31271105
31271106
31271107
31271108
31271109
31271110
31271111
31271112
31271113
31271114
31271115
31271116
31271117
31271118
31271119
31271120
31271121
31271122
31271123
31271124
31271125
31271200
31271201
31271202
31271203
31271204
31271205
31271206
31271207
31271208
31271209
31271210
31271211
31271212
31271213
31271214
31271215
31271216
31271217
31271218
31271219
31271220
31271221
31271222
31271223
31271224
31271225
31280000
31280001
31280002
31280003
31280004
31280005
31280006
31280007
31280008
31280009
31280010
31280011
31280012
31280013
31280014
31280015
31280016
31280017
31280018
31280019
31280020
31280021
31280022
31280023
31280024
31280025
31280100
31280101
31280102
31280103
31280104
31280105
31280106
31280107
31280108
31280109
31280110
31280111
31280112
31280113
31280114
31280115
31280116
31280117
31280118
31280119
31280120
31280121
31280122
31280123
31280124
31280125
31280200
31280201
31280202
31280203
31280204
31280205
31280206
31280207
31280208
31280209
31280210
31280211
31280212
31280213
31280214
31280215
31280216
31280217
31280218
31280219
31280220
31280221
31280222
31280223
31280224
31280225
31280300
31280301
31280302
31280303
31280304
31280305
31280306
31280307
31280308
31280309
31280310
31280311
31280312
31280313
31280314
31280315
31280316
31280317
31280318
31280319
31280320
31280321
31280322
31280323
31280324
31280325
31280400
31280401
31280402
31280403
31280404
31280405
31280406
31280407
31280408
31280409
31280410
31280411
31280412
31280413
31280414
31280415
31280416
31280417
31280418
31280419
31280420
31280421
31280422
31280423
31280424
31280425
31280500
31280501
31280502
31280503
31280504
31280505
31280506
31280507
31280508
31280509
31280510
31280511
31280512
31280513
31280514
31280515
31280516
31280517
31280518
31280519
31280520
31280521
31280522
31280523
31280524
31280525
31280600
31280601
31280602
31280603
31280604
31280605
31280606
31280607
31280608
31280609
31280610
31280611
31280612
31280613
31280614
31280615
31280616
31280617
31280618
31280619
31280620
31280621
31280622
31280623
31280624
31280625
31280700
31280701
31280702
31280703
31280704
31280705
31280706
31280707
31280708
31280709
31280710
31280711
31280712
31280713
31280714
31280715
31280716
31280717
31280718
31280719
31280720
31280721
31280722
31280723
31280724
31280725
31280800
31280801
31280802
31280803
31280804
31280805
31280806
31280807
31280808
31280809
31280810
31280811
31280812
31280813
31280814
31280815
31280816
31280817
31280818
31280819
31280820
31280821
31280822
31280823
31280824
31280825
31280900
31280901
31280902
31280903
31280904
31280905
31280906
31280907
31280908
31280909
31280910
31280911
31280912
31280913
31280914
31280915
31280916
31280917
31280918
31280919
31280920
31280921
31280922
31280923
31280924
31280925
31281000
31281001
31281002
31281003
31281004
31281005
31281006
31281007
31281008
31281009
31281010
31281011
31281012
31281013
31281014
31281015
31281016
31281017
31281018
31281019
31281020
31281021
31281022
31281023
31281024
31281025
31281100
31281101
31281102
31281103
31281104
31281105
31281106
31281107
31281108
31281109
31281110
31281111
31281112
31281113
31281114
31281115
31281116
31281117
31281118
31281119
31281120
31281121
31281122
31281123
31281124
31281125
31281200
31281201
31281202
31281203
31281204
31281205
31281206
31281207
31281208
31281209
31281210
31281211
31281212
31281213
31281214
31281215
31281216
31281217
31281218
31281219
31281220
31281221
31281222
31281223
31281224
31281225
31290000
31290001
31290002
31290003
31290004
31290005
31290006
31290007
31290008
31290009
31290010
31290011
31290012
31290013
31290014
31290015
31290016
31290017
31290018
31290019
31290020
31290021
31290022
31290023
31290024
31290025
31290100
31290101
31290102
31290103
31290104
31290105
31290106
31290107
31290108
31290109
31290110
31290111
31290112
31290113
31290114
31290115
31290116
31290117
31290118
31290119
31290120
31290121
31290122
31290123
31290124
31290125
31290200
31290201
31290202
31290203
31290204
31290205
31290206
31290207
31290208
31290209
31290210
31290211
31290212
31290213
31290214
31290215
31290216
31290217
31290218
31290219
31290220
31290221
31290222
31290223
31290224
31290225
31290300
31290301
31290302
31290303
31290304
31290305
31290306
31290307
31290308
31290309
31290310
31290311
31290312
31290313
31290314
31290315
31290316
31290317
31290318
31290319
31290320
31290321
31290322
31290323
31290324
31290325
31290400
31290401
31290402
31290403
31290404
31290405
31290406
31290407
31290408
31290409
31290410
31290411
31290412
31290413
31290414
31290415
31290416
31290417
31290418
31290419
31290420
31290421
31290422
31290423
31290424
31290425
31290500
31290501
31290502
31290503
31290504
31290505
31290506
31290507
31290508
31290509
31290510
31290511
31290512
31290513
31290514
31290515
31290516
31290517
31290518
31290519
31290520
31290521
31290522
31290523
31290524
31290525
31290600
31290601
31290602
31290603
31290604
31290605
31290606
31290607
31290608
31290609
31290610
31290611
31290612
31290613
31290614
31290615
31290616
31290617
31290618
31290619
31290620
31290621
31290622
31290623
31290624
31290625
31290700
31290701
31290702
31290703
31290704
31290705
31290706
31290707
31290708
31290709
31290710
31290711
31290712
31290713
31290714
31290715
31290716
31290717
31290718
31290719
31290720
31290721
31290722
31290723
31290724
31290725
31290800
31290801
31290802
31290803
31290804
31290805
31290806
31290807
31290808
31290809
31290810
31290811
31290812
31290813
31290814
31290815
31290816
31290817
31290818
31290819
31290820
31290821
31290822
31290823
31290824
31290825
31290900
31290901
31290902
31290903
31290904
31290905
31290906
31290907
31290908
31290909
31290910
31290911
31290912
31290913
31290914
31290915
31290916
31290917
31290918
31290919
31290920
31290921
31290922
31290923
31290924
31290925
31291000
31291001
31291002
31291003
31291004
31291005
31291006
31291007
31291008
31291009
31291010
31291011
31291012
31291013
31291014
31291015
31291016
31291017
31291018
31291019
31291020
31291021
31291022
31291023
31291024
31291025
31291100
31291101
31291102
31291103
31291104
31291105
31291106
31291107
31291108
31291109
31291110
31291111
31291112
31291113
31291114
31291115
31291116
31291117
31291118
31291119
31291120
31291121
31291122
31291123
31291124
31291125
31291200
31291201
31291202
31291203
31291204
31291205
31291206
31291207
31291208
31291209
31291210
31291211
31291212
31291213
31291214
31291215
31291216
31291217
31291218
31291219
31291220
31291221
31291222
31291223
31291224
31291225
31300000
31300001
31300002
31300003
31300004
31300005
31300006
31300007
31300008
31300009
31300010
31300011
31300012
31300013
31300014
31300015
31300016
31300017
31300018
31300019
31300020
31300021
31300022
31300023
31300024
31300025
31300100
31300101
31300102
31300103
31300104
31300105
31300106
31300107
31300108
31300109
31300110
31300111
31300112
31300113
31300114
31300115
31300116
31300117
31300118
31300119
31300120
31300121
31300122
31300123
31300124
31300125
31300200
31300201
31300202
31300203
31300204
31300205
31300206
31300207
31300208
31300209
31300210
31300211
31300212
31300213
31300214
31300215
31300216
31300217
31300218
31300219
31300220
31300221
31300222
31300223
31300224
31300225
31300300
31300301
31300302
31300303
31300304
31300305
31300306
31300307
31300308
31300309
31300310
31300311
31300312
31300313
31300314
31300315
31300316
31300317
31300318
31300319
31300320
31300321
31300322
31300323
31300324
31300325
31300400
31300401
31300402
31300403
31300404
31300405
31300406
31300407
31300408
31300409
31300410
31300411
31300412
31300413
31300414
31300415
31300416
31300417
31300418
31300419
31300420
31300421
31300422
31300423
31300424
31300425
31300500
31300501
31300502
31300503
31300504
31300505
31300506
31300507
31300508
31300509
31300510
31300511
31300512
31300513
31300514
31300515
31300516
31300517
31300518
31300519
31300520
31300521
31300522
31300523
31300524
31300525
31300600
31300601
31300602
31300603
31300604
31300605
31300606
31300607
31300608
31300609
31300610
31300611
31300612
31300613
31300614
31300615
31300616
31300617
31300618
31300619
31300620
31300621
31300622
31300623
31300624
31300625
31300700
31300701
31300702
31300703
31300704
31300705
31300706
31300707
31300708
31300709
31300710
31300711
31300712
31300713
31300714
31300715
31300716
31300717
31300718
31300719
31300720
31300721
31300722
31300723
31300724
31300725
31300800
31300801
31300802
31300803
31300804
31300805
31300806
31300807
31300808
31300809
31300810
31300811
31300812
31300813
31300814
31300815
31300816
31300817
31300818
31300819
31300820
31300821
31300822
31300823
31300824
31300825
31300900
31300901
31300902
31300903
31300904
31300905
31300906
31300907
31300908
31300909
31300910
31300911
31300912
31300913
31300914
31300915
31300916
31300917
31300918
31300919
31300920
31300921
31300922
31300923
31300924
31300925
31301000
31301001
31301002
31301003
31301004
31301005
31301006
31301007
31301008
31301009
31301010
31301011
31301012
31301013
31301014
31301015
31301016
31301017
31301018
31301019
31301020
31301021
31301022
31301023
31301024
31301025
31301100
31301101
31301102
31301103
31301104
31301105
31301106
31301107
31301108
31301109
31301110
31301111
31301112
31301113
31301114
31301115
31301116
31301117
31301118
31301119
31301120
31301121
31301122
31301123
31301124
31301125
31301200
31301201
31301202
31301203
31301204
31301205
31301206
31301207
31301208
31301209
31301210
31301211
31301212
31301213
31301214
31301215
31301216
31301217
31301218
31301219
31301220
31301221
31301222
31301223
31301224
31301225
31310000
31310001
31310002
31310003
31310004
31310005
31310006
31310007
31310008
31310009
31310010
31310011
31310012
31310013
31310014
31310015
31310016
31310017
31310018
31310019
31310020
31310021
31310022
31310023
31310024
31310025
31310100
31310101
31310102
31310103
31310104
31310105
31310106
31310107
31310108
31310109
31310110
31310111
31310112
31310113
31310114
31310115
31310116
31310117
31310118
31310119
31310120
31310121
31310122
31310123
31310124
31310125
31310200
31310201
31310202
31310203
31310204
31310205
31310206
31310207
31310208
31310209
31310210
31310211
31310212
31310213
31310214
31310215
31310216
31310217
31310218
31310219
31310220
31310221
31310222
31310223
31310224
31310225
31310300
31310301
31310302
31310303
31310304
31310305
31310306
31310307
31310308
31310309
31310310
31310311
31310312
31310313
31310314
31310315
31310316
31310317
31310318
31310319
31310320
31310321
31310322
31310323
31310324
31310325
31310400
31310401
31310402
31310403
31310404
31310405
31310406
31310407
31310408
31310409
31310410
31310411
31310412
31310413
31310414
31310415
31310416
31310417
31310418
31310419
31310420
31310421
31310422
31310423
31310424
31310425
31310500
31310501
31310502
31310503
31310504
31310505
31310506
31310507
31310508
31310509
31310510
31310511
31310512
31310513
31310514
31310515
31310516
31310517
31310518
31310519
31310520
31310521
31310522
31310523
31310524
31310525
31310600
31310601
31310602
31310603
31310604
31310605
31310606
31310607
31310608
31310609
31310610
31310611
31310612
31310613
31310614
31310615
31310616
31310617
31310618
31310619
31310620
31310621
31310622
31310623
31310624
31310625
31310700
31310701
31310702
31310703
31310704
31310705
31310706
31310707
31310708
31310709
31310710
31310711
31310712
31310713
31310714
31310715
31310716
31310717
31310718
31310719
31310720
31310721
31310722
31310723
31310724
31310725
31310800
31310801
31310802
31310803
31310804
31310805
31310806
31310807
31310808
31310809
31310810
31310811
31310812
31310813
31310814
31310815
31310816
31310817
31310818
31310819
31310820
31310821
31310822
31310823
31310824
31310825
31310900
31310901
31310902
31310903
31310904
31310905
31310906
31310907
31310908
31310909
31310910
31310911
31310912
31310913
31310914
31310915
31310916
31310917
31310918
31310919
31310920
31310921
31310922
31310923
31310924
31310925
31311000
31311001
31311002
31311003
31311004
31311005
31311006
31311007
31311008
31311009
31311010
31311011
31311012
31311013
31311014
31311015
31311016
31311017
31311018
31311019
31311020
31311021
31311022
31311023
31311024
31311025
31311100
31311101
31311102
31311103
31311104
31311105
31311106
31311107
31311108
31311109
31311110
31311111
31311112
31311113
31311114
31311115
31311116
31311117
31311118
31311119
31311120
31311121
31311122
31311123
31311124
31311125
31311200
31311201
31311202
31311203
31311204
31311205
31311206
31311207
31311208
31311209
31311210
31311211
31311212
31311213
31311214
31311215
31311216
31311217
31311218
31311219
31311220
31311221
31311222
31311223
31311224
31311225
31320000
31320001
31320002
31320003
31320004
31320005
31320006
31320007
31320008
31320009
31320010
31320011
31320012
31320013
31320014
31320015
31320016
31320017
31320018
31320019
31320020
31320021
31320022
31320023
31320024
31320025
31320100
31320101
31320102
31320103
31320104
31320105
31320106
31320107
31320108
31320109
31320110
31320111
31320112
31320113
31320114
31320115
31320116
31320117
31320118
31320119
31320120
31320121
31320122
31320123
31320124
31320125
31320200
31320201
31320202
31320203
31320204
31320205
31320206
31320207
31320208
31320209
31320210
31320211
31320212
31320213
31320214
31320215
31320216
31320217
31320218
31320219
31320220
31320221
31320222
31320223
31320224
31320225
31320300
31320301
31320302
31320303
31320304
31320305
31320306
31320307
31320308
31320309
31320310
31320311
31320312
31320313
31320314
31320315
31320316
31320317
31320318
31320319
31320320
31320321
31320322
31320323
31320324
31320325
31320400
31320401
31320402
31320403
31320404
31320405
31320406
31320407
31320408
31320409
31320410
31320411
31320412
31320413
31320414
31320415
31320416
31320417
31320418
31320419
31320420
31320421
31320422
31320423
31320424
31320425
31320500
31320501
31320502
31320503
31320504
31320505
31320506
31320507
31320508
31320509
31320510
31320511
31320512
31320513
31320514
31320515
31320516
31320517
31320518
31320519
31320520
31320521
31320522
31320523
31320524
31320525
31320600
31320601
31320602
31320603
31320604
31320605
31320606
31320607
31320608
31320609
31320610
31320611
31320612
31320613
31320614
31320615
31320616
31320617
31320618
31320619
31320620
31320621
31320622
31320623
31320624
31320625
31320700
31320701
31320702
31320703
31320704
31320705
31320706
31320707
31320708
31320709
31320710
31320711
31320712
31320713
31320714
31320715
31320716
31320717
31320718
31320719
31320720
31320721
31320722
31320723
31320724
31320725
31320800
31320801
31320802
31320803
31320804
31320805
31320806
31320807
31320808
31320809
31320810
31320811
31320812
31320813
31320814
31320815
31320816
31320817
31320818
31320819
31320820
31320821
31320822
31320823
31320824
31320825
31320900
31320901
31320902
31320903
31320904
31320905
31320906
31320907
31320908
31320909
31320910
31320911
31320912
31320913
31320914
31320915
31320916
31320917
31320918
31320919
31320920
31320921
31320922
31320923
31320924
31320925
31321000
31321001
31321002
31321003
31321004
31321005
31321006
31321007
31321008
31321009
31321010
31321011
31321012
31321013
31321014
31321015
31321016
31321017
31321018
31321019
31321020
31321021
31321022
31321023
31321024
31321025
31321100
31321101
31321102
31321103
31321104
31321105
31321106
31321107
31321108
31321109
31321110
31321111
31321112
31321113
31321114
31321115
31321116
31321117
31321118
31321119
31321120
31321121
31321122
31321123
31321124
31321125
31321200
31321201
31321202
31321203
31321204
31321205
31321206
31321207
31321208
31321209
31321210
31321211
31321212
31321213
31321214
31321215
31321216
31321217
31321218
31321219
31321220
31321221
31321222
31321223
31321224
31321225
31330000
31330001
31330002
31330003
31330004
31330005
31330006
31330007
31330008
31330009
31330010
31330011
31330012
31330013
31330014
31330015
31330016
31330017
31330018
31330019
31330020
31330021
31330022
31330023
31330024
31330025
31330100
31330101
31330102
31330103
31330104
31330105
31330106
31330107
31330108
31330109
31330110
31330111
31330112
31330113
31330114
31330115
31330116
31330117
31330118
31330119
31330120
31330121
31330122
31330123
31330124
31330125
31330200
31330201
31330202
31330203
31330204
31330205
31330206
31330207
31330208
31330209
31330210
31330211
31330212
31330213
31330214
31330215
31330216
31330217
31330218
31330219
31330220
31330221
31330222
31330223
31330224
31330225
31330300
31330301
31330302
31330303
31330304
31330305
31330306
31330307
31330308
31330309
31330310
31330311
31330312
31330313
31330314
31330315
31330316
31330317
31330318
31330319
31330320
31330321
31330322
31330323
31330324
31330325
31330400
31330401
31330402
31330403
31330404
31330405
31330406
31330407
31330408
31330409
31330410
31330411
31330412
31330413
31330414
31330415
31330416
31330417
31330418
31330419
31330420
31330421
31330422
31330423
31330424
31330425
31330500
31330501
31330502
31330503
31330504
31330505
31330506
31330507
31330508
31330509
31330510
31330511
31330512
31330513
31330514
31330515
31330516
31330517
31330518
31330519
31330520
31330521
31330522
31330523
31330524
31330525
31330600
31330601
31330602
31330603
31330604
31330605
31330606
31330607
31330608
31330609
31330610
31330611
31330612
31330613
31330614
31330615
31330616
31330617
31330618
31330619
31330620
31330621
31330622
31330623
31330624
31330625
31330700
31330701
31330702
31330703
31330704
31330705
31330706
31330707
31330708
31330709
31330710
31330711
31330712
31330713
31330714
31330715
31330716
31330717
31330718
31330719
31330720
31330721
31330722
31330723
31330724
31330725
31330800
31330801
31330802
31330803
31330804
31330805
31330806
31330807
31330808
31330809
31330810
31330811
31330812
31330813
31330814
31330815
31330816
31330817
31330818
31330819
31330820
31330821
31330822
31330823
31330824
31330825
31330900
31330901
31330902
31330903
31330904
31330905
31330906
31330907
31330908
31330909
31330910
31330911
31330912
31330913
31330914
31330915
31330916
31330917
31330918
31330919
31330920
31330921
31330922
31330923
31330924
31330925
31331000
31331001
31331002
31331003
31331004
31331005
31331006
31331007
31331008
31331009
31331010
31331011
31331012
31331013
31331014
31331015
31331016
31331017
31331018
31331019
31331020
31331021
31331022
31331023
31331024
31331025
31331100
31331101
31331102
31331103
31331104
31331105
31331106
31331107
31331108
31331109
31331110
31331111
31331112
31331113
31331114
31331115
31331116
31331117
31331118
31331119
31331120
31331121
31331122
31331123
31331124
31331125
31331200
31331201
31331202
31331203
31331204
31331205
31331206
31331207
31331208
31331209
31331210
31331211
31331212
31331213
31331214
31331215
31331216
31331217
31331218
31331219
31331220
31331221
31331222
31331223
31331224
31331225
31340000
31340001
31340002
31340003
31340004
31340005
31340006
31340007
31340008
31340009
31340010
31340011
31340012
31340013
31340014
31340015
31340016
31340017
31340018
31340019
31340020
31340021
31340022
31340023
31340024
31340025
31340100
31340101
31340102
31340103
31340104
31340105
31340106
31340107
31340108
31340109
31340110
31340111
31340112
31340113
31340114
31340115
31340116
31340117
31340118
31340119
31340120
31340121
31340122
31340123
31340124
31340125
31340200
31340201
31340202
31340203
31340204
31340205
31340206
31340207
31340208
31340209
31340210
31340211
31340212
31340213
31340214
31340215
31340216
31340217
31340218
31340219
31340220
31340221
31340222
31340223
31340224
31340225
31340300
31340301
31340302
31340303
31340304
31340305
31340306
31340307
31340308
31340309
31340310
31340311
31340312
31340313
31340314
31340315
31340316
31340317
31340318
31340319
31340320
31340321
31340322
31340323
31340324
31340325
31340400
31340401
31340402
31340403
31340404
31340405
31340406
31340407
31340408
31340409
31340410
31340411
31340412
31340413
31340414
31340415
31340416
31340417
31340418
31340419
31340420
31340421
31340422
31340423
31340424
31340425
31340500
31340501
31340502
31340503
31340504
31340505
31340506
31340507
31340508
31340509
31340510
31340511
31340512
31340513
31340514
31340515
31340516
31340517
31340518
31340519
31340520
31340521
31340522
31340523
31340524
31340525
31340600
31340601
31340602
31340603
31340604
31340605
31340606
31340607
31340608
31340609
31340610
31340611
31340612
31340613
31340614
31340615
31340616
31340617
31340618
31340619
31340620
31340621
31340622
31340623
31340624
31340625
31340700
31340701
31340702
31340703
31340704
31340705
31340706
31340707
31340708
31340709
31340710
31340711
31340712
31340713
31340714
31340715
31340716
31340717
31340718
31340719
31340720
31340721
31340722
31340723
31340724
31340725
31340800
31340801
31340802
31340803
31340804
31340805
31340806
31340807
31340808
31340809
31340810
31340811
31340812
31340813
31340814
31340815
31340816
31340817
31340818
31340819
31340820
31340821
31340822
31340823
31340824
31340825
31340900
31340901
31340902
31340903
31340904
31340905
31340906
31340907
31340908
31340909
31340910
31340911
31340912
31340913
31340914
31340915
31340916
31340917
31340918
31340919
31340920
31340921
31340922
31340923
31340924
31340925
31341000
31341001
31341002
31341003
31341004
31341005
31341006
31341007
31341008
31341009
31341010
31341011
31341012
31341013
31341014
31341015
31341016
31341017
31341018
31341019
31341020
31341021
31341022
31341023
31341024
31341025
31341100
31341101
31341102
31341103
31341104
31341105
31341106
31341107
31341108
31341109
31341110
31341111
31341112
31341113
31341114
31341115
31341116
31341117
31341118
31341119
31341120
31341121
31341122
31341123
31341124
31341125
31341200
31341201
31341202
31341203
31341204
31341205
31341206
31341207
31341208
31341209
31341210
31341211
31341212
31341213
31341214
31341215
31341216
31341217
31341218
31341219
31341220
31341221
31341222
31341223
31341224
31341225
31500000
31500001
31500002
31500003
31500004
31500005
31500006
31500007
31500008
31500009
31500010
31500011
31500012
31500013
31500014
31500015
31500016
31500017
31500018
31500019
31500020
31500021
31500022
31500023
31500024
31500025
31500100
31500101
31500102
31500103
31500104
31500105
31500106
31500107
31500108
31500109
31500110
31500111
31500112
31500113
31500114
31500115
31500116
31500117
31500118
31500119
31500120
31500121
31500122
31500123
31500124
31500125
31500200
31500201
31500202
31500203
31500204
31500205
31500206
31500207
31500208
31500209
31500210
31500211
31500212
31500213
31500214
31500215
31500216
31500217
31500218
31500219
31500220
31500221
31500222
31500223
31500224
31500225
31500300
31500301
31500302
31500303
31500304
31500305
31500306
31500307
31500308
31500309
31500310
31500311
31500312
31500313
31500314
31500315
31500316
31500317
31500318
31500319
31500320
31500321
31500322
31500323
31500324
31500325
31500400
31500401
31500402
31500403
31500404
31500405
31500406
31500407
31500408
31500409
31500410
31500411
31500412
31500413
31500414
31500415
31500416
31500417
31500418
31500419
31500420
31500421
31500422
31500423
31500424
31500425
31500500
31500501
31500502
31500503
31500504
31500505
31500506
31500507
31500508
31500509
31500510
31500511
31500512
31500513
31500514
31500515
31500516
31500517
31500518
31500519
31500520
31500521
31500522
31500523
31500524
31500525
31500600
31500601
31500602
31500603
31500604
31500605
31500606
31500607
31500608
31500609
31500610
31500611
31500612
31500613
31500614
31500615
31500616
31500617
31500618
31500619
31500620
31500621
31500622
31500623
31500624
31500625
31500700
31500701
31500702
31500703
31500704
31500705
31500706
31500707
31500708
31500709
31500710
31500711
31500712
31500713
31500714
31500715
31500716
31500717
31500718
31500719
31500720
31500721
31500722
31500723
31500724
31500725
31500800
31500801
31500802
31500803
31500804
31500805
31500806
31500807
31500808
31500809
31500810
31500811
31500812
31500813
31500814
31500815
31500816
31500817
31500818
31500819
31500820
31500821
31500822
31500823
31500824
31500825
31500900
31500901
31500902
31500903
31500904
31500905
31500906
31500907
31500908
31500909
31500910
31500911
31500912
31500913
31500914
31500915
31500916
31500917
31500918
31500919
31500920
31500921
31500922
31500923
31500924
31500925
31501000
31501001
31501002
31501003
31501004
31501005
31501006
31501007
31501008
31501009
31501010
31501011
31501012
31501013
31501014
31501015
31501016
31501017
31501018
31501019
31501020
31501021
31501022
31501023
31501024
31501025
31501100
31501101
31501102
31501103
31501104
31501105
31501106
31501107
31501108
31501109
31501110
31501111
31501112
31501113
31501114
31501115
31501116
31501117
31501118
31501119
31501120
31501121
31501122
31501123
31501124
31501125
31501200
31501201
31501202
31501203
31501204
31501205
31501206
31501207
31501208
31501209
31501210
31501211
31501212
31501213
31501214
31501215
31501216
31501217
31501218
31501219
31501220
31501221
31501222
31501223
31501224
31501225
31510000
31510001
31510002
31510003
31510004
31510005
31510006
31510007
31510008
31510009
31510010
31510011
31510012
31510013
31510014
31510015
31510016
31510017
31510018
31510019
31510020
31510021
31510022
31510023
31510024
31510025
31510100
31510101
31510102
31510103
31510104
31510105
31510106
31510107
31510108
31510109
31510110
31510111
31510112
31510113
31510114
31510115
31510116
31510117
31510118
31510119
31510120
31510121
31510122
31510123
31510124
31510125
31510200
31510201
31510202
31510203
31510204
31510205
31510206
31510207
31510208
31510209
31510210
31510211
31510212
31510213
31510214
31510215
31510216
31510217
31510218
31510219
31510220
31510221
31510222
31510223
31510224
31510225
31510300
31510301
31510302
31510303
31510304
31510305
31510306
31510307
31510308
31510309
31510310
31510311
31510312
31510313
31510314
31510315
31510316
31510317
31510318
31510319
31510320
31510321
31510322
31510323
31510324
31510325
31510400
31510401
31510402
31510403
31510404
31510405
31510406
31510407
31510408
31510409
31510410
31510411
31510412
31510413
31510414
31510415
31510416
31510417
31510418
31510419
31510420
31510421
31510422
31510423
31510424
31510425
31510500
31510501
31510502
31510503
31510504
31510505
31510506
31510507
31510508
31510509
31510510
31510511
31510512
31510513
31510514
31510515
31510516
31510517
31510518
31510519
31510520
31510521
31510522
31510523
31510524
31510525
31510600
31510601
31510602
31510603
31510604
31510605
31510606
31510607
31510608
31510609
31510610
31510611
31510612
31510613
31510614
31510615
31510616
31510617
31510618
31510619
31510620
31510621
31510622
31510623
31510624
31510625
31510700
31510701
31510702
31510703
31510704
31510705
31510706
31510707
31510708
31510709
31510710
31510711
31510712
31510713
31510714
31510715
31510716
31510717
31510718
31510719
31510720
31510721
31510722
31510723
31510724
31510725
31510800
31510801
31510802
31510803
31510804
31510805
31510806
31510807
31510808
31510809
31510810
31510811
31510812
31510813
31510814
31510815
31510816
31510817
31510818
31510819
31510820
31510821
31510822
31510823
31510824
31510825
31510900
31510901
31510902
31510903
31510904
31510905
31510906
31510907
31510908
31510909
31510910
31510911
31510912
31510913
31510914
31510915
31510916
31510917
31510918
31510919
31510920
31510921
31510922
31510923
31510924
31510925
31511000
31511001
31511002
31511003
31511004
31511005
31511006
31511007
31511008
31511009
31511010
31511011
31511012
31511013
31511014
31511015
31511016
31511017
31511018
31511019
31511020
31511021
31511022
31511023
31511024
31511025
31511100
31511101
31511102
31511103
31511104
31511105
31511106
31511107
31511108
31511109
31511110
31511111
31511112
31511113
31511114
31511115
31511116
31511117
31511118
31511119
31511120
31511121
31511122
31511123
31511124
31511125
31511200
31511201
31511202
31511203
31511204
31511205
31511206
31511207
31511208
31511209
31511210
31511211
31511212
31511213
31511214
31511215
31511216
31511217
31511218
31511219
31511220
31511221
31511222
31511223
31511224
31511225
31520000
31520001
31520002
31520003
31520004
31520005
31520006
31520007
31520008
31520009
31520010
31520011
31520012
31520013
31520014
31520015
31520016
31520017
31520018
31520019
31520020
31520021
31520022
31520023
31520024
31520025
31520100
31520101
31520102
31520103
31520104
31520105
31520106
31520107
31520108
31520109
31520110
31520111
31520112
31520113
31520114
31520115
31520116
31520117
31520118
31520119
31520120
31520121
31520122
31520123
31520124
31520125
31520200
31520201
31520202
31520203
31520204
31520205
31520206
31520207
31520208
31520209
31520210
31520211
31520212
31520213
31520214
31520215
31520216
31520217
31520218
31520219
31520220
31520221
31520222
31520223
31520224
31520225
31520300
31520301
31520302
31520303
31520304
31520305
31520306
31520307
31520308
31520309
31520310
31520311
31520312
31520313
31520314
31520315
31520316
31520317
31520318
31520319
31520320
31520321
31520322
31520323
31520324
31520325
31520400
31520401
31520402
31520403
31520404
31520405
31520406
31520407
31520408
31520409
31520410
31520411
31520412
31520413
31520414
31520415
31520416
31520417
31520418
31520419
31520420
31520421
31520422
31520423
31520424
31520425
31520500
31520501
31520502
31520503
31520504
31520505
31520506
31520507
31520508
31520509
31520510
31520511
31520512
31520513
31520514
31520515
31520516
31520517
31520518
31520519
31520520
31520521
31520522
31520523
31520524
31520525
31520600
31520601
31520602
31520603
31520604
31520605
31520606
31520607
31520608
31520609
31520610
31520611
31520612
31520613
31520614
31520615
31520616
31520617
31520618
31520619
31520620
31520621
31520622
31520623
31520624
31520625
31520700
31520701
31520702
31520703
31520704
31520705
31520706
31520707
31520708
31520709
31520710
31520711
31520712
31520713
31520714
31520715
31520716
31520717
31520718
31520719
31520720
31520721
31520722
31520723
31520724
31520725
31520800
31520801
31520802
31520803
31520804
31520805
31520806
31520807
31520808
31520809
31520810
31520811
31520812
31520813
31520814
31520815
31520816
31520817
31520818
31520819
31520820
31520821
31520822
31520823
31520824
31520825
31520900
31520901
31520902
31520903
31520904
31520905
31520906
31520907
31520908
31520909
31520910
31520911
31520912
31520913
31520914
31520915
31520916
31520917
31520918
31520919
31520920
31520921
31520922
31520923
31520924
31520925
31521000
31521001
31521002
31521003
31521004
31521005
31521006
31521007
31521008
31521009
31521010
31521011
31521012
31521013
31521014
31521015
31521016
31521017
31521018
31521019
31521020
31521021
31521022
31521023
31521024
31521025
31521100
31521101
31521102
31521103
31521104
31521105
31521106
31521107
31521108
31521109
31521110
31521111
31521112
31521113
31521114
31521115
31521116
31521117
31521118
31521119
31521120
31521121
31521122
31521123
31521124
31521125
31521200
31521201
31521202
31521203
31521204
31521205
31521206
31521207
31521208
31521209
31521210
31521211
31521212
31521213
31521214
31521215
31521216
31521217
31521218
31521219
31521220
31521221
31521222
31521223
31521224
31521225
31530000
31530001
31530002
31530003
31530004
31530005
31530006
31530007
31530008
31530009
31530010
31530011
31530012
31530013
31530014
31530015
31530016
31530017
31530018
31530019
31530020
31530021
31530022
31530023
31530024
31530025
31690000
31690001
31690002
31690003
31690004
31690005
31690006
31690007
31690008
31690009
31690010
31690011
31690012
31690013
31690014
31690015
31690016
31690017
31690018
31690019
31690020
31690021
31690022
31690023
31690024
31690025
32000000
32000001
32000002
32000003
32000004
32000005
32000006
32000007
32000008
32000009
32000010
32000011
32000012
32000013
32000014
32000015
32000016
32000017
32000018
32000019
32000020
32000021
32000022
32000023
32000024
32000025
32000100
32000101
32000102
32000103
32000104
32000105
32000106
32000107
32000108
32000109
32000110
32000111
32000112
32000113
32000114
32000115
32000116
32000117
32000118
32000119
32000120
32000121
32000122
32000123
32000124
32000125
32000200
32000201
32000202
32000203
32000204
32000205
32000206
32000207
32000208
32000209
32000210
32000211
32000212
32000213
32000214
32000215
32000216
32000217
32000218
32000219
32000220
32000221
32000222
32000223
32000224
32000225
32000300
32000301
32000302
32000303
32000304
32000305
32000306
32000307
32000308
32000309
32000310
32000311
32000312
32000313
32000314
32000315
32000316
32000317
32000318
32000319
32000320
32000321
32000322
32000323
32000324
32000325
32000400
32000401
32000402
32000403
32000404
32000405
32000406
32000407
32000408
32000409
32000410
32000411
32000412
32000413
32000414
32000415
32000416
32000417
32000418
32000419
32000420
32000421
32000422
32000423
32000424
32000425
32000500
32000501
32000502
32000503
32000504
32000505
32000506
32000507
32000508
32000509
32000510
32000511
32000512
32000513
32000514
32000515
32000516
32000517
32000518
32000519
32000520
32000521
32000522
32000523
32000524
32000525
32000600
32000601
32000602
32000603
32000604
32000605
32000606
32000607
32000608
32000609
32000610
32000611
32000612
32000613
32000614
32000615
32000616
32000617
32000618
32000619
32000620
32000621
32000622
32000623
32000624
32000625
32000700
32000701
32000702
32000703
32000704
32000705
32000706
32000707
32000708
32000709
32000710
32000711
32000712
32000713
32000714
32000715
32000716
32000717
32000718
32000719
32000720
32000721
32000722
32000723
32000724
32000725
32000800
32000801
32000802
32000803
32000804
32000805
32000806
32000807
32000808
32000809
32000810
32000811
32000812
32000813
32000814
32000815
32000816
32000817
32000818
32000819
32000820
32000821
32000822
32000823
32000824
32000825
32000900
32000901
32000902
32000903
32000904
32000905
32000906
32000907
32000908
32000909
32000910
32000911
32000912
32000913
32000914
32000915
32000916
32000917
32000918
32000919
32000920
32000921
32000922
32000923
32000924
32000925
32001000
32001001
32001002
32001003
32001004
32001005
32001006
32001007
32001008
32001009
32001010
32001011
32001012
32001013
32001014
32001015
32001016
32001017
32001018
32001019
32001020
32001021
32001022
32001023
32001024
32001025
32001100
32001101
32001102
32001103
32001104
32001105
32001106
32001107
32001108
32001109
32001110
32001111
32001112
32001113
32001114
32001115
32001116
32001117
32001118
32001119
32001120
32001121
32001122
32001123
32001124
32001125
32001200
32001201
32001202
32001203
32001204
32001205
32001206
32001207
32001208
32001209
32001210
32001211
32001212
32001213
32001214
32001215
32001216
32001217
32001218
32001219
32001220
32001221
32001222
32001223
32001224
32001225
32020000
32020001
32020002
32020003
32020004
32020005
32020006
32020007
32020008
32020009
32020010
32020011
32020012
32020013
32020014
32020015
32020016
32020017
32020018
32020019
32020020
32020021
32020022
32020023
32020024
32020025
32020100
32020101
32020102
32020103
32020104
32020105
32020106
32020107
32020108
32020109
32020110
32020111
32020112
32020113
32020114
32020115
32020116
32020117
32020118
32020119
32020120
32020121
32020122
32020123
32020124
32020125
32020200
32020201
32020202
32020203
32020204
32020205
32020206
32020207
32020208
32020209
32020210
32020211
32020212
32020213
32020214
32020215
32020216
32020217
32020218
32020219
32020220
32020221
32020222
32020223
32020224
32020225
32020300
32020301
32020302
32020303
32020304
32020305
32020306
32020307
32020308
32020309
32020310
32020311
32020312
32020313
32020314
32020315
32020316
32020317
32020318
32020319
32020320
32020321
32020322
32020323
32020324
32020325
32020400
32020401
32020402
32020403
32020404
32020405
32020406
32020407
32020408
32020409
32020410
32020411
32020412
32020413
32020414
32020415
32020416
32020417
32020418
32020419
32020420
32020421
32020422
32020423
32020424
32020425
32020500
32020501
32020502
32020503
32020504
32020505
32020506
32020507
32020508
32020509
32020510
32020511
32020512
32020513
32020514
32020515
32020516
32020517
32020518
32020519
32020520
32020521
32020522
32020523
32020524
32020525
32020600
32020601
32020602
32020603
32020604
32020605
32020606
32020607
32020608
32020609
32020610
32020611
32020612
32020613
32020614
32020615
32020616
32020617
32020618
32020619
32020620
32020621
32020622
32020623
32020624
32020625
32020700
32020701
32020702
32020703
32020704
32020705
32020706
32020707
32020708
32020709
32020710
32020711
32020712
32020713
32020714
32020715
32020716
32020717
32020718
32020719
32020720
32020721
32020722
32020723
32020724
32020725
32020800
32020801
32020802
32020803
32020804
32020805
32020806
32020807
32020808
32020809
32020810
32020811
32020812
32020813
32020814
32020815
32020816
32020817
32020818
32020819
32020820
32020821
32020822
32020823
32020824
32020825
32020900
32020901
32020902
32020903
32020904
32020905
32020906
32020907
32020908
32020909
32020910
32020911
32020912
32020913
32020914
32020915
32020916
32020917
32020918
32020919
32020920
32020921
32020922
32020923
32020924
32020925
32021000
32021001
32021002
32021003
32021004
32021005
32021006
32021007
32021008
32021009
32021010
32021011
32021012
32021013
32021014
32021015
32021016
32021017
32021018
32021019
32021020
32021021
32021022
32021023
32021024
32021025
32021100
32021101
32021102
32021103
32021104
32021105
32021106
32021107
32021108
32021109
32021110
32021111
32021112
32021113
32021114
32021115
32021116
32021117
32021118
32021119
32021120
32021121
32021122
32021123
32021124
32021125
32021200
32021201
32021202
32021203
32021204
32021205
32021206
32021207
32021208
32021209
32021210
32021211
32021212
32021213
32021214
32021215
32021216
32021217
32021218
32021219
32021220
32021221
32021222
32021223
32021224
32021225
32030000
32030001
32030002
32030003
32030004
32030005
32030006
32030007
32030008
32030009
32030010
32030011
32030012
32030013
32030014
32030015
32030016
32030017
32030018
32030019
32030020
32030021
32030022
32030023
32030024
32030025
32040000
32040001
32040002
32040003
32040004
32040005
32040006
32040007
32040008
32040009
32040010
32040011
32040012
32040013
32040014
32040015
32040016
32040017
32040018
32040019
32040020
32040021
32040022
32040023
32040024
32040025
32050000
32050001
32050002
32050003
32050004
32050005
32050006
32050007
32050008
32050009
32050010
32050011
32050012
32050013
32050014
32050015
32050016
32050017
32050018
32050019
32050020
32050021
32050022
32050023
32050024
32050025
32050100
32050101
32050102
32050103
32050104
32050105
32050106
32050107
32050108
32050109
32050110
32050111
32050112
32050113
32050114
32050115
32050116
32050117
32050118
32050119
32050120
32050121
32050122
32050123
32050124
32050125
32050200
32050201
32050202
32050203
32050204
32050205
32050206
32050207
32050208
32050209
32050210
32050211
32050212
32050213
32050214
32050215
32050216
32050217
32050218
32050219
32050220
32050221
32050222
32050223
32050224
32050225
32050300
32050301
32050302
32050303
32050304
32050305
32050306
32050307
32050308
32050309
32050310
32050311
32050312
32050313
32050314
32050315
32050316
32050317
32050318
32050319
32050320
32050321
32050322
32050323
32050324
32050325
32050400
32050401
32050402
32050403
32050404
32050405
32050406
32050407
32050408
32050409
32050410
32050411
32050412
32050413
32050414
32050415
32050416
32050417
32050418
32050419
32050420
32050421
32050422
32050423
32050424
32050425
32050500
32050501
32050502
32050503
32050504
32050505
32050506
32050507
32050508
32050509
32050510
32050511
32050512
32050513
32050514
32050515
32050516
32050517
32050518
32050519
32050520
32050521
32050522
32050523
32050524
32050525
32050600
32050601
32050602
32050603
32050604
32050605
32050606
32050607
32050608
32050609
32050610
32050611
32050612
32050613
32050614
32050615
32050616
32050617
32050618
32050619
32050620
32050621
32050622
32050623
32050624
32050625
32050700
32050701
32050702
32050703
32050704
32050705
32050706
32050707
32050708
32050709
32050710
32050711
32050712
32050713
32050714
32050715
32050716
32050717
32050718
32050719
32050720
32050721
32050722
32050723
32050724
32050725
32050800
32050801
32050802
32050803
32050804
32050805
32050806
32050807
32050808
32050809
32050810
32050811
32050812
32050813
32050814
32050815
32050816
32050817
32050818
32050819
32050820
32050821
32050822
32050823
32050824
32050825
32050900
32050901
32050902
32050903
32050904
32050905
32050906
32050907
32050908
32050909
32050910
32050911
32050912
32050913
32050914
32050915
32050916
32050917
32050918
32050919
32050920
32050921
32050922
32050923
32050924
32050925
32051000
32051001
32051002
32051003
32051004
32051005
32051006
32051007
32051008
32051009
32051010
32051011
32051012
32051013
32051014
32051015
32051016
32051017
32051018
32051019
32051020
32051021
32051022
32051023
32051024
32051025
32051100
32051101
32051102
32051103
32051104
32051105
32051106
32051107
32051108
32051109
32051110
32051111
32051112
32051113
32051114
32051115
32051116
32051117
32051118
32051119
32051120
32051121
32051122
32051123
32051124
32051125
32051200
32051201
32051202
32051203
32051204
32051205
32051206
32051207
32051208
32051209
32051210
32051211
32051212
32051213
32051214
32051215
32051216
32051217
32051218
32051219
32051220
32051221
32051222
32051223
32051224
32051225
32080000
32080001
32080002
32080003
32080004
32080005
32080006
32080007
32080008
32080009
32080010
32080011
32080012
32080013
32080014
32080015
32080016
32080017
32080018
32080019
32080020
32080021
32080022
32080023
32080024
32080025
32090000
32090001
32090002
32090003
32090004
32090005
32090006
32090007
32090008
32090009
32090010
32090011
32090012
32090013
32090014
32090015
32090016
32090017
32090018
32090019
32090020
32090021
32090022
32090023
32090024
32090025
32090100
32090101
32090102
32090103
32090104
32090105
32090106
32090107
32090108
32090109
32090110
32090111
32090112
32090113
32090114
32090115
32090116
32090117
32090118
32090119
32090120
32090121
32090122
32090123
32090124
32090125
32090200
32090201
32090202
32090203
32090204
32090205
32090206
32090207
32090208
32090209
32090210
32090211
32090212
32090213
32090214
32090215
32090216
32090217
32090218
32090219
32090220
32090221
32090222
32090223
32090224
32090225
32090300
32090301
32090302
32090303
32090304
32090305
32090306
32090307
32090308
32090309
32090310
32090311
32090312
32090313
32090314
32090315
32090316
32090317
32090318
32090319
32090320
32090321
32090322
32090323
32090324
32090325
32090400
32090401
32090402
32090403
32090404
32090405
32090406
32090407
32090408
32090409
32090410
32090411
32090412
32090413
32090414
32090415
32090416
32090417
32090418
32090419
32090420
32090421
32090422
32090423
32090424
32090425
32090500
32090501
32090502
32090503
32090504
32090505
32090506
32090507
32090508
32090509
32090510
32090511
32090512
32090513
32090514
32090515
32090516
32090517
32090518
32090519
32090520
32090521
32090522
32090523
32090524
32090525
32090600
32090601
32090602
32090603
32090604
32090605
32090606
32090607
32090608
32090609
32090610
32090611
32090612
32090613
32090614
32090615
32090616
32090617
32090618
32090619
32090620
32090621
32090622
32090623
32090624
32090625
32090700
32090701
32090702
32090703
32090704
32090705
32090706
32090707
32090708
32090709
32090710
32090711
32090712
32090713
32090714
32090715
32090716
32090717
32090718
32090719
32090720
32090721
32090722
32090723
32090724
32090725
32090800
32090801
32090802
32090803
32090804
32090805
32090806
32090807
32090808
32090809
32090810
32090811
32090812
32090813
32090814
32090815
32090816
32090817
32090818
32090819
32090820
32090821
32090822
32090823
32090824
32090825
32090900
32090901
32090902
32090903
32090904
32090905
32090906
32090907
32090908
32090909
32090910
32090911
32090912
32090913
32090914
32090915
32090916
32090917
32090918
32090919
32090920
32090921
32090922
32090923
32090924
32090925
32091000
32091001
32091002
32091003
32091004
32091005
32091006
32091007
32091008
32091009
32091010
32091011
32091012
32091013
32091014
32091015
32091016
32091017
32091018
32091019
32091020
32091021
32091022
32091023
32091024
32091025
32091100
32091101
32091102
32091103
32091104
32091105
32091106
32091107
32091108
32091109
32091110
32091111
32091112
32091113
32091114
32091115
32091116
32091117
32091118
32091119
32091120
32091121
32091122
32091123
32091124
32091125
32091200
32091201
32091202
32091203
32091204
32091205
32091206
32091207
32091208
32091209
32091210
32091211
32091212
32091213
32091214
32091215
32091216
32091217
32091218
32091219
32091220
32091221
32091222
32091223
32091224
32091225
32120000
32120001
32120002
32120003
32120004
32120005
32120006
32120007
32120008
32120009
32120010
32120011
32120012
32120013
32120014
32120015
32120016
32120017
32120018
32120019
32120020
32120021
32120022
32120023
32120024
32120025
32130000
32130001
32130002
32130003
32130004
32130005
32130006
32130007
32130008
32130009
32130010
32130011
32130012
32130013
32130014
32130015
32130016
32130017
32130018
32130019
32130020
32130021
32130022
32130023
32130024
32130025
32130100
32130101
32130102
32130103
32130104
32130105
32130106
32130107
32130108
32130109
32130110
32130111
32130112
32130113
32130114
32130115
32130116
32130117
32130118
32130119
32130120
32130121
32130122
32130123
32130124
32130125
32130200
32130201
32130202
32130203
32130204
32130205
32130206
32130207
32130208
32130209
32130210
32130211
32130212
32130213
32130214
32130215
32130216
32130217
32130218
32130219
32130220
32130221
32130222
32130223
32130224
32130225
32130300
32130301
32130302
32130303
32130304
32130305
32130306
32130307
32130308
32130309
32130310
32130311
32130312
32130313
32130314
32130315
32130316
32130317
32130318
32130319
32130320
32130321
32130322
32130323
32130324
32130325
32130400
32130401
32130402
32130403
32130404
32130405
32130406
32130407
32130408
32130409
32130410
32130411
32130412
32130413
32130414
32130415
32130416
32130417
32130418
32130419
32130420
32130421
32130422
32130423
32130424
32130425
32130500
32130501
32130502
32130503
32130504
32130505
32130506
32130507
32130508
32130509
32130510
32130511
32130512
32130513
32130514
32130515
32130516
32130517
32130518
32130519
32130520
32130521
32130522
32130523
32130524
32130525
32130600
32130601
32130602
32130603
32130604
32130605
32130606
32130607
32130608
32130609
32130610
32130611
32130612
32130613
32130614
32130615
32130616
32130617
32130618
32130619
32130620
32130621
32130622
32130623
32130624
32130625
32130700
32130701
32130702
32130703
32130704
32130705
32130706
32130707
32130708
32130709
32130710
32130711
32130712
32130713
32130714
32130715
32130716
32130717
32130718
32130719
32130720
32130721
32130722
32130723
32130724
32130725
32130800
32130801
32130802
32130803
32130804
32130805
32130806
32130807
32130808
32130809
32130810
32130811
32130812
32130813
32130814
32130815
32130816
32130817
32130818
32130819
32130820
32130821
32130822
32130823
32130824
32130825
32130900
32130901
32130902
32130903
32130904
32130905
32130906
32130907
32130908
32130909
32130910
32130911
32130912
32130913
32130914
32130915
32130916
32130917
32130918
32130919
32130920
32130921
32130922
32130923
32130924
32130925
32131000
32131001
32131002
32131003
32131004
32131005
32131006
32131007
32131008
32131009
32131010
32131011
32131012
32131013
32131014
32131015
32131016
32131017
32131018
32131019
32131020
32131021
32131022
32131023
32131024
32131025
32131100
32131101
32131102
32131103
32131104
32131105
32131106
32131107
32131108
32131109
32131110
32131111
32131112
32131113
32131114
32131115
32131116
32131117
32131118
32131119
32131120
32131121
32131122
32131123
32131124
32131125
32131200
32131201
32131202
32131203
32131204
32131205
32131206
32131207
32131208
32131209
32131210
32131211
32131212
32131213
32131214
32131215
32131216
32131217
32131218
32131219
32131220
32131221
32131222
32131223
32131224
32131225
32140000
32140001
32140002
32140003
32140004
32140005
32140006
32140007
32140008
32140009
32140010
32140011
32140012
32140013
32140014
32140015
32140016
32140017
32140018
32140019
32140020
32140021
32140022
32140023
32140024
32140025
32150000
32150001
32150002
32150003
32150004
32150005
32150006
32150007
32150008
32150009
32150010
32150011
32150012
32150013
32150014
32150015
32150016
32150017
32150018
32150019
32150020
32150021
32150022
32150023
32150024
32150025
32160000
32160001
32160002
32160003
32160004
32160005
32160006
32160007
32160008
32160009
32160010
32160011
32160012
32160013
32160014
32160015
32160016
32160017
32160018
32160019
32160020
32160021
32160022
32160023
32160024
32160025
32170000
32170001
32170002
32170003
32170004
32170005
32170006
32170007
32170008
32170009
32170010
32170011
32170012
32170013
32170014
32170015
32170016
32170017
32170018
32170019
32170020
32170021
32170022
32170023
32170024
32170025
32170100
32170101
32170102
32170103
32170104
32170105
32170106
32170107
32170108
32170109
32170110
32170111
32170112
32170113
32170114
32170115
32170116
32170117
32170118
32170119
32170120
32170121
32170122
32170123
32170124
32170125
32170200
32170201
32170202
32170203
32170204
32170205
32170206
32170207
32170208
32170209
32170210
32170211
32170212
32170213
32170214
32170215
32170216
32170217
32170218
32170219
32170220
32170221
32170222
32170223
32170224
32170225
32170300
32170301
32170302
32170303
32170304
32170305
32170306
32170307
32170308
32170309
32170310
32170311
32170312
32170313
32170314
32170315
32170316
32170317
32170318
32170319
32170320
32170321
32170322
32170323
32170324
32170325
32170400
32170401
32170402
32170403
32170404
32170405
32170406
32170407
32170408
32170409
32170410
32170411
32170412
32170413
32170414
32170415
32170416
32170417
32170418
32170419
32170420
32170421
32170422
32170423
32170424
32170425
32170500
32170501
32170502
32170503
32170504
32170505
32170506
32170507
32170508
32170509
32170510
32170511
32170512
32170513
32170514
32170515
32170516
32170517
32170518
32170519
32170520
32170521
32170522
32170523
32170524
32170525
32170600
32170601
32170602
32170603
32170604
32170605
32170606
32170607
32170608
32170609
32170610
32170611
32170612
32170613
32170614
32170615
32170616
32170617
32170618
32170619
32170620
32170621
32170622
32170623
32170624
32170625
32170700
32170701
32170702
32170703
32170704
32170705
32170706
32170707
32170708
32170709
32170710
32170711
32170712
32170713
32170714
32170715
32170716
32170717
32170718
32170719
32170720
32170721
32170722
32170723
32170724
32170725
32170800
32170801
32170802
32170803
32170804
32170805
32170806
32170807
32170808
32170809
32170810
32170811
32170812
32170813
32170814
32170815
32170816
32170817
32170818
32170819
32170820
32170821
32170822
32170823
32170824
32170825
32170900
32170901
32170902
32170903
32170904
32170905
32170906
32170907
32170908
32170909
32170910
32170911
32170912
32170913
32170914
32170915
32170916
32170917
32170918
32170919
32170920
32170921
32170922
32170923
32170924
32170925
32171000
32171001
32171002
32171003
32171004
32171005
32171006
32171007
32171008
32171009
32171010
32171011
32171012
32171013
32171014
32171015
32171016
32171017
32171018
32171019
32171020
32171021
32171022
32171023
32171024
32171025
32171100
32171101
32171102
32171103
32171104
32171105
32171106
32171107
32171108
32171109
32171110
32171111
32171112
32171113
32171114
32171115
32171116
32171117
32171118
32171119
32171120
32171121
32171122
32171123
32171124
32171125
32171200
32171201
32171202
32171203
32171204
32171205
32171206
32171207
32171208
32171209
32171210
32171211
32171212
32171213
32171214
32171215
32171216
32171217
32171218
32171219
32171220
32171221
32171222
32171223
32171224
32171225
32190000
32190001
32190002
32190003
32190004
32190005
32190006
32190007
32190008
32190009
32190010
32190011
32190012
32190013
32190014
32190015
32190016
32190017
32190018
32190019
32190020
32190021
32190022
32190023
32190024
32190025
32190100
32190101
32190102
32190103
32190104
32190105
32190106
32190107
32190108
32190109
32190110
32190111
32190112
32190113
32190114
32190115
32190116
32190117
32190118
32190119
32190120
32190121
32190122
32190123
32190124
32190125
32190200
32190201
32190202
32190203
32190204
32190205
32190206
32190207
32190208
32190209
32190210
32190211
32190212
32190213
32190214
32190215
32190216
32190217
32190218
32190219
32190220
32190221
32190222
32190223
32190224
32190225
32190300
32190301
32190302
32190303
32190304
32190305
32190306
32190307
32190308
32190309
32190310
32190311
32190312
32190313
32190314
32190315
32190316
32190317
32190318
32190319
32190320
32190321
32190322
32190323
32190324
32190325
32190400
32190401
32190402
32190403
32190404
32190405
32190406
32190407
32190408
32190409
32190410
32190411
32190412
32190413
32190414
32190415
32190416
32190417
32190418
32190419
32190420
32190421
32190422
32190423
32190424
32190425
32190500
32190501
32190502
32190503
32190504
32190505
32190506
32190507
32190508
32190509
32190510
32190511
32190512
32190513
32190514
32190515
32190516
32190517
32190518
32190519
32190520
32190521
32190522
32190523
32190524
32190525
32190600
32190601
32190602
32190603
32190604
32190605
32190606
32190607
32190608
32190609
32190610
32190611
32190612
32190613
32190614
32190615
32190616
32190617
32190618
32190619
32190620
32190621
32190622
32190623
32190624
32190625
32190700
32190701
32190702
32190703
32190704
32190705
32190706
32190707
32190708
32190709
32190710
32190711
32190712
32190713
32190714
32190715
32190716
32190717
32190718
32190719
32190720
32190721
32190722
32190723
32190724
32190725
32190800
32190801
32190802
32190803
32190804
32190805
32190806
32190807
32190808
32190809
32190810
32190811
32190812
32190813
32190814
32190815
32190816
32190817
32190818
32190819
32190820
32190821
32190822
32190823
32190824
32190825
32190900
32190901
32190902
32190903
32190904
32190905
32190906
32190907
32190908
32190909
32190910
32190911
32190912
32190913
32190914
32190915
32190916
32190917
32190918
32190919
32190920
32190921
32190922
32190923
32190924
32190925
32191000
32191001
32191002
32191003
32191004
32191005
32191006
32191007
32191008
32191009
32191010
32191011
32191012
32191013
32191014
32191015
32191016
32191017
32191018
32191019
32191020
32191021
32191022
32191023
32191024
32191025
32191100
32191101
32191102
32191103
32191104
32191105
32191106
32191107
32191108
32191109
32191110
32191111
32191112
32191113
32191114
32191115
32191116
32191117
32191118
32191119
32191120
32191121
32191122
32191123
32191124
32191125
32191200
32191201
32191202
32191203
32191204
32191205
32191206
32191207
32191208
32191209
32191210
32191211
32191212
32191213
32191214
32191215
32191216
32191217
32191218
32191219
32191220
32191221
32191222
32191223
32191224
32191225
32200000
32200001
32200002
32200003
32200004
32200005
32200006
32200007
32200008
32200009
32200010
32200011
32200012
32200013
32200014
32200015
32200016
32200017
32200018
32200019
32200020
32200021
32200022
32200023
32200024
32200025
32200100
32200101
32200102
32200103
32200104
32200105
32200106
32200107
32200108
32200109
32200110
32200111
32200112
32200113
32200114
32200115
32200116
32200117
32200118
32200119
32200120
32200121
32200122
32200123
32200124
32200125
32200200
32200201
32200202
32200203
32200204
32200205
32200206
32200207
32200208
32200209
32200210
32200211
32200212
32200213
32200214
32200215
32200216
32200217
32200218
32200219
32200220
32200221
32200222
32200223
32200224
32200225
32200300
32200301
32200302
32200303
32200304
32200305
32200306
32200307
32200308
32200309
32200310
32200311
32200312
32200313
32200314
32200315
32200316
32200317
32200318
32200319
32200320
32200321
32200322
32200323
32200324
32200325
32200400
32200401
32200402
32200403
32200404
32200405
32200406
32200407
32200408
32200409
32200410
32200411
32200412
32200413
32200414
32200415
32200416
32200417
32200418
32200419
32200420
32200421
32200422
32200423
32200424
32200425
32200500
32200501
32200502
32200503
32200504
32200505
32200506
32200507
32200508
32200509
32200510
32200511
32200512
32200513
32200514
32200515
32200516
32200517
32200518
32200519
32200520
32200521
32200522
32200523
32200524
32200525
32200600
32200601
32200602
32200603
32200604
32200605
32200606
32200607
32200608
32200609
32200610
32200611
32200612
32200613
32200614
32200615
32200616
32200617
32200618
32200619
32200620
32200621
32200622
32200623
32200624
32200625
32200700
32200701
32200702
32200703
32200704
32200705
32200706
32200707
32200708
32200709
32200710
32200711
32200712
32200713
32200714
32200715
32200716
32200717
32200718
32200719
32200720
32200721
32200722
32200723
32200724
32200725
32200800
32200801
32200802
32200803
32200804
32200805
32200806
32200807
32200808
32200809
32200810
32200811
32200812
32200813
32200814
32200815
32200816
32200817
32200818
32200819
32200820
32200821
32200822
32200823
32200824
32200825
32200900
32200901
32200902
32200903
32200904
32200905
32200906
32200907
32200908
32200909
32200910
32200911
32200912
32200913
32200914
32200915
32200916
32200917
32200918
32200919
32200920
32200921
32200922
32200923
32200924
32200925
32201000
32201001
32201002
32201003
32201004
32201005
32201006
32201007
32201008
32201009
32201010
32201011
32201012
32201013
32201014
32201015
32201016
32201017
32201018
32201019
32201020
32201021
32201022
32201023
32201024
32201025
32201100
32201101
32201102
32201103
32201104
32201105
32201106
32201107
32201108
32201109
32201110
32201111
32201112
32201113
32201114
32201115
32201116
32201117
32201118
32201119
32201120
32201121
32201122
32201123
32201124
32201125
32201200
32201201
32201202
32201203
32201204
32201205
32201206
32201207
32201208
32201209
32201210
32201211
32201212
32201213
32201214
32201215
32201216
32201217
32201218
32201219
32201220
32201221
32201222
32201223
32201224
32201225
32210000
32210001
32210002
32210003
32210004
32210005
32210006
32210007
32210008
32210009
32210010
32210011
32210012
32210013
32210014
32210015
32210016
32210017
32210018
32210019
32210020
32210021
32210022
32210023
32210024
32210025
32210100
32210101
32210102
32210103
32210104
32210105
32210106
32210107
32210108
32210109
32210110
32210111
32210112
32210113
32210114
32210115
32210116
32210117
32210118
32210119
32210120
32210121
32210122
32210123
32210124
32210125
32210200
32210201
32210202
32210203
32210204
32210205
32210206
32210207
32210208
32210209
32210210
32210211
32210212
32210213
32210214
32210215
32210216
32210217
32210218
32210219
32210220
32210221
32210222
32210223
32210224
32210225
32210300
32210301
32210302
32210303
32210304
32210305
32210306
32210307
32210308
32210309
32210310
32210311
32210312
32210313
32210314
32210315
32210316
32210317
32210318
32210319
32210320
32210321
32210322
32210323
32210324
32210325
32210400
32210401
32210402
32210403
32210404
32210405
32210406
32210407
32210408
32210409
32210410
32210411
32210412
32210413
32210414
32210415
32210416
32210417
32210418
32210419
32210420
32210421
32210422
32210423
32210424
32210425
32210500
32210501
32210502
32210503
32210504
32210505
32210506
32210507
32210508
32210509
32210510
32210511
32210512
32210513
32210514
32210515
32210516
32210517
32210518
32210519
32210520
32210521
32210522
32210523
32210524
32210525
32210600
32210601
32210602
32210603
32210604
32210605
32210606
32210607
32210608
32210609
32210610
32210611
32210612
32210613
32210614
32210615
32210616
32210617
32210618
32210619
32210620
32210621
32210622
32210623
32210624
32210625
32210700
32210701
32210702
32210703
32210704
32210705
32210706
32210707
32210708
32210709
32210710
32210711
32210712
32210713
32210714
32210715
32210716
32210717
32210718
32210719
32210720
32210721
32210722
32210723
32210724
32210725
32210800
32210801
32210802
32210803
32210804
32210805
32210806
32210807
32210808
32210809
32210810
32210811
32210812
32210813
32210814
32210815
32210816
32210817
32210818
32210819
32210820
32210821
32210822
32210823
32210824
32210825
32210900
32210901
32210902
32210903
32210904
32210905
32210906
32210907
32210908
32210909
32210910
32210911
32210912
32210913
32210914
32210915
32210916
32210917
32210918
32210919
32210920
32210921
32210922
32210923
32210924
32210925
32211000
32211001
32211002
32211003
32211004
32211005
32211006
32211007
32211008
32211009
32211010
32211011
32211012
32211013
32211014
32211015
32211016
32211017
32211018
32211019
32211020
32211021
32211022
32211023
32211024
32211025
32211100
32211101
32211102
32211103
32211104
32211105
32211106
32211107
32211108
32211109
32211110
32211111
32211112
32211113
32211114
32211115
32211116
32211117
32211118
32211119
32211120
32211121
32211122
32211123
32211124
32211125
32211200
32211201
32211202
32211203
32211204
32211205
32211206
32211207
32211208
32211209
32211210
32211211
32211212
32211213
32211214
32211215
32211216
32211217
32211218
32211219
32211220
32211221
32211222
32211223
32211224
32211225
32220000
32220001
32220002
32220003
32220004
32220005
32220006
32220007
32220008
32220009
32220010
32220011
32220012
32220013
32220014
32220015
32220016
32220017
32220018
32220019
32220020
32220021
32220022
32220023
32220024
32220025
32230000
32230001
32230002
32230003
32230004
32230005
32230006
32230007
32230008
32230009
32230010
32230011
32230012
32230013
32230014
32230015
32230016
32230017
32230018
32230019
32230020
32230021
32230022
32230023
32230024
32230025
32230100
32230101
32230102
32230103
32230104
32230105
32230106
32230107
32230108
32230109
32230110
32230111
32230112
32230113
32230114
32230115
32230116
32230117
32230118
32230119
32230120
32230121
32230122
32230123
32230124
32230125
32230200
32230201
32230202
32230203
32230204
32230205
32230206
32230207
32230208
32230209
32230210
32230211
32230212
32230213
32230214
32230215
32230216
32230217
32230218
32230219
32230220
32230221
32230222
32230223
32230224
32230225
32230300
32230301
32230302
32230303
32230304
32230305
32230306
32230307
32230308
32230309
32230310
32230311
32230312
32230313
32230314
32230315
32230316
32230317
32230318
32230319
32230320
32230321
32230322
32230323
32230324
32230325
32230400
32230401
32230402
32230403
32230404
32230405
32230406
32230407
32230408
32230409
32230410
32230411
32230412
32230413
32230414
32230415
32230416
32230417
32230418
32230419
32230420
32230421
32230422
32230423
32230424
32230425
32230500
32230501
32230502
32230503
32230504
32230505
32230506
32230507
32230508
32230509
32230510
32230511
32230512
32230513
32230514
32230515
32230516
32230517
32230518
32230519
32230520
32230521
32230522
32230523
32230524
32230525
32230600
32230601
32230602
32230603
32230604
32230605
32230606
32230607
32230608
32230609
32230610
32230611
32230612
32230613
32230614
32230615
32230616
32230617
32230618
32230619
32230620
32230621
32230622
32230623
32230624
32230625
32230700
32230701
32230702
32230703
32230704
32230705
32230706
32230707
32230708
32230709
32230710
32230711
32230712
32230713
32230714
32230715
32230716
32230717
32230718
32230719
32230720
32230721
32230722
32230723
32230724
32230725
32230800
32230801
32230802
32230803
32230804
32230805
32230806
32230807
32230808
32230809
32230810
32230811
32230812
32230813
32230814
32230815
32230816
32230817
32230818
32230819
32230820
32230821
32230822
32230823
32230824
32230825
32230900
32230901
32230902
32230903
32230904
32230905
32230906
32230907
32230908
32230909
32230910
32230911
32230912
32230913
32230914
32230915
32230916
32230917
32230918
32230919
32230920
32230921
32230922
32230923
32230924
32230925
32231000
32231001
32231002
32231003
32231004
32231005
32231006
32231007
32231008
32231009
32231010
32231011
32231012
32231013
32231014
32231015
32231016
32231017
32231018
32231019
32231020
32231021
32231022
32231023
32231024
32231025
32231100
32231101
32231102
32231103
32231104
32231105
32231106
32231107
32231108
32231109
32231110
32231111
32231112
32231113
32231114
32231115
32231116
32231117
32231118
32231119
32231120
32231121
32231122
32231123
32231124
32231125
32231200
32231201
32231202
32231203
32231204
32231205
32231206
32231207
32231208
32231209
32231210
32231211
32231212
32231213
32231214
32231215
32231216
32231217
32231218
32231219
32231220
32231221
32231222
32231223
32231224
32231225
32240000
32240001
32240002
32240003
32240004
32240005
32240006
32240007
32240008
32240009
32240010
32240011
32240012
32240013
32240014
32240015
32240016
32240017
32240018
32240019
32240020
32240021
32240022
32240023
32240024
32240025
32240100
32240101
32240102
32240103
32240104
32240105
32240106
32240107
32240108
32240109
32240110
32240111
32240112
32240113
32240114
32240115
32240116
32240117
32240118
32240119
32240120
32240121
32240122
32240123
32240124
32240125
32240200
32240201
32240202
32240203
32240204
32240205
32240206
32240207
32240208
32240209
32240210
32240211
32240212
32240213
32240214
32240215
32240216
32240217
32240218
32240219
32240220
32240221
32240222
32240223
32240224
32240225
32240300
32240301
32240302
32240303
32240304
32240305
32240306
32240307
32240308
32240309
32240310
32240311
32240312
32240313
32240314
32240315
32240316
32240317
32240318
32240319
32240320
32240321
32240322
32240323
32240324
32240325
32240400
32240401
32240402
32240403
32240404
32240405
32240406
32240407
32240408
32240409
32240410
32240411
32240412
32240413
32240414
32240415
32240416
32240417
32240418
32240419
32240420
32240421
32240422
32240423
32240424
32240425
32240500
32240501
32240502
32240503
32240504
32240505
32240506
32240507
32240508
32240509
32240510
32240511
32240512
32240513
32240514
32240515
32240516
32240517
32240518
32240519
32240520
32240521
32240522
32240523
32240524
32240525
32240600
32240601
32240602
32240603
32240604
32240605
32240606
32240607
32240608
32240609
32240610
32240611
32240612
32240613
32240614
32240615
32240616
32240617
32240618
32240619
32240620
32240621
32240622
32240623
32240624
32240625
32240700
32240701
32240702
32240703
32240704
32240705
32240706
32240707
32240708
32240709
32240710
32240711
32240712
32240713
32240714
32240715
32240716
32240717
32240718
32240719
32240720
32240721
32240722
32240723
32240724
32240725
32240800
32240801
32240802
32240803
32240804
32240805
32240806
32240807
32240808
32240809
32240810
32240811
32240812
32240813
32240814
32240815
32240816
32240817
32240818
32240819
32240820
32240821
32240822
32240823
32240824
32240825
32240900
32240901
32240902
32240903
32240904
32240905
32240906
32240907
32240908
32240909
32240910
32240911
32240912
32240913
32240914
32240915
32240916
32240917
32240918
32240919
32240920
32240921
32240922
32240923
32240924
32240925
32241000
32241001
32241002
32241003
32241004
32241005
32241006
32241007
32241008
32241009
32241010
32241011
32241012
32241013
32241014
32241015
32241016
32241017
32241018
32241019
32241020
32241021
32241022
32241023
32241024
32241025
32241100
32241101
32241102
32241103
32241104
32241105
32241106
32241107
32241108
32241109
32241110
32241111
32241112
32241113
32241114
32241115
32241116
32241117
32241118
32241119
32241120
32241121
32241122
32241123
32241124
32241125
32241200
32241201
32241202
32241203
32241204
32241205
32241206
32241207
32241208
32241209
32241210
32241211
32241212
32241213
32241214
32241215
32241216
32241217
32241218
32241219
32241220
32241221
32241222
32241223
32241224
32241225
32250000
32250001
32250002
32250003
32250004
32250005
32250006
32250007
32250008
32250009
32250010
32250011
32250012
32250013
32250014
32250015
32250016
32250017
32250018
32250019
32250020
32250021
32250022
32250023
32250024
32250025
32250100
32250101
32250102
32250103
32250104
32250105
32250106
32250107
32250108
32250109
32250110
32250111
32250112
32250113
32250114
32250115
32250116
32250117
32250118
32250119
32250120
32250121
32250122
32250123
32250124
32250125
32250200
32250201
32250202
32250203
32250204
32250205
32250206
32250207
32250208
32250209
32250210
32250211
32250212
32250213
32250214
32250215
32250216
32250217
32250218
32250219
32250220
32250221
32250222
32250223
32250224
32250225
32250300
32250301
32250302
32250303
32250304
32250305
32250306
32250307
32250308
32250309
32250310
32250311
32250312
32250313
32250314
32250315
32250316
32250317
32250318
32250319
32250320
32250321
32250322
32250323
32250324
32250325
32250400
32250401
32250402
32250403
32250404
32250405
32250406
32250407
32250408
32250409
32250410
32250411
32250412
32250413
32250414
32250415
32250416
32250417
32250418
32250419
32250420
32250421
32250422
32250423
32250424
32250425
32250500
32250501
32250502
32250503
32250504
32250505
32250506
32250507
32250508
32250509
32250510
32250511
32250512
32250513
32250514
32250515
32250516
32250517
32250518
32250519
32250520
32250521
32250522
32250523
32250524
32250525
32250600
32250601
32250602
32250603
32250604
32250605
32250606
32250607
32250608
32250609
32250610
32250611
32250612
32250613
32250614
32250615
32250616
32250617
32250618
32250619
32250620
32250621
32250622
32250623
32250624
32250625
32250700
32250701
32250702
32250703
32250704
32250705
32250706
32250707
32250708
32250709
32250710
32250711
32250712
32250713
32250714
32250715
32250716
32250717
32250718
32250719
32250720
32250721
32250722
32250723
32250724
32250725
32250800
32250801
32250802
32250803
32250804
32250805
32250806
32250807
32250808
32250809
32250810
32250811
32250812
32250813
32250814
32250815
32250816
32250817
32250818
32250819
32250820
32250821
32250822
32250823
32250824
32250825
32250900
32250901
32250902
32250903
32250904
32250905
32250906
32250907
32250908
32250909
32250910
32250911
32250912
32250913
32250914
32250915
32250916
32250917
32250918
32250919
32250920
32250921
32250922
32250923
32250924
32250925
32251000
32251001
32251002
32251003
32251004
32251005
32251006
32251007
32251008
32251009
32251010
32251011
32251012
32251013
32251014
32251015
32251016
32251017
32251018
32251019
32251020
32251021
32251022
32251023
32251024
32251025
32251100
32251101
32251102
32251103
32251104
32251105
32251106
32251107
32251108
32251109
32251110
32251111
32251112
32251113
32251114
32251115
32251116
32251117
32251118
32251119
32251120
32251121
32251122
32251123
32251124
32251125
32251200
32251201
32251202
32251203
32251204
32251205
32251206
32251207
32251208
32251209
32251210
32251211
32251212
32251213
32251214
32251215
32251216
32251217
32251218
32251219
32251220
32251221
32251222
32251223
32251224
32251225
32260000
32260001
32260002
32260003
32260004
32260005
32260006
32260007
32260008
32260009
32260010
32260011
32260012
32260013
32260014
32260015
32260016
32260017
32260018
32260019
32260020
32260021
32260022
32260023
32260024
32260025
32260100
32260101
32260102
32260103
32260104
32260105
32260106
32260107
32260108
32260109
32260110
32260111
32260112
32260113
32260114
32260115
32260116
32260117
32260118
32260119
32260120
32260121
32260122
32260123
32260124
32260125
32260200
32260201
32260202
32260203
32260204
32260205
32260206
32260207
32260208
32260209
32260210
32260211
32260212
32260213
32260214
32260215
32260216
32260217
32260218
32260219
32260220
32260221
32260222
32260223
32260224
32260225
32260300
32260301
32260302
32260303
32260304
32260305
32260306
32260307
32260308
32260309
32260310
32260311
32260312
32260313
32260314
32260315
32260316
32260317
32260318
32260319
32260320
32260321
32260322
32260323
32260324
32260325
32260400
32260401
32260402
32260403
32260404
32260405
32260406
32260407
32260408
32260409
32260410
32260411
32260412
32260413
32260414
32260415
32260416
32260417
32260418
32260419
32260420
32260421
32260422
32260423
32260424
32260425
32260500
32260501
32260502
32260503
32260504
32260505
32260506
32260507
32260508
32260509
32260510
32260511
32260512
32260513
32260514
32260515
32260516
32260517
32260518
32260519
32260520
32260521
32260522
32260523
32260524
32260525
32260600
32260601
32260602
32260603
32260604
32260605
32260606
32260607
32260608
32260609
32260610
32260611
32260612
32260613
32260614
32260615
32260616
32260617
32260618
32260619
32260620
32260621
32260622
32260623
32260624
32260625
32260700
32260701
32260702
32260703
32260704
32260705
32260706
32260707
32260708
32260709
32260710
32260711
32260712
32260713
32260714
32260715
32260716
32260717
32260718
32260719
32260720
32260721
32260722
32260723
32260724
32260725
32260800
32260801
32260802
32260803
32260804
32260805
32260806
32260807
32260808
32260809
32260810
32260811
32260812
32260813
32260814
32260815
32260816
32260817
32260818
32260819
32260820
32260821
32260822
32260823
32260824
32260825
32260900
32260901
32260902
32260903
32260904
32260905
32260906
32260907
32260908
32260909
32260910
32260911
32260912
32260913
32260914
32260915
32260916
32260917
32260918
32260919
32260920
32260921
32260922
32260923
32260924
32260925
32261000
32261001
32261002
32261003
32261004
32261005
32261006
32261007
32261008
32261009
32261010
32261011
32261012
32261013
32261014
32261015
32261016
32261017
32261018
32261019
32261020
32261021
32261022
32261023
32261024
32261025
32261100
32261101
32261102
32261103
32261104
32261105
32261106
32261107
32261108
32261109
32261110
32261111
32261112
32261113
32261114
32261115
32261116
32261117
32261118
32261119
32261120
32261121
32261122
32261123
32261124
32261125
32261200
32261201
32261202
32261203
32261204
32261205
32261206
32261207
32261208
32261209
32261210
32261211
32261212
32261213
32261214
32261215
32261216
32261217
32261218
32261219
32261220
32261221
32261222
32261223
32261224
32261225
32270000
32270001
32270002
32270003
32270004
32270005
32270006
32270007
32270008
32270009
32270010
32270011
32270012
32270013
32270014
32270015
32270016
32270017
32270018
32270019
32270020
32270021
32270022
32270023
32270024
32270025
32270100
32270101
32270102
32270103
32270104
32270105
32270106
32270107
32270108
32270109
32270110
32270111
32270112
32270113
32270114
32270115
32270116
32270117
32270118
32270119
32270120
32270121
32270122
32270123
32270124
32270125
32270200
32270201
32270202
32270203
32270204
32270205
32270206
32270207
32270208
32270209
32270210
32270211
32270212
32270213
32270214
32270215
32270216
32270217
32270218
32270219
32270220
32270221
32270222
32270223
32270224
32270225
32270300
32270301
32270302
32270303
32270304
32270305
32270306
32270307
32270308
32270309
32270310
32270311
32270312
32270313
32270314
32270315
32270316
32270317
32270318
32270319
32270320
32270321
32270322
32270323
32270324
32270325
32270400
32270401
32270402
32270403
32270404
32270405
32270406
32270407
32270408
32270409
32270410
32270411
32270412
32270413
32270414
32270415
32270416
32270417
32270418
32270419
32270420
32270421
32270422
32270423
32270424
32270425
32270500
32270501
32270502
32270503
32270504
32270505
32270506
32270507
32270508
32270509
32270510
32270511
32270512
32270513
32270514
32270515
32270516
32270517
32270518
32270519
32270520
32270521
32270522
32270523
32270524
32270525
32270600
32270601
32270602
32270603
32270604
32270605
32270606
32270607
32270608
32270609
32270610
32270611
32270612
32270613
32270614
32270615
32270616
32270617
32270618
32270619
32270620
32270621
32270622
32270623
32270624
32270625
32270700
32270701
32270702
32270703
32270704
32270705
32270706
32270707
32270708
32270709
32270710
32270711
32270712
32270713
32270714
32270715
32270716
32270717
32270718
32270719
32270720
32270721
32270722
32270723
32270724
32270725
32270800
32270801
32270802
32270803
32270804
32270805
32270806
32270807
32270808
32270809
32270810
32270811
32270812
32270813
32270814
32270815
32270816
32270817
32270818
32270819
32270820
32270821
32270822
32270823
32270824
32270825
32270900
32270901
32270902
32270903
32270904
32270905
32270906
32270907
32270908
32270909
32270910
32270911
32270912
32270913
32270914
32270915
32270916
32270917
32270918
32270919
32270920
32270921
32270922
32270923
32270924
32270925
32271000
32271001
32271002
32271003
32271004
32271005
32271006
32271007
32271008
32271009
32271010
32271011
32271012
32271013
32271014
32271015
32271016
32271017
32271018
32271019
32271020
32271021
32271022
32271023
32271024
32271025
32271100
32271101
32271102
32271103
32271104
32271105
32271106
32271107
32271108
32271109
32271110
32271111
32271112
32271113
32271114
32271115
32271116
32271117
32271118
32271119
32271120
32271121
32271122
32271123
32271124
32271125
32271200
32271201
32271202
32271203
32271204
32271205
32271206
32271207
32271208
32271209
32271210
32271211
32271212
32271213
32271214
32271215
32271216
32271217
32271218
32271219
32271220
32271221
32271222
32271223
32271224
32271225
32280000
32280001
32280002
32280003
32280004
32280005
32280006
32280007
32280008
32280009
32280010
32280011
32280012
32280013
32280014
32280015
32280016
32280017
32280018
32280019
32280020
32280021
32280022
32280023
32280024
32280025
32280100
32280101
32280102
32280103
32280104
32280105
32280106
32280107
32280108
32280109
32280110
32280111
32280112
32280113
32280114
32280115
32280116
32280117
32280118
32280119
32280120
32280121
32280122
32280123
32280124
32280125
32280200
32280201
32280202
32280203
32280204
32280205
32280206
32280207
32280208
32280209
32280210
32280211
32280212
32280213
32280214
32280215
32280216
32280217
32280218
32280219
32280220
32280221
32280222
32280223
32280224
32280225
32280300
32280301
32280302
32280303
32280304
32280305
32280306
32280307
32280308
32280309
32280310
32280311
32280312
32280313
32280314
32280315
32280316
32280317
32280318
32280319
32280320
32280321
32280322
32280323
32280324
32280325
32280400
32280401
32280402
32280403
32280404
32280405
32280406
32280407
32280408
32280409
32280410
32280411
32280412
32280413
32280414
32280415
32280416
32280417
32280418
32280419
32280420
32280421
32280422
32280423
32280424
32280425
32280500
32280501
32280502
32280503
32280504
32280505
32280506
32280507
32280508
32280509
32280510
32280511
32280512
32280513
32280514
32280515
32280516
32280517
32280518
32280519
32280520
32280521
32280522
32280523
32280524
32280525
32280600
32280601
32280602
32280603
32280604
32280605
32280606
32280607
32280608
32280609
32280610
32280611
32280612
32280613
32280614
32280615
32280616
32280617
32280618
32280619
32280620
32280621
32280622
32280623
32280624
32280625
32280700
32280701
32280702
32280703
32280704
32280705
32280706
32280707
32280708
32280709
32280710
32280711
32280712
32280713
32280714
32280715
32280716
32280717
32280718
32280719
32280720
32280721
32280722
32280723
32280724
32280725
32280800
32280801
32280802
32280803
32280804
32280805
32280806
32280807
32280808
32280809
32280810
32280811
32280812
32280813
32280814
32280815
32280816
32280817
32280818
32280819
32280820
32280821
32280822
32280823
32280824
32280825
32280900
32280901
32280902
32280903
32280904
32280905
32280906
32280907
32280908
32280909
32280910
32280911
32280912
32280913
32280914
32280915
32280916
32280917
32280918
32280919
32280920
32280921
32280922
32280923
32280924
32280925
32281000
32281001
32281002
32281003
32281004
32281005
32281006
32281007
32281008
32281009
32281010
32281011
32281012
32281013
32281014
32281015
32281016
32281017
32281018
32281019
32281020
32281021
32281022
32281023
32281024
32281025
32281100
32281101
32281102
32281103
32281104
32281105
32281106
32281107
32281108
32281109
32281110
32281111
32281112
32281113
32281114
32281115
32281116
32281117
32281118
32281119
32281120
32281121
32281122
32281123
32281124
32281125
32281200
32281201
32281202
32281203
32281204
32281205
32281206
32281207
32281208
32281209
32281210
32281211
32281212
32281213
32281214
32281215
32281216
32281217
32281218
32281219
32281220
32281221
32281222
32281223
32281224
32281225
32290000
32290001
32290002
32290003
32290004
32290005
32290006
32290007
32290008
32290009
32290010
32290011
32290012
32290013
32290014
32290015
32290016
32290017
32290018
32290019
32290020
32290021
32290022
32290023
32290024
32290025
32290100
32290101
32290102
32290103
32290104
32290105
32290106
32290107
32290108
32290109
32290110
32290111
32290112
32290113
32290114
32290115
32290116
32290117
32290118
32290119
32290120
32290121
32290122
32290123
32290124
32290125
32290200
32290201
32290202
32290203
32290204
32290205
32290206
32290207
32290208
32290209
32290210
32290211
32290212
32290213
32290214
32290215
32290216
32290217
32290218
32290219
32290220
32290221
32290222
32290223
32290224
32290225
32290300
32290301
32290302
32290303
32290304
32290305
32290306
32290307
32290308
32290309
32290310
32290311
32290312
32290313
32290314
32290315
32290316
32290317
32290318
32290319
32290320
32290321
32290322
32290323
32290324
32290325
32290400
32290401
32290402
32290403
32290404
32290405
32290406
32290407
32290408
32290409
32290410
32290411
32290412
32290413
32290414
32290415
32290416
32290417
32290418
32290419
32290420
32290421
32290422
32290423
32290424
32290425
32290500
32290501
32290502
32290503
32290504
32290505
32290506
32290507
32290508
32290509
32290510
32290511
32290512
32290513
32290514
32290515
32290516
32290517
32290518
32290519
32290520
32290521
32290522
32290523
32290524
32290525
32290600
32290601
32290602
32290603
32290604
32290605
32290606
32290607
32290608
32290609
32290610
32290611
32290612
32290613
32290614
32290615
32290616
32290617
32290618
32290619
32290620
32290621
32290622
32290623
32290624
32290625
32290700
32290701
32290702
32290703
32290704
32290705
32290706
32290707
32290708
32290709
32290710
32290711
32290712
32290713
32290714
32290715
32290716
32290717
32290718
32290719
32290720
32290721
32290722
32290723
32290724
32290725
32290800
32290801
32290802
32290803
32290804
32290805
32290806
32290807
32290808
32290809
32290810
32290811
32290812
32290813
32290814
32290815
32290816
32290817
32290818
32290819
32290820
32290821
32290822
32290823
32290824
32290825
32290900
32290901
32290902
32290903
32290904
32290905
32290906
32290907
32290908
32290909
32290910
32290911
32290912
32290913
32290914
32290915
32290916
32290917
32290918
32290919
32290920
32290921
32290922
32290923
32290924
32290925
32291000
32291001
32291002
32291003
32291004
32291005
32291006
32291007
32291008
32291009
32291010
32291011
32291012
32291013
32291014
32291015
32291016
32291017
32291018
32291019
32291020
32291021
32291022
32291023
32291024
32291025
32291100
32291101
32291102
32291103
32291104
32291105
32291106
32291107
32291108
32291109
32291110
32291111
32291112
32291113
32291114
32291115
32291116
32291117
32291118
32291119
32291120
32291121
32291122
32291123
32291124
32291125
32291200
32291201
32291202
32291203
32291204
32291205
32291206
32291207
32291208
32291209
32291210
32291211
32291212
32291213
32291214
32291215
32291216
32291217
32291218
32291219
32291220
32291221
32291222
32291223
32291224
32291225
32300000
32300001
32300002
32300003
32300004
32300005
32300006
32300007
32300008
32300009
32300010
32300011
32300012
32300013
32300014
32300015
32300016
32300017
32300018
32300019
32300020
32300021
32300022
32300023
32300024
32300025
32300100
32300101
32300102
32300103
32300104
32300105
32300106
32300107
32300108
32300109
32300110
32300111
32300112
32300113
32300114
32300115
32300116
32300117
32300118
32300119
32300120
32300121
32300122
32300123
32300124
32300125
32300200
32300201
32300202
32300203
32300204
32300205
32300206
32300207
32300208
32300209
32300210
32300211
32300212
32300213
32300214
32300215
32300216
32300217
32300218
32300219
32300220
32300221
32300222
32300223
32300224
32300225
32300300
32300301
32300302
32300303
32300304
32300305
32300306
32300307
32300308
32300309
32300310
32300311
32300312
32300313
32300314
32300315
32300316
32300317
32300318
32300319
32300320
32300321
32300322
32300323
32300324
32300325
32300400
32300401
32300402
32300403
32300404
32300405
32300406
32300407
32300408
32300409
32300410
32300411
32300412
32300413
32300414
32300415
32300416
32300417
32300418
32300419
32300420
32300421
32300422
32300423
32300424
32300425
32300500
32300501
32300502
32300503
32300504
32300505
32300506
32300507
32300508
32300509
32300510
32300511
32300512
32300513
32300514
32300515
32300516
32300517
32300518
32300519
32300520
32300521
32300522
32300523
32300524
32300525
32300600
32300601
32300602
32300603
32300604
32300605
32300606
32300607
32300608
32300609
32300610
32300611
32300612
32300613
32300614
32300615
32300616
32300617
32300618
32300619
32300620
32300621
32300622
32300623
32300624
32300625
32300700
32300701
32300702
32300703
32300704
32300705
32300706
32300707
32300708
32300709
32300710
32300711
32300712
32300713
32300714
32300715
32300716
32300717
32300718
32300719
32300720
32300721
32300722
32300723
32300724
32300725
32300800
32300801
32300802
32300803
32300804
32300805
32300806
32300807
32300808
32300809
32300810
32300811
32300812
32300813
32300814
32300815
32300816
32300817
32300818
32300819
32300820
32300821
32300822
32300823
32300824
32300825
32300900
32300901
32300902
32300903
32300904
32300905
32300906
32300907
32300908
32300909
32300910
32300911
32300912
32300913
32300914
32300915
32300916
32300917
32300918
32300919
32300920
32300921
32300922
32300923
32300924
32300925
32301000
32301001
32301002
32301003
32301004
32301005
32301006
32301007
32301008
32301009
32301010
32301011
32301012
32301013
32301014
32301015
32301016
32301017
32301018
32301019
32301020
32301021
32301022
32301023
32301024
32301025
32301100
32301101
32301102
32301103
32301104
32301105
32301106
32301107
32301108
32301109
32301110
32301111
32301112
32301113
32301114
32301115
32301116
32301117
32301118
32301119
32301120
32301121
32301122
32301123
32301124
32301125
32301200
32301201
32301202
32301203
32301204
32301205
32301206
32301207
32301208
32301209
32301210
32301211
32301212
32301213
32301214
32301215
32301216
32301217
32301218
32301219
32301220
32301221
32301222
32301223
32301224
32301225
32500000
32500001
32500002
32500003
32500004
32500005
32500006
32500007
32500008
32500009
32500010
32500011
32500012
32500013
32500014
32500015
32500016
32500017
32500018
32500019
32500020
32500021
32500022
32500023
32500024
32500025
32500100
32500101
32500102
32500103
32500104
32500105
32500106
32500107
32500108
32500109
32500110
32500111
32500112
32500113
32500114
32500115
32500116
32500117
32500118
32500119
32500120
32500121
32500122
32500123
32500124
32500125
32500200
32500201
32500202
32500203
32500204
32500205
32500206
32500207
32500208
32500209
32500210
32500211
32500212
32500213
32500214
32500215
32500216
32500217
32500218
32500219
32500220
32500221
32500222
32500223
32500224
32500225
32500300
32500301
32500302
32500303
32500304
32500305
32500306
32500307
32500308
32500309
32500310
32500311
32500312
32500313
32500314
32500315
32500316
32500317
32500318
32500319
32500320
32500321
32500322
32500323
32500324
32500325
32500400
32500401
32500402
32500403
32500404
32500405
32500406
32500407
32500408
32500409
32500410
32500411
32500412
32500413
32500414
32500415
32500416
32500417
32500418
32500419
32500420
32500421
32500422
32500423
32500424
32500425
32500500
32500501
32500502
32500503
32500504
32500505
32500506
32500507
32500508
32500509
32500510
32500511
32500512
32500513
32500514
32500515
32500516
32500517
32500518
32500519
32500520
32500521
32500522
32500523
32500524
32500525
32500600
32500601
32500602
32500603
32500604
32500605
32500606
32500607
32500608
32500609
32500610
32500611
32500612
32500613
32500614
32500615
32500616
32500617
32500618
32500619
32500620
32500621
32500622
32500623
32500624
32500625
32500700
32500701
32500702
32500703
32500704
32500705
32500706
32500707
32500708
32500709
32500710
32500711
32500712
32500713
32500714
32500715
32500716
32500717
32500718
32500719
32500720
32500721
32500722
32500723
32500724
32500725
32500800
32500801
32500802
32500803
32500804
32500805
32500806
32500807
32500808
32500809
32500810
32500811
32500812
32500813
32500814
32500815
32500816
32500817
32500818
32500819
32500820
32500821
32500822
32500823
32500824
32500825
32500900
32500901
32500902
32500903
32500904
32500905
32500906
32500907
32500908
32500909
32500910
32500911
32500912
32500913
32500914
32500915
32500916
32500917
32500918
32500919
32500920
32500921
32500922
32500923
32500924
32500925
32501000
32501001
32501002
32501003
32501004
32501005
32501006
32501007
32501008
32501009
32501010
32501011
32501012
32501013
32501014
32501015
32501016
32501017
32501018
32501019
32501020
32501021
32501022
32501023
32501024
32501025
32501100
32501101
32501102
32501103
32501104
32501105
32501106
32501107
32501108
32501109
32501110
32501111
32501112
32501113
32501114
32501115
32501116
32501117
32501118
32501119
32501120
32501121
32501122
32501123
32501124
32501125
32501200
32501201
32501202
32501203
32501204
32501205
32501206
32501207
32501208
32501209
32501210
32501211
32501212
32501213
32501214
32501215
32501216
32501217
32501218
32501219
32501220
32501221
32501222
32501223
32501224
32501225
32520000
32520001
32520002
32520003
32520004
32520005
32520006
32520007
32520008
32520009
32520010
32520011
32520012
32520013
32520014
32520015
32520016
32520017
32520018
32520019
32520020
32520021
32520022
32520023
32520024
32520025
32690000
32690001
32690002
32690003
32690004
32690005
32690006
32690007
32690008
32690009
32690010
32690011
32690012
32690013
32690014
32690015
32690016
32690017
32690018
32690019
32690020
32690021
32690022
32690023
32690024
32690025
32900000
32900001
32900002
32900003
32900004
32900005
32900006
32900007
32900008
32900009
32900010
32900011
32900012
32900013
32900014
32900015
32900016
32900017
32900018
32900019
32900020
32900021
32900022
32900023
32900024
32900025
32910000
32910001
32910002
32910003
32910004
32910005
32910006
32910007
32910008
32910009
32910010
32910011
32910012
32910013
32910014
32910015
32910016
32910017
32910018
32910019
32910020
32910021
32910022
32910023
32910024
32910025
32920000
32920001
32920002
32920003
32920004
32920005
32920006
32920007
32920008
32920009
32920010
32920011
32920012
32920013
32920014
32920015
32920016
32920017
32920018
32920019
32920020
32920021
32920022
32920023
32920024
32920025
33000000
33000001
33000002
33000003
33000004
33000005
33000006
33000007
33000008
33000009
33000010
33000011
33000012
33000013
33000014
33000015
33000016
33000017
33000018
33000019
33000020
33000021
33000022
33000023
33000024
33000025
33040000
33040001
33040002
33040003
33040004
33040005
33040006
33040007
33040008
33040009
33040010
33040011
33040012
33040013
33040014
33040015
33040016
33040017
33040018
33040019
33040020
33040021
33040022
33040023
33040024
33040025
33050000
33050001
33050002
33050003
33050004
33050005
33050006
33050007
33050008
33050009
33050010
33050011
33050012
33050013
33050014
33050015
33050016
33050017
33050018
33050019
33050020
33050021
33050022
33050023
33050024
33050025
33060000
33060001
33060002
33060003
33060004
33060005
33060006
33060007
33060008
33060009
33060010
33060011
33060012
33060013
33060014
33060015
33060016
33060017
33060018
33060019
33060020
33060021
33060022
33060023
33060024
33060025
33090000
33090001
33090002
33090003
33090004
33090005
33090006
33090007
33090008
33090009
33090010
33090011
33090012
33090013
33090014
33090015
33090016
33090017
33090018
33090019
33090020
33090021
33090022
33090023
33090024
33090025
33120000
33120001
33120002
33120003
33120004
33120005
33120006
33120007
33120008
33120009
33120010
33120011
33120012
33120013
33120014
33120015
33120016
33120017
33120018
33120019
33120020
33120021
33120022
33120023
33120024
33120025
33130000
33130001
33130002
33130003
33130004
33130005
33130006
33130007
33130008
33130009
33130010
33130011
33130012
33130013
33130014
33130015
33130016
33130017
33130018
33130019
33130020
33130021
33130022
33130023
33130024
33130025
33170000
33170001
33170002
33170003
33170004
33170005
33170006
33170007
33170008
33170009
33170010
33170011
33170012
33170013
33170014
33170015
33170016
33170017
33170018
33170019
33170020
33170021
33170022
33170023
33170024
33170025
33180000
33180001
33180002
33180003
33180004
33180005
33180006
33180007
33180008
33180009
33180010
33180011
33180012
33180013
33180014
33180015
33180016
33180017
33180018
33180019
33180020
33180021
33180022
33180023
33180024
33180025
33190000
33190001
33190002
33190003
33190004
33190005
33190006
33190007
33190008
33190009
33190010
33190011
33190012
33190013
33190014
33190015
33190016
33190017
33190018
33190019
33190020
33190021
33190022
33190023
33190024
33190025
33200000
33200001
33200002
33200003
33200004
33200005
33200006
33200007
33200008
33200009
33200010
33200011
33200012
33200013
33200014
33200015
33200016
33200017
33200018
33200019
33200020
33200021
33200022
33200023
33200024
33200025
33210000
33210001
33210002
33210003
33210004
33210005
33210006
33210007
33210008
33210009
33210010
33210011
33210012
33210013
33210014
33210015
33210016
33210017
33210018
33210019
33210020
33210021
33210022
33210023
33210024
33210025
33230000
33230001
33230002
33230003
33230004
33230005
33230006
33230007
33230008
33230009
33230010
33230011
33230012
33230013
33230014
33230015
33230016
33230017
33230018
33230019
33230020
33230021
33230022
33230023
33230024
33230025
33240000
33240001
33240002
33240003
33240004
33240005
33240006
33240007
33240008
33240009
33240010
33240011
33240012
33240013
33240014
33240015
33240016
33240017
33240018
33240019
33240020
33240021
33240022
33240023
33240024
33240025
33250000
33250001
33250002
33250003
33250004
33250005
33250006
33250007
33250008
33250009
33250010
33250011
33250012
33250013
33250014
33250015
33250016
33250017
33250018
33250019
33250020
33250021
33250022
33250023
33250024
33250025
33260000
33260001
33260002
33260003
33260004
33260005
33260006
33260007
33260008
33260009
33260010
33260011
33260012
33260013
33260014
33260015
33260016
33260017
33260018
33260019
33260020
33260021
33260022
33260023
33260024
33260025
33270000
33270001
33270002
33270003
33270004
33270005
33270006
33270007
33270008
33270009
33270010
33270011
33270012
33270013
33270014
33270015
33270016
33270017
33270018
33270019
33270020
33270021
33270022
33270023
33270024
33270025
33280000
33280001
33280002
33280003
33280004
33280005
33280006
33280007
33280008
33280009
33280010
33280011
33280012
33280013
33280014
33280015
33280016
33280017
33280018
33280019
33280020
33280021
33280022
33280023
33280024
33280025
33510000
33510001
33510002
33510003
33510004
33510005
33510006
33510007
33510008
33510009
33510010
33510011
33510012
33510013
33510014
33510015
33510016
33510017
33510018
33510019
33510020
33510021
33510022
33510023
33510024
33510025
33520000
33520001
33520002
33520003
33520004
33520005
33520006
33520007
33520008
33520009
33520010
33520011
33520012
33520013
33520014
33520015
33520016
33520017
33520018
33520019
33520020
33520021
33520022
33520023
33520024
33520025
33690000
33690001
33690002
33690003
33690004
33690005
33690006
33690007
33690008
33690009
33690010
33690011
33690012
33690013
33690014
33690015
33690016
33690017
33690018
33690019
33690020
33690021
33690022
33690023
33690024
33690025
33900000
33900001
33900002
33900003
33900004
33900005
33900006
33900007
33900008
33900009
33900010
33900011
33900012
33900013
33900014
33900015
33900016
33900017
33900018
33900019
33900020
33900021
33900022
33900023
33900024
33900025
33910000
33910001
33910002
33910003
33910004
33910005
33910006
33910007
33910008
33910009
33910010
33910011
33910012
33910013
33910014
33910015
33910016
33910017
33910018
33910019
33910020
33910021
33910022
33910023
33910024
33910025
33920000
33920001
33920002
33920003
33920004
33920005
33920006
33920007
33920008
33920009
33920010
33920011
33920012
33920013
33920014
33920015
33920016
33920017
33920018
33920019
33920020
33920021
33920022
33920023
33920024
33920025
33930000
33930001
33930002
33930003
33930004
33930005
33930006
33930007
33930008
33930009
33930010
33930011
33930012
33930013
33930014
33930015
33930016
33930017
33930018
33930019
33930020
33930021
33930022
33930023
33930024
33930025
33940000
33940001
33940002
33940003
33940004
33940005
33940006
33940007
33940008
33940009
33940010
33940011
33940012
33940013
33940014
33940015
33940016
33940017
33940018
33940019
33940020
33940021
33940022
33940023
33940024
33940025
33950000
33950001
33950002
33950003
33950004
33950005
33950006
33950007
33950008
33950009
33950010
33950011
33950012
33950013
33950014
33950015
33950016
33950017
33950018
33950019
33950020
33950021
33950022
33950023
33950024
33950025
33960000
33960001
33960002
33960003
33960004
33960005
33960006
33960007
33960008
33960009
33960010
33960011
33960012
33960013
33960014
33960015
33960016
33960017
33960018
33960019
33960020
33960021
33960022
33960023
33960024
33960025
33970000
33970001
33970002
33970003
33970004
33970005
33970006
33970007
33970008
33970009
33970010
33970011
33970012
33970013
33970014
33970015
33970016
33970017
33970018
33970019
33970020
33970021
33970022
33970023
33970024
33970025
33980000
33980001
33980002
33980003
33980004
33980005
33980006
33980007
33980008
33980009
33980010
33980011
33980012
33980013
33980014
33980015
33980016
33980017
33980018
33980019
33980020
33980021
33980022
33980023
33980024
33980025
34000000
34000001
34000002
34000003
34000004
34000005
34000006
34000007
34000008
34000009
34000010
34000011
34000012
34000013
34000014
34000015
34000016
34000017
34000018
34000019
34000020
34000021
34000022
34000023
34000024
34000025
34010000
34010001
34010002
34010003
34010004
34010005
34010006
34010007
34010008
34010009
34010010
34010011
34010012
34010013
34010014
34010015
34010016
34010017
34010018
34010019
34010020
34010021
34010022
34010023
34010024
34010025
34020000
34020001
34020002
34020003
34020004
34020005
34020006
34020007
34020008
34020009
34020010
34020011
34020012
34020013
34020014
34020015
34020016
34020017
34020018
34020019
34020020
34020021
34020022
34020023
34020024
34020025
34030000
34030001
34030002
34030003
34030004
34030005
34030006
34030007
34030008
34030009
34030010
34030011
34030012
34030013
34030014
34030015
34030016
34030017
34030018
34030019
34030020
34030021
34030022
34030023
34030024
34030025
34040000
34040001
34040002
34040003
34040004
34040005
34040006
34040007
34040008
34040009
34040010
34040011
34040012
34040013
34040014
34040015
34040016
34040017
34040018
34040019
34040020
34040021
34040022
34040023
34040024
34040025
34060000
34060001
34060002
34060003
34060004
34060005
34060006
34060007
34060008
34060009
34060010
34060011
34060012
34060013
34060014
34060015
34060016
34060017
34060018
34060019
34060020
34060021
34060022
34060023
34060024
34060025
34070000
34070001
34070002
34070003
34070004
34070005
34070006
34070007
34070008
34070009
34070010
34070011
34070012
34070013
34070014
34070015
34070016
34070017
34070018
34070019
34070020
34070021
34070022
34070023
34070024
34070025
34080000
34080001
34080002
34080003
34080004
34080005
34080006
34080007
34080008
34080009
34080010
34080011
34080012
34080013
34080014
34080015
34080016
34080017
34080018
34080019
34080020
34080021
34080022
34080023
34080024
34080025
34090000
34090001
34090002
34090003
34090004
34090005
34090006
34090007
34090008
34090009
34090010
34090011
34090012
34090013
34090014
34090015
34090016
34090017
34090018
34090019
34090020
34090021
34090022
34090023
34090024
34090025
34500000
34500001
34500002
34500003
34500004
34500005
34500006
34500007
34500008
34500009
34500010
34500011
34500012
34500013
34500014
34500015
34500016
34500017
34500018
34500019
34500020
34500021
34500022
34500023
34500024
34500025
34510000
34510001
34510002
34510003
34510004
34510005
34510006
34510007
34510008
34510009
34510010
34510011
34510012
34510013
34510014
34510015
34510016
34510017
34510018
34510019
34510020
34510021
34510022
34510023
34510024
34510025
34520000
34520001
34520002
34520003
34520004
34520005
34520006
34520007
34520008
34520009
34520010
34520011
34520012
34520013
34520014
34520015
34520016
34520017
34520018
34520019
34520020
34520021
34520022
34520023
34520024
34520025
34610000
34610001
34610002
34610003
34610004
34610005
34610006
34610007
34610008
34610009
34610010
34610011
34610012
34610013
34610014
34610015
34610016
34610017
34610018
34610019
34610020
34610021
34610022
34610023
34610024
34610025
34620000
34620001
34620002
34620003
34620004
34620005
34620006
34620007
34620008
34620009
34620010
34620011
34620012
34620013
34620014
34620015
34620016
34620017
34620018
34620019
34620020
34620021
34620022
34620023
34620024
34620025
34630000
34630001
34630002
34630003
34630004
34630005
34630006
34630007
34630008
34630009
34630010
34630011
34630012
34630013
34630014
34630015
34630016
34630017
34630018
34630019
34630020
34630021
34630022
34630023
34630024
34630025
34640000
34640001
34640002
34640003
34640004
34640005
34640006
34640007
34640008
34640009
34640010
34640011
34640012
34640013
34640014
34640015
34640016
34640017
34640018
34640019
34640020
34640021
34640022
34640023
34640024
34640025
34650000
34650001
34650002
34650003
34650004
34650005
34650006
34650007
34650008
34650009
34650010
34650011
34650012
34650013
34650014
34650015
34650016
34650017
34650018
34650019
34650020
34650021
34650022
34650023
34650024
34650025
34660000
34660001
34660002
34660003
34660004
34660005
34660006
34660007
34660008
34660009
34660010
34660011
34660012
34660013
34660014
34660015
34660016
34660017
34660018
34660019
34660020
34660021
34660022
34660023
34660024
34660025
34670000
34670001
34670002
34670003
34670004
34670005
34670006
34670007
34670008
34670009
34670010
34670011
34670012
34670013
34670014
34670015
34670016
34670017
34670018
34670019
34670020
34670021
34670022
34670023
34670024
34670025
34680000
34680001
34680002
34680003
34680004
34680005
34680006
34680007
34680008
34680009
34680010
34680011
34680012
34680013
34680014
34680015
34680016
34680017
34680018
34680019
34680020
34680021
34680022
34680023
34680024
34680025
34690000
34690001
34690002
34690003
34690004
34690005
34690006
34690007
34690008
34690009
34690010
34690011
34690012
34690013
34690014
34690015
34690016
34690017
34690018
34690019
34690020
34690021
34690022
34690023
34690024
34690025
34900000
34900001
34900002
34900003
34900004
34900005
34900006
34900007
34900008
34900009
34900010
34900011
34900012
34900013
34900014
34900015
34900016
34900017
34900018
34900019
34900020
34900021
34900022
34900023
34900024
34900025
34910000
34910001
34910002
34910003
34910004
34910005
34910006
34910007
34910008
34910009
34910010
34910011
34910012
34910013
34910014
34910015
34910016
34910017
34910018
34910019
34910020
34910021
34910022
34910023
34910024
34910025
34920000
34920001
34920002
34920003
34920004
34920005
34920006
34920007
34920008
34920009
34920010
34920011
34920012
34920013
34920014
34920015
34920016
34920017
34920018
34920019
34920020
34920021
34920022
34920023
34920024
34920025
34930000
34930001
34930002
34930003
34930004
34930005
34930006
34930007
34930008
34930009
34930010
34930011
34930012
34930013
34930014
34930015
34930016
34930017
34930018
34930019
34930020
34930021
34930022
34930023
34930024
34930025
34940000
34940001
34940002
34940003
34940004
34940005
34940006
34940007
34940008
34940009
34940010
34940011
34940012
34940013
34940014
34940015
34940016
34940017
34940018
34940019
34940020
34940021
34940022
34940023
34940024
34940025
34950000
34950001
34950002
34950003
34950004
34950005
34950006
34950007
34950008
34950009
34950010
34950011
34950012
34950013
34950014
34950015
34950016
34950017
34950018
34950019
34950020
34950021
34950022
34950023
34950024
34950025
34960000
34960001
34960002
34960003
34960004
34960005
34960006
34960007
34960008
34960009
34960010
34960011
34960012
34960013
34960014
34960015
34960016
34960017
34960018
34960019
34960020
34960021
34960022
34960023
34960024
34960025
34970000
34970001
34970002
34970003
34970004
34970005
34970006
34970007
34970008
34970009
34970010
34970011
34970012
34970013
34970014
34970015
34970016
34970017
34970018
34970019
34970020
34970021
34970022
34970023
34970024
34970025
34980000
34980001
34980002
34980003
34980004
34980005
34980006
34980007
34980008
34980009
34980010
34980011
34980012
34980013
34980014
34980015
34980016
34980017
34980018
34980019
34980020
34980021
34980022
34980023
34980024
34980025
34990000
34990001
34990002
34990003
34990004
34990005
34990006
34990007
34990008
34990009
34990010
34990011
34990012
34990013
34990014
34990015
34990016
34990017
34990018
34990019
34990020
34990021
34990022
34990023
34990024
34990025
40000000
40000001
40000002
40000003
40000004
40000005
40000006
40000007
40000008
40000009
40000010
40000011
40000012
40000013
40000014
40000015
40000016
40000017
40000018
40000019
40000020
40000021
40000022
40000023
40000024
40000025
40010000
40010001
40010002
40010003
40010004
40010005
40010006
40010007
40010008
40010009
40010010
40010011
40010012
40010013
40010014
40010015
40010016
40010017
40010018
40010019
40010020
40010021
40010022
40010023
40010024
40010025
40020000
40020001
40020002
40020003
40020004
40020005
40020006
40020007
40020008
40020009
40020010
40020011
40020012
40020013
40020014
40020015
40020016
40020017
40020018
40020019
40020020
40020021
40020022
40020023
40020024
40020025
40030000
40030001
40030002
40030003
40030004
40030005
40030006
40030007
40030008
40030009
40030010
40030011
40030012
40030013
40030014
40030015
40030016
40030017
40030018
40030019
40030020
40030021
40030022
40030023
40030024
40030025
40050000
40050001
40050002
40050003
40050004
40050005
40050006
40050007
40050008
40050009
40050010
40050011
40050012
40050013
40050014
40050015
40050016
40050017
40050018
40050019
40050020
40050021
40050022
40050023
40050024
40050025
40500000
40500001
40500002
40500003
40500004
40500005
40500006
40500007
40500008
40500009
40500010
40500011
40500012
40500013
40500014
40500015
40500016
40500017
40500018
40500019
40500020
40500021
40500022
40500023
40500024
40500025
41000000
41000001
41000002
41000003
41000004
41000005
41000006
41000007
41000008
41000009
41000010
41000011
41000012
41000013
41000014
41000015
41000016
41000017
41000018
41000019
41000020
41000021
41000022
41000023
41000024
41000025
41010000
41010001
41010002
41010003
41010004
41010005
41010006
41010007
41010008
41010009
41010010
41010011
41010012
41010013
41010014
41010015
41010016
41010017
41010018
41010019
41010020
41010021
41010022
41010023
41010024
41010025
41020000
41020001
41020002
41020003
41020004
41020005
41020006
41020007
41020008
41020009
41020010
41020011
41020012
41020013
41020014
41020015
41020016
41020017
41020018
41020019
41020020
41020021
41020022
41020023
41020024
41020025
41030000
41030001
41030002
41030003
41030004
41030005
41030006
41030007
41030008
41030009
41030010
41030011
41030012
41030013
41030014
41030015
41030016
41030017
41030018
41030019
41030020
41030021
41030022
41030023
41030024
41030025
41040000
41040001
41040002
41040003
41040004
41040005
41040006
41040007
41040008
41040009
41040010
41040011
41040012
41040013
41040014
41040015
41040016
41040017
41040018
41040019
41040020
41040021
41040022
41040023
41040024
41040025
41060000
41060001
41060002
41060003
41060004
41060005
41060006
41060007
41060008
41060009
41060010
41060011
41060012
41060013
41060014
41060015
41060016
41060017
41060018
41060019
41060020
41060021
41060022
41060023
41060024
41060025
41070000
41070001
41070002
41070003
41070004
41070005
41070006
41070007
41070008
41070009
41070010
41070011
41070012
41070013
41070014
41070015
41070016
41070017
41070018
41070019
41070020
41070021
41070022
41070023
41070024
41070025
41510000
41510001
41510002
41510003
41510004
41510005
41510006
41510007
41510008
41510009
41510010
41510011
41510012
41510013
41510014
41510015
41510016
41510017
41510018
41510019
41510020
41510021
41510022
41510023
41510024
41510025
41690000
41690001
41690002
41690003
41690004
41690005
41690006
41690007
41690008
41690009
41690010
41690011
41690012
41690013
41690014
41690015
41690016
41690017
41690018
41690019
41690020
41690021
41690022
41690023
41690024
41690025
42000000
42000001
42000002
42000003
42000004
42000005
42000006
42000007
42000008
42000009
42000010
42000011
42000012
42000013
42000014
42000015
42000016
42000017
42000018
42000019
42000020
42000021
42000022
42000023
42000024
42000025
42010000
42010001
42010002
42010003
42010004
42010005
42010006
42010007
42010008
42010009
42010010
42010011
42010012
42010013
42010014
42010015
42010016
42010017
42010018
42010019
42010020
42010021
42010022
42010023
42010024
42010025
42030000
42030001
42030002
42030003
42030004
42030005
42030006
42030007
42030008
42030009
42030010
42030011
42030012
42030013
42030014
42030015
42030016
42030017
42030018
42030019
42030020
42030021
42030022
42030023
42030024
42030025
42040000
42040001
42040002
42040003
42040004
42040005
42040006
42040007
42040008
42040009
42040010
42040011
42040012
42040013
42040014
42040015
42040016
42040017
42040018
42040019
42040020
42040021
42040022
42040023
42040024
42040025
42500000
42500001
42500002
42500003
42500004
42500005
42500006
42500007
42500008
42500009
42500010
42500011
42500012
42500013
42500014
42500015
42500016
42500017
42500018
42500019
42500020
42500021
42500022
42500023
42500024
42500025
42690000
42690001
42690002
42690003
42690004
42690005
42690006
42690007
42690008
42690009
42690010
42690011
42690012
42690013
42690014
42690015
42690016
42690017
42690018
42690019
42690020
42690021
42690022
42690023
42690024
42690025
43000000
43000001
43000002
43000003
43000004
43000005
43000006
43000007
43000008
43000009
43000010
43000011
43000012
43000013
43000014
43000015
43000016
43000017
43000018
43000019
43000020
43000021
43000022
43000023
43000024
43000025
43020000
43020001
43020002
43020003
43020004
43020005
43020006
43020007
43020008
43020009
43020010
43020011
43020012
43020013
43020014
43020015
43020016
43020017
43020018
43020019
43020020
43020021
43020022
43020023
43020024
43020025
43030000
43030001
43030002
43030003
43030004
43030005
43030006
43030007
43030008
43030009
43030010
43030011
43030012
43030013
43030014
43030015
43030016
43030017
43030018
43030019
43030020
43030021
43030022
43030023
43030024
43030025
43050000
43050001
43050002
43050003
43050004
43050005
43050006
43050007
43050008
43050009
43050010
43050011
43050012
43050013
43050014
43050015
43050016
43050017
43050018
43050019
43050020
43050021
43050022
43050023
43050024
43050025
43060000
43060001
43060002
43060003
43060004
43060005
43060006
43060007
43060008
43060009
43060010
43060011
43060012
43060013
43060014
43060015
43060016
43060017
43060018
43060019
43060020
43060021
43060022
43060023
43060024
43060025
43080000
43080001
43080002
43080003
43080004
43080005
43080006
43080007
43080008
43080009
43080010
43080011
43080012
43080013
43080014
43080015
43080016
43080017
43080018
43080019
43080020
43080021
43080022
43080023
43080024
43080025
43110000
43110001
43110002
43110003
43110004
43110005
43110006
43110007
43110008
43110009
43110010
43110011
43110012
43110013
43110014
43110015
43110016
43110017
43110018
43110019
43110020
43110021
43110022
43110023
43110024
43110025
43500000
43500001
43500002
43500003
43500004
43500005
43500006
43500007
43500008
43500009
43500010
43500011
43500012
43500013
43500014
43500015
43500016
43500017
43500018
43500019
43500020
43500021
43500022
43500023
43500024
43500025
43510000
43510001
43510002
43510003
43510004
43510005
43510006
43510007
43510008
43510009
43510010
43510011
43510012
43510013
43510014
43510015
43510016
43510017
43510018
43510019
43510020
43510021
43510022
43510023
43510024
43510025
43690000
43690001
43690002
43690003
43690004
43690005
43690006
43690007
43690008
43690009
43690010
43690011
43690012
43690013
43690014
43690015
43690016
43690017
43690018
43690019
43690020
43690021
43690022
43690023
43690024
43690025
43900000
43900001
43900002
43900003
43900004
43900005
43900006
43900007
43900008
43900009
43900010
43900011
43900012
43900013
43900014
43900015
43900016
43900017
43900018
43900019
43900020
43900021
43900022
43900023
43900024
43900025
44000000
44000001
44000002
44000003
44000004
44000005
44000006
44000007
44000008
44000009
44000010
44000011
44000012
44000013
44000014
44000015
44000016
44000017
44000018
44000019
44000020
44000021
44000022
44000023
44000024
44000025
44010000
44010001
44010002
44010003
44010004
44010005
44010006
44010007
44010008
44010009
44010010
44010011
44010012
44010013
44010014
44010015
44010016
44010017
44010018
44010019
44010020
44010021
44010022
44010023
44010024
44010025
44500000
44500001
44500002
44500003
44500004
44500005
44500006
44500007
44500008
44500009
44500010
44500011
44500012
44500013
44500014
44500015
44500016
44500017
44500018
44500019
44500020
44500021
44500022
44500023
44500024
44500025
47000000
47000001
47000002
47000003
47000004
47000005
47000006
47000007
47000008
47000009
47000010
47000011
47000012
47000013
47000014
47000015
47000016
47000017
47000018
47000019
47000020
47000021
47000022
47000023
47000024
47000025
47010000
47010001
47010002
47010003
47010004
47010005
47010006
47010007
47010008
47010009
47010010
47010011
47010012
47010013
47010014
47010015
47010016
47010017
47010018
47010019
47010020
47010021
47010022
47010023
47010024
47010025
50000000
50000001
50000002
50000003
50000004
50000005
50000006
50000007
50000008
50000009
50000010
50000011
50000012
50000013
50000014
50000015
50000016
50000017
50000018
50000019
50000020
50000021
50000022
50000023
50000024
50000025
50010000
50010001
50010002
50010003
50010004
50010005
50010006
50010007
50010008
50010009
50010010
50010011
50010012
50010013
50010014
50010015
50010016
50010017
50010018
50010019
50010020
50010021
50010022
50010023
50010024
50010025
50020000
50020001
50020002
50020003
50020004
50020005
50020006
50020007
50020008
50020009
50020010
50020011
50020012
50020013
50020014
50020015
50020016
50020017
50020018
50020019
50020020
50020021
50020022
50020023
50020024
50020025
50030000
50030001
50030002
50030003
50030004
50030005
50030006
50030007
50030008
50030009
50030010
50030011
50030012
50030013
50030014
50030015
50030016
50030017
50030018
50030019
50030020
50030021
50030022
50030023
50030024
50030025
50040000
50040001
50040002
50040003
50040004
50040005
50040006
50040007
50040008
50040009
50040010
50040011
50040012
50040013
50040014
50040015
50040016
50040017
50040018
50040019
50040020
50040021
50040022
50040023
50040024
50040025
50060000
50060001
50060002
50060003
50060004
50060005
50060006
50060007
50060008
50060009
50060010
50060011
50060012
50060013
50060014
50060015
50060016
50060017
50060018
50060019
50060020
50060021
50060022
50060023
50060024
50060025
50080000
50080001
50080002
50080003
50080004
50080005
50080006
50080007
50080008
50080009
50080010
50080011
50080012
50080013
50080014
50080015
50080016
50080017
50080018
50080019
50080020
50080021
50080022
50080023
50080024
50080025
50090000
50090001
50090002
50090003
50090004
50090005
50090006
50090007
50090008
50090009
50090010
50090011
50090012
50090013
50090014
50090015
50090016
50090017
50090018
50090019
50090020
50090021
50090022
50090023
50090024
50090025
50100000
50100001
50100002
50100003
50100004
50100005
50100006
50100007
50100008
50100009
50100010
50100011
50100012
50100013
50100014
50100015
50100016
50100017
50100018
50100019
50100020
50100021
50100022
50100023
50100024
50100025
50110000
50110001
50110002
50110003
50110004
50110005
50110006
50110007
50110008
50110009
50110010
50110011
50110012
50110013
50110014
50110015
50110016
50110017
50110018
50110019
50110020
50110021
50110022
50110023
50110024
50110025
50130000
50130001
50130002
50130003
50130004
50130005
50130006
50130007
50130008
50130009
50130010
50130011
50130012
50130013
50130014
50130015
50130016
50130017
50130018
50130019
50130020
50130021
50130022
50130023
50130024
50130025
50140000
50140001
50140002
50140003
50140004
50140005
50140006
50140007
50140008
50140009
50140010
50140011
50140012
50140013
50140014
50140015
50140016
50140017
50140018
50140019
50140020
50140021
50140022
50140023
50140024
50140025
50150000
50150001
50150002
50150003
50150004
50150005
50150006
50150007
50150008
50150009
50150010
50150011
50150012
50150013
50150014
50150015
50150016
50150017
50150018
50150019
50150020
50150021
50150022
50150023
50150024
50150025
50160000
50160001
50160002
50160003
50160004
50160005
50160006
50160007
50160008
50160009
50160010
50160011
50160012
50160013
50160014
50160015
50160016
50160017
50160018
50160019
50160020
50160021
50160022
50160023
50160024
50160025
50170000
50170001
50170002
50170003
50170004
50170005
50170006
50170007
50170008
50170009
50170010
50170011
50170012
50170013
50170014
50170015
50170016
50170017
50170018
50170019
50170020
50170021
50170022
50170023
50170024
50170025
50180000
50180001
50180002
50180003
50180004
50180005
50180006
50180007
50180008
50180009
50180010
50180011
50180012
50180013
50180014
50180015
50180016
50180017
50180018
50180019
50180020
50180021
50180022
50180023
50180024
50180025
50190000
50190001
50190002
50190003
50190004
50190005
50190006
50190007
50190008
50190009
50190010
50190011
50190012
50190013
50190014
50190015
50190016
50190017
50190018
50190019
50190020
50190021
50190022
50190023
50190024
50190025
50200000
50200001
50200002
50200003
50200004
50200005
50200006
50200007
50200008
50200009
50200010
50200011
50200012
50200013
50200014
50200015
50200016
50200017
50200018
50200019
50200020
50200021
50200022
50200023
50200024
50200025
50210000
50210001
50210002
50210003
50210004
50210005
50210006
50210007
50210008
50210009
50210010
50210011
50210012
50210013
50210014
50210015
50210016
50210017
50210018
50210019
50210020
50210021
50210022
50210023
50210024
50210025
50220000
50220001
50220002
50220003
50220004
50220005
50220006
50220007
50220008
50220009
50220010
50220011
50220012
50220013
50220014
50220015
50220016
50220017
50220018
50220019
50220020
50220021
50220022
50220023
50220024
50220025
50230000
50230001
50230002
50230003
50230004
50230005
50230006
50230007
50230008
50230009
50230010
50230011
50230012
50230013
50230014
50230015
50230016
50230017
50230018
50230019
50230020
50230021
50230022
50230023
50230024
50230025
50240000
50240001
50240002
50240003
50240004
50240005
50240006
50240007
50240008
50240009
50240010
50240011
50240012
50240013
50240014
50240015
50240016
50240017
50240018
50240019
50240020
50240021
50240022
50240023
50240024
50240025
50260000
50260001
50260002
50260003
50260004
50260005
50260006
50260007
50260008
50260009
50260010
50260011
50260012
50260013
50260014
50260015
50260016
50260017
50260018
50260019
50260020
50260021
50260022
50260023
50260024
50260025
50270000
50270001
50270002
50270003
50270004
50270005
50270006
50270007
50270008
50270009
50270010
50270011
50270012
50270013
50270014
50270015
50270016
50270017
50270018
50270019
50270020
50270021
50270022
50270023
50270024
50270025
50280000
50280001
50280002
50280003
50280004
50280005
50280006
50280007
50280008
50280009
50280010
50280011
50280012
50280013
50280014
50280015
50280016
50280017
50280018
50280019
50280020
50280021
50280022
50280023
50280024
50280025
50290000
50290001
50290002
50290003
50290004
50290005
50290006
50290007
50290008
50290009
50290010
50290011
50290012
50290013
50290014
50290015
50290016
50290017
50290018
50290019
50290020
50290021
50290022
50290023
50290024
50290025
50300000
50300001
50300002
50300003
50300004
50300005
50300006
50300007
50300008
50300009
50300010
50300011
50300012
50300013
50300014
50300015
50300016
50300017
50300018
50300019
50300020
50300021
50300022
50300023
50300024
50300025
50310000
50310001
50310002
50310003
50310004
50310005
50310006
50310007
50310008
50310009
50310010
50310011
50310012
50310013
50310014
50310015
50310016
50310017
50310018
50310019
50310020
50310021
50310022
50310023
50310024
50310025
50320000
50320001
50320002
50320003
50320004
50320005
50320006
50320007
50320008
50320009
50320010
50320011
50320012
50320013
50320014
50320015
50320016
50320017
50320018
50320019
50320020
50320021
50320022
50320023
50320024
50320025
50330000
50330001
50330002
50330003
50330004
50330005
50330006
50330007
50330008
50330009
50330010
50330011
50330012
50330013
50330014
50330015
50330016
50330017
50330018
50330019
50330020
50330021
50330022
50330023
50330024
50330025
50340000
50340001
50340002
50340003
50340004
50340005
50340006
50340007
50340008
50340009
50340010
50340011
50340012
50340013
50340014
50340015
50340016
50340017
50340018
50340019
50340020
50340021
50340022
50340023
50340024
50340025
50350000
50350001
50350002
50350003
50350004
50350005
50350006
50350007
50350008
50350009
50350010
50350011
50350012
50350013
50350014
50350015
50350016
50350017
50350018
50350019
50350020
50350021
50350022
50350023
50350024
50350025
50540000
50540001
50540002
50540003
50540004
50540005
50540006
50540007
50540008
50540009
50540010
50540011
50540012
50540013
50540014
50540015
50540016
50540017
50540018
50540019
50540020
50540021
50540022
50540023
50540024
50540025
50550000
50550001
50550002
50550003
50550004
50550005
50550006
50550007
50550008
50550009
50550010
50550011
50550012
50550013
50550014
50550015
50550016
50550017
50550018
50550019
50550020
50550021
50550022
50550023
50550024
50550025
51000000
51000001
51000002
51000003
51000004
51000005
51000006
51000007
51000008
51000009
51000010
51000011
51000012
51000013
51000014
51000015
51000016
51000017
51000018
51000019
51000020
51000021
51000022
51000023
51000024
51000025
51010000
51010001
51010002
51010003
51010004
51010005
51010006
51010007
51010008
51010009
51010010
51010011
51010012
51010013
51010014
51010015
51010016
51010017
51010018
51010019
51010020
51010021
51010022
51010023
51010024
51010025
51020000
51020001
51020002
51020003
51020004
51020005
51020006
51020007
51020008
51020009
51020010
51020011
51020012
51020013
51020014
51020015
51020016
51020017
51020018
51020019
51020020
51020021
51020022
51020023
51020024
51020025
51030000
51030001
51030002
51030003
51030004
51030005
51030006
51030007
51030008
51030009
51030010
51030011
51030012
51030013
51030014
51030015
51030016
51030017
51030018
51030019
51030020
51030021
51030022
51030023
51030024
51030025
51040000
51040001
51040002
51040003
51040004
51040005
51040006
51040007
51040008
51040009
51040010
51040011
51040012
51040013
51040014
51040015
51040016
51040017
51040018
51040019
51040020
51040021
51040022
51040023
51040024
51040025
51050000
51050001
51050002
51050003
51050004
51050005
51050006
51050007
51050008
51050009
51050010
51050011
51050012
51050013
51050014
51050015
51050016
51050017
51050018
51050019
51050020
51050021
51050022
51050023
51050024
51050025
51060000
51060001
51060002
51060003
51060004
51060005
51060006
51060007
51060008
51060009
51060010
51060011
51060012
51060013
51060014
51060015
51060016
51060017
51060018
51060019
51060020
51060021
51060022
51060023
51060024
51060025
51500000
51500001
51500002
51500003
51500004
51500005
51500006
51500007
51500008
51500009
51500010
51500011
51500012
51500013
51500014
51500015
51500016
51500017
51500018
51500019
51500020
51500021
51500022
51500023
51500024
51500025
52000000
52000001
52000002
52000003
52000004
52000005
52000006
52000007
52000008
52000009
52000010
52000011
52000012
52000013
52000014
52000015
52000016
52000017
52000018
52000019
52000020
52000021
52000022
52000023
52000024
52000025
52010000
52010001
52010002
52010003
52010004
52010005
52010006
52010007
52010008
52010009
52010010
52010011
52010012
52010013
52010014
52010015
52010016
52010017
52010018
52010019
52010020
52010021
52010022
52010023
52010024
52010025
52020000
52020001
52020002
52020003
52020004
52020005
52020006
52020007
52020008
52020009
52020010
52020011
52020012
52020013
52020014
52020015
52020016
52020017
52020018
52020019
52020020
52020021
52020022
52020023
52020024
52020025
52030000
52030001
52030002
52030003
52030004
52030005
52030006
52030007
52030008
52030009
52030010
52030011
52030012
52030013
52030014
52030015
52030016
52030017
52030018
52030019
52030020
52030021
52030022
52030023
52030024
52030025
52040000
52040001
52040002
52040003
52040004
52040005
52040006
52040007
52040008
52040009
52040010
52040011
52040012
52040013
52040014
52040015
52040016
52040017
52040018
52040019
52040020
52040021
52040022
52040023
52040024
52040025
52050000
52050001
52050002
52050003
52050004
52050005
52050006
52050007
52050008
52050009
52050010
52050011
52050012
52050013
52050014
52050015
52050016
52050017
52050018
52050019
52050020
52050021
52050022
52050023
52050024
52050025
52060000
52060001
52060002
52060003
52060004
52060005
52060006
52060007
52060008
52060009
52060010
52060011
52060012
52060013
52060014
52060015
52060016
52060017
52060018
52060019
52060020
52060021
52060022
52060023
52060024
52060025
52070000
52070001
52070002
52070003
52070004
52070005
52070006
52070007
52070008
52070009
52070010
52070011
52070012
52070013
52070014
52070015
52070016
52070017
52070018
52070019
52070020
52070021
52070022
52070023
52070024
52070025
52080000
52080001
52080002
52080003
52080004
52080005
52080006
52080007
52080008
52080009
52080010
52080011
52080012
52080013
52080014
52080015
52080016
52080017
52080018
52080019
52080020
52080021
52080022
52080023
52080024
52080025
52090000
52090001
52090002
52090003
52090004
52090005
52090006
52090007
52090008
52090009
52090010
52090011
52090012
52090013
52090014
52090015
52090016
52090017
52090018
52090019
52090020
52090021
52090022
52090023
52090024
52090025
52100000
52100001
52100002
52100003
52100004
52100005
52100006
52100007
52100008
52100009
52100010
52100011
52100012
52100013
52100014
52100015
52100016
52100017
52100018
52100019
52100020
52100021
52100022
52100023
52100024
52100025
52110000
52110001
52110002
52110003
52110004
52110005
52110006
52110007
52110008
52110009
52110010
52110011
52110012
52110013
52110014
52110015
52110016
52110017
52110018
52110019
52110020
52110021
52110022
52110023
52110024
52110025
52120000
52120001
52120002
52120003
52120004
52120005
52120006
52120007
52120008
52120009
52120010
52120011
52120012
52120013
52120014
52120015
52120016
52120017
52120018
52120019
52120020
52120021
52120022
52120023
52120024
52120025
52130000
52130001
52130002
52130003
52130004
52130005
52130006
52130007
52130008
52130009
52130010
52130011
52130012
52130013
52130014
52130015
52130016
52130017
52130018
52130019
52130020
52130021
52130022
52130023
52130024
52130025
52140000
52140001
52140002
52140003
52140004
52140005
52140006
52140007
52140008
52140009
52140010
52140011
52140012
52140013
52140014
52140015
52140016
52140017
52140018
52140019
52140020
52140021
52140022
52140023
52140024
52140025
52150000
52150001
52150002
52150003
52150004
52150005
52150006
52150007
52150008
52150009
52150010
52150011
52150012
52150013
52150014
52150015
52150016
52150017
52150018
52150019
52150020
52150021
52150022
52150023
52150024
52150025
52160000
52160001
52160002
52160003
52160004
52160005
52160006
52160007
52160008
52160009
52160010
52160011
52160012
52160013
52160014
52160015
52160016
52160017
52160018
52160019
52160020
52160021
52160022
52160023
52160024
52160025
52170000
52170001
52170002
52170003
52170004
52170005
52170006
52170007
52170008
52170009
52170010
52170011
52170012
52170013
52170014
52170015
52170016
52170017
52170018
52170019
52170020
52170021
52170022
52170023
52170024
52170025
52180000
52180001
52180002
52180003
52180004
52180005
52180006
52180007
52180008
52180009
52180010
52180011
52180012
52180013
52180014
52180015
52180016
52180017
52180018
52180019
52180020
52180021
52180022
52180023
52180024
52180025
52190000
52190001
52190002
52190003
52190004
52190005
52190006
52190007
52190008
52190009
52190010
52190011
52190012
52190013
52190014
52190015
52190016
52190017
52190018
52190019
52190020
52190021
52190022
52190023
52190024
52190025
52520000
52520001
52520002
52520003
52520004
52520005
52520006
52520007
52520008
52520009
52520010
52520011
52520012
52520013
52520014
52520015
52520016
52520017
52520018
52520019
52520020
52520021
52520022
52520023
52520024
52520025
52690000
52690001
52690002
52690003
52690004
52690005
52690006
52690007
52690008
52690009
52690010
52690011
52690012
52690013
52690014
52690015
52690016
52690017
52690018
52690019
52690020
52690021
52690022
52690023
52690024
52690025
52900000
52900001
52900002
52900003
52900004
52900005
52900006
52900007
52900008
52900009
52900010
52900011
52900012
52900013
52900014
52900015
52900016
52900017
52900018
52900019
52900020
52900021
52900022
52900023
52900024
52900025
52910000
52910001
52910002
52910003
52910004
52910005
52910006
52910007
52910008
52910009
52910010
52910011
52910012
52910013
52910014
52910015
52910016
52910017
52910018
52910019
52910020
52910021
52910022
52910023
52910024
52910025
53000000
53000001
53000002
53000003
53000004
53000005
53000006
53000007
53000008
53000009
53000010
53000011
53000012
53000013
53000014
53000015
53000016
53000017
53000018
53000019
53000020
53000021
53000022
53000023
53000024
53000025
53010000
53010001
53010002
53010003
53010004
53010005
53010006
53010007
53010008
53010009
53010010
53010011
53010012
53010013
53010014
53010015
53010016
53010017
53010018
53010019
53010020
53010021
53010022
53010023
53010024
53010025
53020000
53020001
53020002
53020003
53020004
53020005
53020006
53020007
53020008
53020009
53020010
53020011
53020012
53020013
53020014
53020015
53020016
53020017
53020018
53020019
53020020
53020021
53020022
53020023
53020024
53020025
53030000
53030001
53030002
53030003
53030004
53030005
53030006
53030007
53030008
53030009
53030010
53030011
53030012
53030013
53030014
53030015
53030016
53030017
53030018
53030019
53030020
53030021
53030022
53030023
53030024
53030025
53500000
53500001
53500002
53500003
53500004
53500005
53500006
53500007
53500008
53500009
53500010
53500011
53500012
53500013
53500014
53500015
53500016
53500017
53500018
53500019
53500020
53500021
53500022
53500023
53500024
53500025
60500000
60500001
60500002
60500003
60500004
60500005
60500006
60500007
60500008
60500009
60500010
60500011
60500012
60500013
60500014
60500015
60500016
60500017
60500018
60500019
60500020
60500021
60500022
60500023
60500024
60500025
60500100
60500101
60500102
60500103
60500104
60500105
60500106
60500107
60500108
60500109
60500110
60500111
60500112
60500113
60500114
60500115
60500116
60500117
60500118
60500119
60500120
60500121
60500122
60500123
60500124
60500125
60500200
60500201
60500202
60500203
60500204
60500205
60500206
60500207
60500208
60500209
60500210
60500211
60500212
60500213
60500214
60500215
60500216
60500217
60500218
60500219
60500220
60500221
60500222
60500223
60500224
60500225
60500300
60500301
60500302
60500303
60500304
60500305
60500306
60500307
60500308
60500309
60500310
60500311
60500312
60500313
60500314
60500315
60500316
60500317
60500318
60500319
60500320
60500321
60500322
60500323
60500324
60500325
60500400
60500401
60500402
60500403
60500404
60500405
60500406
60500407
60500408
60500409
60500410
60500411
60500412
60500413
60500414
60500415
60500416
60500417
60500418
60500419
60500420
60500421
60500422
60500423
60500424
60500425
60500500
60500501
60500502
60500503
60500504
60500505
60500506
60500507
60500508
60500509
60500510
60500511
60500512
60500513
60500514
60500515
60500516
60500517
60500518
60500519
60500520
60500521
60500522
60500523
60500524
60500525
60500600
60500601
60500602
60500603
60500604
60500605
60500606
60500607
60500608
60500609
60500610
60500611
60500612
60500613
60500614
60500615
60500616
60500617
60500618
60500619
60500620
60500621
60500622
60500623
60500624
60500625
60500700
60500701
60500702
60500703
60500704
60500705
60500706
60500707
60500708
60500709
60500710
60500711
60500712
60500713
60500714
60500715
60500716
60500717
60500718
60500719
60500720
60500721
60500722
60500723
60500724
60500725
60500800
60500801
60500802
60500803
60500804
60500805
60500806
60500807
60500808
60500809
60500810
60500811
60500812
60500813
60500814
60500815
60500816
60500817
60500818
60500819
60500820
60500821
60500822
60500823
60500824
60500825
60500900
60500901
60500902
60500903
60500904
60500905
60500906
60500907
60500908
60500909
60500910
60500911
60500912
60500913
60500914
60500915
60500916
60500917
60500918
60500919
60500920
60500921
60500922
60500923
60500924
60500925
60501000
60501001
60501002
60501003
60501004
60501005
60501006
60501007
60501008
60501009
60501010
60501011
60501012
60501013
60501014
60501015
60501016
60501017
60501018
60501019
60501020
60501021
60501022
60501023
60501024
60501025
60501100
60501101
60501102
60501103
60501104
60501105
60501106
60501107
60501108
60501109
60501110
60501111
60501112
60501113
60501114
60501115
60501116
60501117
60501118
60501119
60501120
60501121
60501122
60501123
60501124
60501125
60501200
60501201
60501202
60501203
60501204
60501205
60501206
60501207
60501208
60501209
60501210
60501211
60501212
60501213
60501214
60501215
60501216
60501217
60501218
60501219
60501220
60501221
60501222
60501223
60501224
60501225
60510000
60510001
60510002
60510003
60510004
60510005
60510006
60510007
60510008
60510009
60510010
60510011
60510012
60510013
60510014
60510015
60510016
60510017
60510018
60510019
60510020
60510021
60510022
60510023
60510024
60510025
60510100
60510101
60510102
60510103
60510104
60510105
60510106
60510107
60510108
60510109
60510110
60510111
60510112
60510113
60510114
60510115
60510116
60510117
60510118
60510119
60510120
60510121
60510122
60510123
60510124
60510125
60510200
60510201
60510202
60510203
60510204
60510205
60510206
60510207
60510208
60510209
60510210
60510211
60510212
60510213
60510214
60510215
60510216
60510217
60510218
60510219
60510220
60510221
60510222
60510223
60510224
60510225
60510300
60510301
60510302
60510303
60510304
60510305
60510306
60510307
60510308
60510309
60510310
60510311
60510312
60510313
60510314
60510315
60510316
60510317
60510318
60510319
60510320
60510321
60510322
60510323
60510324
60510325
60510400
60510401
60510402
60510403
60510404
60510405
60510406
60510407
60510408
60510409
60510410
60510411
60510412
60510413
60510414
60510415
60510416
60510417
60510418
60510419
60510420
60510421
60510422
60510423
60510424
60510425
60510500
60510501
60510502
60510503
60510504
60510505
60510506
60510507
60510508
60510509
60510510
60510511
60510512
60510513
60510514
60510515
60510516
60510517
60510518
60510519
60510520
60510521
60510522
60510523
60510524
60510525
60510600
60510601
60510602
60510603
60510604
60510605
60510606
60510607
60510608
60510609
60510610
60510611
60510612
60510613
60510614
60510615
60510616
60510617
60510618
60510619
60510620
60510621
60510622
60510623
60510624
60510625
60510700
60510701
60510702
60510703
60510704
60510705
60510706
60510707
60510708
60510709
60510710
60510711
60510712
60510713
60510714
60510715
60510716
60510717
60510718
60510719
60510720
60510721
60510722
60510723
60510724
60510725
60510800
60510801
60510802
60510803
60510804
60510805
60510806
60510807
60510808
60510809
60510810
60510811
60510812
60510813
60510814
60510815
60510816
60510817
60510818
60510819
60510820
60510821
60510822
60510823
60510824
60510825
60510900
60510901
60510902
60510903
60510904
60510905
60510906
60510907
60510908
60510909
60510910
60510911
60510912
60510913
60510914
60510915
60510916
60510917
60510918
60510919
60510920
60510921
60510922
60510923
60510924
60510925
60511000
60511001
60511002
60511003
60511004
60511005
60511006
60511007
60511008
60511009
60511010
60511011
60511012
60511013
60511014
60511015
60511016
60511017
60511018
60511019
60511020
60511021
60511022
60511023
60511024
60511025
60511100
60511101
60511102
60511103
60511104
60511105
60511106
60511107
60511108
60511109
60511110
60511111
60511112
60511113
60511114
60511115
60511116
60511117
60511118
60511119
60511120
60511121
60511122
60511123
60511124
60511125
60511200
60511201
60511202
60511203
60511204
60511205
60511206
60511207
60511208
60511209
60511210
60511211
60511212
60511213
60511214
60511215
60511216
60511217
60511218
60511219
60511220
60511221
60511222
60511223
60511224
60511225
60680000
60680001
60680002
60680003
60680004
60680005
60680006
60680007
60680008
60680009
60680010
60680011
60680012
60680013
60680014
60680015
60680016
60680017
60680018
60680019
60680020
60680021
60680022
60680023
60680024
60680025
60690000
60690001
60690002
60690003
60690004
60690005
60690006
60690007
60690008
60690009
60690010
60690011
60690012
60690013
60690014
60690015
60690016
60690017
60690018
60690019
60690020
60690021
60690022
60690023
60690024
60690025
61500000
61500001
61500002
61500003
61500004
61500005
61500006
61500007
61500008
61500009
61500010
61500011
61500012
61500013
61500014
61500015
61500016
61500017
61500018
61500019
61500020
61500021
61500022
61500023
61500024
61500025
61510000
61510001
61510002
61510003
61510004
61510005
61510006
61510007
61510008
61510009
61510010
61510011
61510012
61510013
61510014
61510015
61510016
61510017
61510018
61510019
61510020
61510021
61510022
61510023
61510024
61510025
61520000
61520001
61520002
61520003
61520004
61520005
61520006
61520007
61520008
61520009
61520010
61520011
61520012
61520013
61520014
61520015
61520016
61520017
61520018
61520019
61520020
61520021
61520022
61520023
61520024
61520025
61530000
61530001
61530002
61530003
61530004
61530005
61530006
61530007
61530008
61530009
61530010
61530011
61530012
61530013
61530014
61530015
61530016
61530017
61530018
61530019
61530020
61530021
61530022
61530023
61530024
61530025
61540000
61540001
61540002
61540003
61540004
61540005
61540006
61540007
61540008
61540009
61540010
61540011
61540012
61540013
61540014
61540015
61540016
61540017
61540018
61540019
61540020
61540021
61540022
61540023
61540024
61540025
61690000
61690001
61690002
61690003
61690004
61690005
61690006
61690007
61690008
61690009
61690010
61690011
61690012
61690013
61690014
61690015
61690016
61690017
61690018
61690019
61690020
61690021
61690022
61690023
61690024
61690025
62500000
62500001
62500002
62500003
62500004
62500005
62500006
62500007
62500008
62500009
62500010
62500011
62500012
62500013
62500014
62500015
62500016
62500017
62500018
62500019
62500020
62500021
62500022
62500023
62500024
62500025
62500100
62500101
62500102
62500103
62500104
62500105
62500106
62500107
62500108
62500109
62500110
62500111
62500112
62500113
62500114
62500115
62500116
62500117
62500118
62500119
62500120
62500121
62500122
62500123
62500124
62500125
62500200
62500201
62500202
62500203
62500204
62500205
62500206
62500207
62500208
62500209
62500210
62500211
62500212
62500213
62500214
62500215
62500216
62500217
62500218
62500219
62500220
62500221
62500222
62500223
62500224
62500225
62500300
62500301
62500302
62500303
62500304
62500305
62500306
62500307
62500308
62500309
62500310
62500311
62500312
62500313
62500314
62500315
62500316
62500317
62500318
62500319
62500320
62500321
62500322
62500323
62500324
62500325
62500400
62500401
62500402
62500403
62500404
62500405
62500406
62500407
62500408
62500409
62500410
62500411
62500412
62500413
62500414
62500415
62500416
62500417
62500418
62500419
62500420
62500421
62500422
62500423
62500424
62500425
62500500
62500501
62500502
62500503
62500504
62500505
62500506
62500507
62500508
62500509
62500510
62500511
62500512
62500513
62500514
62500515
62500516
62500517
62500518
62500519
62500520
62500521
62500522
62500523
62500524
62500525
62500600
62500601
62500602
62500603
62500604
62500605
62500606
62500607
62500608
62500609
62500610
62500611
62500612
62500613
62500614
62500615
62500616
62500617
62500618
62500619
62500620
62500621
62500622
62500623
62500624
62500625
62500700
62500701
62500702
62500703
62500704
62500705
62500706
62500707
62500708
62500709
62500710
62500711
62500712
62500713
62500714
62500715
62500716
62500717
62500718
62500719
62500720
62500721
62500722
62500723
62500724
62500725
62500800
62500801
62500802
62500803
62500804
62500805
62500806
62500807
62500808
62500809
62500810
62500811
62500812
62500813
62500814
62500815
62500816
62500817
62500818
62500819
62500820
62500821
62500822
62500823
62500824
62500825
62500900
62500901
62500902
62500903
62500904
62500905
62500906
62500907
62500908
62500909
62500910
62500911
62500912
62500913
62500914
62500915
62500916
62500917
62500918
62500919
62500920
62500921
62500922
62500923
62500924
62500925
62501000
62501001
62501002
62501003
62501004
62501005
62501006
62501007
62501008
62501009
62501010
62501011
62501012
62501013
62501014
62501015
62501016
62501017
62501018
62501019
62501020
62501021
62501022
62501023
62501024
62501025
62501100
62501101
62501102
62501103
62501104
62501105
62501106
62501107
62501108
62501109
62501110
62501111
62501112
62501113
62501114
62501115
62501116
62501117
62501118
62501119
62501120
62501121
62501122
62501123
62501124
62501125
62501200
62501201
62501202
62501203
62501204
62501205
62501206
62501207
62501208
62501209
62501210
62501211
62501212
62501213
62501214
62501215
62501216
62501217
62501218
62501219
62501220
62501221
62501222
62501223
62501224
62501225
62510000
62510001
62510002
62510003
62510004
62510005
62510006
62510007
62510008
62510009
62510010
62510011
62510012
62510013
62510014
62510015
62510016
62510017
62510018
62510019
62510020
62510021
62510022
62510023
62510024
62510025
62510100
62510101
62510102
62510103
62510104
62510105
62510106
62510107
62510108
62510109
62510110
62510111
62510112
62510113
62510114
62510115
62510116
62510117
62510118
62510119
62510120
62510121
62510122
62510123
62510124
62510125
62510200
62510201
62510202
62510203
62510204
62510205
62510206
62510207
62510208
62510209
62510210
62510211
62510212
62510213
62510214
62510215
62510216
62510217
62510218
62510219
62510220
62510221
62510222
62510223
62510224
62510225
62510300
62510301
62510302
62510303
62510304
62510305
62510306
62510307
62510308
62510309
62510310
62510311
62510312
62510313
62510314
62510315
62510316
62510317
62510318
62510319
62510320
62510321
62510322
62510323
62510324
62510325
62510400
62510401
62510402
62510403
62510404
62510405
62510406
62510407
62510408
62510409
62510410
62510411
62510412
62510413
62510414
62510415
62510416
62510417
62510418
62510419
62510420
62510421
62510422
62510423
62510424
62510425
62510500
62510501
62510502
62510503
62510504
62510505
62510506
62510507
62510508
62510509
62510510
62510511
62510512
62510513
62510514
62510515
62510516
62510517
62510518
62510519
62510520
62510521
62510522
62510523
62510524
62510525
62510600
62510601
62510602
62510603
62510604
62510605
62510606
62510607
62510608
62510609
62510610
62510611
62510612
62510613
62510614
62510615
62510616
62510617
62510618
62510619
62510620
62510621
62510622
62510623
62510624
62510625
62510700
62510701
62510702
62510703
62510704
62510705
62510706
62510707
62510708
62510709
62510710
62510711
62510712
62510713
62510714
62510715
62510716
62510717
62510718
62510719
62510720
62510721
62510722
62510723
62510724
62510725
62510800
62510801
62510802
62510803
62510804
62510805
62510806
62510807
62510808
62510809
62510810
62510811
62510812
62510813
62510814
62510815
62510816
62510817
62510818
62510819
62510820
62510821
62510822
62510823
62510824
62510825
62510900
62510901
62510902
62510903
62510904
62510905
62510906
62510907
62510908
62510909
62510910
62510911
62510912
62510913
62510914
62510915
62510916
62510917
62510918
62510919
62510920
62510921
62510922
62510923
62510924
62510925
62511000
62511001
62511002
62511003
62511004
62511005
62511006
62511007
62511008
62511009
62511010
62511011
62511012
62511013
62511014
62511015
62511016
62511017
62511018
62511019
62511020
62511021
62511022
62511023
62511024
62511025
62511100
62511101
62511102
62511103
62511104
62511105
62511106
62511107
62511108
62511109
62511110
62511111
62511112
62511113
62511114
62511115
62511116
62511117
62511118
62511119
62511120
62511121
62511122
62511123
62511124
62511125
62511200
62511201
62511202
62511203
62511204
62511205
62511206
62511207
62511208
62511209
62511210
62511211
62511212
62511213
62511214
62511215
62511216
62511217
62511218
62511219
62511220
62511221
62511222
62511223
62511224
62511225
63500000
63500001
63500002
63500003
63500004
63500005
63500006
63500007
63500008
63500009
63500010
63500011
63500012
63500013
63500014
63500015
63500016
63500017
63500018
63500019
63500020
63500021
63500022
63500023
63500024
63500025
63500100
63500101
63500102
63500103
63500104
63500105
63500106
63500107
63500108
63500109
63500110
63500111
63500112
63500113
63500114
63500115
63500116
63500117
63500118
63500119
63500120
63500121
63500122
63500123
63500124
63500125
63500200
63500201
63500202
63500203
63500204
63500205
63500206
63500207
63500208
63500209
63500210
63500211
63500212
63500213
63500214
63500215
63500216
63500217
63500218
63500219
63500220
63500221
63500222
63500223
63500224
63500225
63500300
63500301
63500302
63500303
63500304
63500305
63500306
63500307
63500308
63500309
63500310
63500311
63500312
63500313
63500314
63500315
63500316
63500317
63500318
63500319
63500320
63500321
63500322
63500323
63500324
63500325
63500400
63500401
63500402
63500403
63500404
63500405
63500406
63500407
63500408
63500409
63500410
63500411
63500412
63500413
63500414
63500415
63500416
63500417
63500418
63500419
63500420
63500421
63500422
63500423
63500424
63500425
63500500
63500501
63500502
63500503
63500504
63500505
63500506
63500507
63500508
63500509
63500510
63500511
63500512
63500513
63500514
63500515
63500516
63500517
63500518
63500519
63500520
63500521
63500522
63500523
63500524
63500525
63500600
63500601
63500602
63500603
63500604
63500605
63500606
63500607
63500608
63500609
63500610
63500611
63500612
63500613
63500614
63500615
63500616
63500617
63500618
63500619
63500620
63500621
63500622
63500623
63500624
63500625
63500700
63500701
63500702
63500703
63500704
63500705
63500706
63500707
63500708
63500709
63500710
63500711
63500712
63500713
63500714
63500715
63500716
63500717
63500718
63500719
63500720
63500721
63500722
63500723
63500724
63500725
63500800
63500801
63500802
63500803
63500804
63500805
63500806
63500807
63500808
63500809
63500810
63500811
63500812
63500813
63500814
63500815
63500816
63500817
63500818
63500819
63500820
63500821
63500822
63500823
63500824
63500825
63500900
63500901
63500902
63500903
63500904
63500905
63500906
63500907
63500908
63500909
63500910
63500911
63500912
63500913
63500914
63500915
63500916
63500917
63500918
63500919
63500920
63500921
63500922
63500923
63500924
63500925
63501000
63501001
63501002
63501003
63501004
63501005
63501006
63501007
63501008
63501009
63501010
63501011
63501012
63501013
63501014
63501015
63501016
63501017
63501018
63501019
63501020
63501021
63501022
63501023
63501024
63501025
63501100
63501101
63501102
63501103
63501104
63501105
63501106
63501107
63501108
63501109
63501110
63501111
63501112
63501113
63501114
63501115
63501116
63501117
63501118
63501119
63501120
63501121
63501122
63501123
63501124
63501125
63501200
63501201
63501202
63501203
63501204
63501205
63501206
63501207
63501208
63501209
63501210
63501211
63501212
63501213
63501214
63501215
63501216
63501217
63501218
63501219
63501220
63501221
63501222
63501223
63501224
63501225
64500000
64500001
64500002
64500003
64500004
64500005
64500006
64500007
64500008
64500009
64500010
64500011
64500012
64500013
64500014
64500015
64500016
64500017
64500018
64500019
64500020
64500021
64500022
64500023
64500024
64500025
64500100
64500101
64500102
64500103
64500104
64500105
64500106
64500107
64500108
64500109
64500110
64500111
64500112
64500113
64500114
64500115
64500116
64500117
64500118
64500119
64500120
64500121
64500122
64500123
64500124
64500125
64500200
64500201
64500202
64500203
64500204
64500205
64500206
64500207
64500208
64500209
64500210
64500211
64500212
64500213
64500214
64500215
64500216
64500217
64500218
64500219
64500220
64500221
64500222
64500223
64500224
64500225
64500300
64500301
64500302
64500303
64500304
64500305
64500306
64500307
64500308
64500309
64500310
64500311
64500312
64500313
64500314
64500315
64500316
64500317
64500318
64500319
64500320
64500321
64500322
64500323
64500324
64500325
64500400
64500401
64500402
64500403
64500404
64500405
64500406
64500407
64500408
64500409
64500410
64500411
64500412
64500413
64500414
64500415
64500416
64500417
64500418
64500419
64500420
64500421
64500422
64500423
64500424
64500425
64500500
64500501
64500502
64500503
64500504
64500505
64500506
64500507
64500508
64500509
64500510
64500511
64500512
64500513
64500514
64500515
64500516
64500517
64500518
64500519
64500520
64500521
64500522
64500523
64500524
64500525
64500600
64500601
64500602
64500603
64500604
64500605
64500606
64500607
64500608
64500609
64500610
64500611
64500612
64500613
64500614
64500615
64500616
64500617
64500618
64500619
64500620
64500621
64500622
64500623
64500624
64500625
64500700
64500701
64500702
64500703
64500704
64500705
64500706
64500707
64500708
64500709
64500710
64500711
64500712
64500713
64500714
64500715
64500716
64500717
64500718
64500719
64500720
64500721
64500722
64500723
64500724
64500725
64500800
64500801
64500802
64500803
64500804
64500805
64500806
64500807
64500808
64500809
64500810
64500811
64500812
64500813
64500814
64500815
64500816
64500817
64500818
64500819
64500820
64500821
64500822
64500823
64500824
64500825
64500900
64500901
64500902
64500903
64500904
64500905
64500906
64500907
64500908
64500909
64500910
64500911
64500912
64500913
64500914
64500915
64500916
64500917
64500918
64500919
64500920
64500921
64500922
64500923
64500924
64500925
64501000
64501001
64501002
64501003
64501004
64501005
64501006
64501007
64501008
64501009
64501010
64501011
64501012
64501013
64501014
64501015
64501016
64501017
64501018
64501019
64501020
64501021
64501022
64501023
64501024
64501025
64501100
64501101
64501102
64501103
64501104
64501105
64501106
64501107
64501108
64501109
64501110
64501111
64501112
64501113
64501114
64501115
64501116
64501117
64501118
64501119
64501120
64501121
64501122
64501123
64501124
64501125
64501200
64501201
64501202
64501203
64501204
64501205
64501206
64501207
64501208
64501209
64501210
64501211
64501212
64501213
64501214
64501215
64501216
64501217
64501218
64501219
64501220
64501221
64501222
64501223
64501224
64501225
64510000
64510001
64510002
64510003
64510004
64510005
64510006
64510007
64510008
64510009
64510010
64510011
64510012
64510013
64510014
64510015
64510016
64510017
64510018
64510019
64510020
64510021
64510022
64510023
64510024
64510025
64510100
64510101
64510102
64510103
64510104
64510105
64510106
64510107
64510108
64510109
64510110
64510111
64510112
64510113
64510114
64510115
64510116
64510117
64510118
64510119
64510120
64510121
64510122
64510123
64510124
64510125
64510200
64510201
64510202
64510203
64510204
64510205
64510206
64510207
64510208
64510209
64510210
64510211
64510212
64510213
64510214
64510215
64510216
64510217
64510218
64510219
64510220
64510221
64510222
64510223
64510224
64510225
64510300
64510301
64510302
64510303
64510304
64510305
64510306
64510307
64510308
64510309
64510310
64510311
64510312
64510313
64510314
64510315
64510316
64510317
64510318
64510319
64510320
64510321
64510322
64510323
64510324
64510325
64510400
64510401
64510402
64510403
64510404
64510405
64510406
64510407
64510408
64510409
64510410
64510411
64510412
64510413
64510414
64510415
64510416
64510417
64510418
64510419
64510420
64510421
64510422
64510423
64510424
64510425
64510500
64510501
64510502
64510503
64510504
64510505
64510506
64510507
64510508
64510509
64510510
64510511
64510512
64510513
64510514
64510515
64510516
64510517
64510518
64510519
64510520
64510521
64510522
64510523
64510524
64510525
64510600
64510601
64510602
64510603
64510604
64510605
64510606
64510607
64510608
64510609
64510610
64510611
64510612
64510613
64510614
64510615
64510616
64510617
64510618
64510619
64510620
64510621
64510622
64510623
64510624
64510625
64510700
64510701
64510702
64510703
64510704
64510705
64510706
64510707
64510708
64510709
64510710
64510711
64510712
64510713
64510714
64510715
64510716
64510717
64510718
64510719
64510720
64510721
64510722
64510723
64510724
64510725
64510800
64510801
64510802
64510803
64510804
64510805
64510806
64510807
64510808
64510809
64510810
64510811
64510812
64510813
64510814
64510815
64510816
64510817
64510818
64510819
64510820
64510821
64510822
64510823
64510824
64510825
64510900
64510901
64510902
64510903
64510904
64510905
64510906
64510907
64510908
64510909
64510910
64510911
64510912
64510913
64510914
64510915
64510916
64510917
64510918
64510919
64510920
64510921
64510922
64510923
64510924
64510925
64511000
64511001
64511002
64511003
64511004
64511005
64511006
64511007
64511008
64511009
64511010
64511011
64511012
64511013
64511014
64511015
64511016
64511017
64511018
64511019
64511020
64511021
64511022
64511023
64511024
64511025
64511100
64511101
64511102
64511103
64511104
64511105
64511106
64511107
64511108
64511109
64511110
64511111
64511112
64511113
64511114
64511115
64511116
64511117
64511118
64511119
64511120
64511121
64511122
64511123
64511124
64511125
64511200
64511201
64511202
64511203
64511204
64511205
64511206
64511207
64511208
64511209
64511210
64511211
64511212
64511213
64511214
64511215
64511216
64511217
64511218
64511219
64511220
64511221
64511222
64511223
64511224
64511225
64520000
64520001
64520002
64520003
64520004
64520005
64520006
64520007
64520008
64520009
64520010
64520011
64520012
64520013
64520014
64520015
64520016
64520017
64520018
64520019
64520020
64520021
64520022
64520023
64520024
64520025
66500000
66500001
66500002
66500003
66500004
66500005
66500006
66500007
66500008
66500009
66500010
66500011
66500012
66500013
66500014
66500015
66500016
66500017
66500018
66500019
66500020
66500021
66500022
66500023
66500024
66500025
66500100
66500101
66500102
66500103
66500104
66500105
66500106
66500107
66500108
66500109
66500110
66500111
66500112
66500113
66500114
66500115
66500116
66500117
66500118
66500119
66500120
66500121
66500122
66500123
66500124
66500125
66500200
66500201
66500202
66500203
66500204
66500205
66500206
66500207
66500208
66500209
66500210
66500211
66500212
66500213
66500214
66500215
66500216
66500217
66500218
66500219
66500220
66500221
66500222
66500223
66500224
66500225
66500300
66500301
66500302
66500303
66500304
66500305
66500306
66500307
66500308
66500309
66500310
66500311
66500312
66500313
66500314
66500315
66500316
66500317
66500318
66500319
66500320
66500321
66500322
66500323
66500324
66500325
66500400
66500401
66500402
66500403
66500404
66500405
66500406
66500407
66500408
66500409
66500410
66500411
66500412
66500413
66500414
66500415
66500416
66500417
66500418
66500419
66500420
66500421
66500422
66500423
66500424
66500425
66500500
66500501
66500502
66500503
66500504
66500505
66500506
66500507
66500508
66500509
66500510
66500511
66500512
66500513
66500514
66500515
66500516
66500517
66500518
66500519
66500520
66500521
66500522
66500523
66500524
66500525
66500600
66500601
66500602
66500603
66500604
66500605
66500606
66500607
66500608
66500609
66500610
66500611
66500612
66500613
66500614
66500615
66500616
66500617
66500618
66500619
66500620
66500621
66500622
66500623
66500624
66500625
66500700
66500701
66500702
66500703
66500704
66500705
66500706
66500707
66500708
66500709
66500710
66500711
66500712
66500713
66500714
66500715
66500716
66500717
66500718
66500719
66500720
66500721
66500722
66500723
66500724
66500725
66500800
66500801
66500802
66500803
66500804
66500805
66500806
66500807
66500808
66500809
66500810
66500811
66500812
66500813
66500814
66500815
66500816
66500817
66500818
66500819
66500820
66500821
66500822
66500823
66500824
66500825
66500900
66500901
66500902
66500903
66500904
66500905
66500906
66500907
66500908
66500909
66500910
66500911
66500912
66500913
66500914
66500915
66500916
66500917
66500918
66500919
66500920
66500921
66500922
66500923
66500924
66500925
66501000
66501001
66501002
66501003
66501004
66501005
66501006
66501007
66501008
66501009
66501010
66501011
66501012
66501013
66501014
66501015
66501016
66501017
66501018
66501019
66501020
66501021
66501022
66501023
66501024
66501025
66501100
66501101
66501102
66501103
66501104
66501105
66501106
66501107
66501108
66501109
66501110
66501111
66501112
66501113
66501114
66501115
66501116
66501117
66501118
66501119
66501120
66501121
66501122
66501123
66501124
66501125
66501200
66501201
66501202
66501203
66501204
66501205
66501206
66501207
66501208
66501209
66501210
66501211
66501212
66501213
66501214
66501215
66501216
66501217
66501218
66501219
66501220
66501221
66501222
66501223
66501224
66501225
66510000
66510001
66510002
66510003
66510004
66510005
66510006
66510007
66510008
66510009
66510010
66510011
66510012
66510013
66510014
66510015
66510016
66510017
66510018
66510019
66510020
66510021
66510022
66510023
66510024
66510025
66520000
66520001
66520002
66520003
66520004
66520005
66520006
66520007
66520008
66520009
66520010
66520011
66520012
66520013
66520014
66520015
66520016
66520017
66520018
66520019
66520020
66520021
66520022
66520023
66520024
66520025
66680000
66680001
66680002
66680003
66680004
66680005
66680006
66680007
66680008
66680009
66680010
66680011
66680012
66680013
66680014
66680015
66680016
66680017
66680018
66680019
66680020
66680021
66680022
66680023
66680024
66680025
66690000
66690001
66690002
66690003
66690004
66690005
66690006
66690007
66690008
66690009
66690010
66690011
66690012
66690013
66690014
66690015
66690016
66690017
66690018
66690019
66690020
66690021
66690022
66690023
66690024
66690025
67500000
67500001
67500002
67500003
67500004
67500005
67500006
67500007
67500008
67500009
67500010
67500011
67500012
67500013
67500014
67500015
67500016
67500017
67500018
67500019
67500020
67500021
67500022
67500023
67500024
67500025
67500100
67500101
67500102
67500103
67500104
67500105
67500106
67500107
67500108
67500109
67500110
67500111
67500112
67500113
67500114
67500115
67500116
67500117
67500118
67500119
67500120
67500121
67500122
67500123
67500124
67500125
67500200
67500201
67500202
67500203
67500204
67500205
67500206
67500207
67500208
67500209
67500210
67500211
67500212
67500213
67500214
67500215
67500216
67500217
67500218
67500219
67500220
67500221
67500222
67500223
67500224
67500225
67500300
67500301
67500302
67500303
67500304
67500305
67500306
67500307
67500308
67500309
67500310
67500311
67500312
67500313
67500314
67500315
67500316
67500317
67500318
67500319
67500320
67500321
67500322
67500323
67500324
67500325
67500400
67500401
67500402
67500403
67500404
67500405
67500406
67500407
67500408
67500409
67500410
67500411
67500412
67500413
67500414
67500415
67500416
67500417
67500418
67500419
67500420
67500421
67500422
67500423
67500424
67500425
67500500
67500501
67500502
67500503
67500504
67500505
67500506
67500507
67500508
67500509
67500510
67500511
67500512
67500513
67500514
67500515
67500516
67500517
67500518
67500519
67500520
67500521
67500522
67500523
67500524
67500525
67500600
67500601
67500602
67500603
67500604
67500605
67500606
67500607
67500608
67500609
67500610
67500611
67500612
67500613
67500614
67500615
67500616
67500617
67500618
67500619
67500620
67500621
67500622
67500623
67500624
67500625
67500700
67500701
67500702
67500703
67500704
67500705
67500706
67500707
67500708
67500709
67500710
67500711
67500712
67500713
67500714
67500715
67500716
67500717
67500718
67500719
67500720
67500721
67500722
67500723
67500724
67500725
67500800
67500801
67500802
67500803
67500804
67500805
67500806
67500807
67500808
67500809
67500810
67500811
67500812
67500813
67500814
67500815
67500816
67500817
67500818
67500819
67500820
67500821
67500822
67500823
67500824
67500825
67500900
67500901
67500902
67500903
67500904
67500905
67500906
67500907
67500908
67500909
67500910
67500911
67500912
67500913
67500914
67500915
67500916
67500917
67500918
67500919
67500920
67500921
67500922
67500923
67500924
67500925
67501000
67501001
67501002
67501003
67501004
67501005
67501006
67501007
67501008
67501009
67501010
67501011
67501012
67501013
67501014
67501015
67501016
67501017
67501018
67501019
67501020
67501021
67501022
67501023
67501024
67501025
67501100
67501101
67501102
67501103
67501104
67501105
67501106
67501107
67501108
67501109
67501110
67501111
67501112
67501113
67501114
67501115
67501116
67501117
67501118
67501119
67501120
67501121
67501122
67501123
67501124
67501125
67501200
67501201
67501202
67501203
67501204
67501205
67501206
67501207
67501208
67501209
67501210
67501211
67501212
67501213
67501214
67501215
67501216
67501217
67501218
67501219
67501220
67501221
67501222
67501223
67501224
67501225
67510000
67510001
67510002
67510003
67510004
67510005
67510006
67510007
67510008
67510009
67510010
67510011
67510012
67510013
67510014
67510015
67510016
67510017
67510018
67510019
67510020
67510021
67510022
67510023
67510024
67510025
67520000
67520001
67520002
67520003
67520004
67520005
67520006
67520007
67520008
67520009
67520010
67520011
67520012
67520013
67520014
67520015
67520016
67520017
67520018
67520019
67520020
67520021
67520022
67520023
67520024
67520025
67690000
67690001
67690002
67690003
67690004
67690005
67690006
67690007
67690008
67690009
67690010
67690011
67690012
67690013
67690014
67690015
67690016
67690017
67690018
67690019
67690020
67690021
67690022
67690023
67690024
67690025
68500000
68500001
68500002
68500003
68500004
68500005
68500006
68500007
68500008
68500009
68500010
68500011
68500012
68500013
68500014
68500015
68500016
68500017
68500018
68500019
68500020
68500021
68500022
68500023
68500024
68500025
68500100
68500101
68500102
68500103
68500104
68500105
68500106
68500107
68500108
68500109
68500110
68500111
68500112
68500113
68500114
68500115
68500116
68500117
68500118
68500119
68500120
68500121
68500122
68500123
68500124
68500125
68500200
68500201
68500202
68500203
68500204
68500205
68500206
68500207
68500208
68500209
68500210
68500211
68500212
68500213
68500214
68500215
68500216
68500217
68500218
68500219
68500220
68500221
68500222
68500223
68500224
68500225
68500300
68500301
68500302
68500303
68500304
68500305
68500306
68500307
68500308
68500309
68500310
68500311
68500312
68500313
68500314
68500315
68500316
68500317
68500318
68500319
68500320
68500321
68500322
68500323
68500324
68500325
68500400
68500401
68500402
68500403
68500404
68500405
68500406
68500407
68500408
68500409
68500410
68500411
68500412
68500413
68500414
68500415
68500416
68500417
68500418
68500419
68500420
68500421
68500422
68500423
68500424
68500425
68500500
68500501
68500502
68500503
68500504
68500505
68500506
68500507
68500508
68500509
68500510
68500511
68500512
68500513
68500514
68500515
68500516
68500517
68500518
68500519
68500520
68500521
68500522
68500523
68500524
68500525
68500600
68500601
68500602
68500603
68500604
68500605
68500606
68500607
68500608
68500609
68500610
68500611
68500612
68500613
68500614
68500615
68500616
68500617
68500618
68500619
68500620
68500621
68500622
68500623
68500624
68500625
68500700
68500701
68500702
68500703
68500704
68500705
68500706
68500707
68500708
68500709
68500710
68500711
68500712
68500713
68500714
68500715
68500716
68500717
68500718
68500719
68500720
68500721
68500722
68500723
68500724
68500725
68500800
68500801
68500802
68500803
68500804
68500805
68500806
68500807
68500808
68500809
68500810
68500811
68500812
68500813
68500814
68500815
68500816
68500817
68500818
68500819
68500820
68500821
68500822
68500823
68500824
68500825
68500900
68500901
68500902
68500903
68500904
68500905
68500906
68500907
68500908
68500909
68500910
68500911
68500912
68500913
68500914
68500915
68500916
68500917
68500918
68500919
68500920
68500921
68500922
68500923
68500924
68500925
68501000
68501001
68501002
68501003
68501004
68501005
68501006
68501007
68501008
68501009
68501010
68501011
68501012
68501013
68501014
68501015
68501016
68501017
68501018
68501019
68501020
68501021
68501022
68501023
68501024
68501025
68501100
68501101
68501102
68501103
68501104
68501105
68501106
68501107
68501108
68501109
68501110
68501111
68501112
68501113
68501114
68501115
68501116
68501117
68501118
68501119
68501120
68501121
68501122
68501123
68501124
68501125
68501200
68501201
68501202
68501203
68501204
68501205
68501206
68501207
68501208
68501209
68501210
68501211
68501212
68501213
68501214
68501215
68501216
68501217
68501218
68501219
68501220
68501221
68501222
68501223
68501224
68501225
68510000
68510001
68510002
68510003
68510004
68510005
68510006
68510007
68510008
68510009
68510010
68510011
68510012
68510013
68510014
68510015
68510016
68510017
68510018
68510019
68510020
68510021
68510022
68510023
68510024
68510025
68680000
68680001
68680002
68680003
68680004
68680005
68680006
68680007
68680008
68680009
68680010
68680011
68680012
68680013
68680014
68680015
68680016
68680017
68680018
68680019
68680020
68680021
68680022
68680023
68680024
68680025
68690000
68690001
68690002
68690003
68690004
68690005
68690006
68690007
68690008
68690009
68690010
68690011
68690012
68690013
68690014
68690015
68690016
68690017
68690018
68690019
68690020
68690021
68690022
68690023
68690024
68690025
98990000
98990001
98990002
98990003
98990004
98990005
98990006
98990007
98990008
98990009
98990010
98990011
98990012
98990013
98990014
98990015
98990016
98990017
98990018
98990019
98990020
98990021
98990022
98990023
98990024
98990025
99000000
99000001
99000002
99000003
99000004
99000005
99000006
99000007
99000008
99000009
99000010
99000011
99000012
99000013
99000014
99000015
99000016
99000017
99000018
99000019
99000020
99000021
99000022
99000023
99000024
99000025
99010000
99010001
99010002
99010003
99010004
99010005
99010006
99010007
99010008
99010009
99010010
99010011
99010012
99010013
99010014
99010015
99010016
99010017
99010018
99010019
99010020
99010021
99010022
99010023
99010024
99010025
99020000
99020001
99020002
99020003
99020004
99020005
99020006
99020007
99020008
99020009
99020010
99020011
99020012
99020013
99020014
99020015
99020016
99020017
99020018
99020019
99020020
99020021
99020022
99020023
99020024
99020025
99030000
99030001
99030002
99030003
99030004
99030005
99030006
99030007
99030008
99030009
99030010
99030011
99030012
99030013
99030014
99030015
99030016
99030017
99030018
99030019
99030020
99030021
99030022
99030023
99030024
99030025
99040000
99040001
99040002
99040003
99040004
99040005
99040006
99040007
99040008
99040009
99040010
99040011
99040012
99040013
99040014
99040015
99040016
99040017
99040018
99040019
99040020
99040021
99040022
99040023
99040024
99040025
99050000
99050001
99050002
99050003
99050004
99050005
99050006
99050007
99050008
99050009
99050010
99050011
99050012
99050013
99050014
99050015
99050016
99050017
99050018
99050019
99050020
99050021
99050022
99050023
99050024
99050025
99060000
99060001
99060002
99060003
99060004
99060005
99060006
99060007
99060008
99060009
99060010
99060011
99060012
99060013
99060014
99060015
99060016
99060017
99060018
99060019
99060020
99060021
99060022
99060023
99060024
99060025
268436456
268436556
268436656
268436756
268436856
268436956
268437056
268437156
268437256
268437356
268437456
268437556
268437656
268437756
268437856
268437956
268438056
268438156
268438256
268438356
268438456
268438556
268438656
268438756
268438856
268438956
268439056
268439156
268439256
268439356
268439456
268439556
268439656
268439756
268439856
268439956
268440056
268440156
268440256
268440356
268440456
268445456
268445556
268445656
268445756
268475456
268475556
268475656
268475756
268485456
268485556
268485656
268485756
268495456
268495556
268495656
268495756
268496456
268496556
268515456
268515556
268515656
268515756
268516556
268525456
268525556
268525656
268525756
268526556
268535456
268535556
268535656
268535756
268536556
268555456
268555556
268555656
268555756
268556456
268556556
268565456
268565556
268565656
268565756
268566556
268575456
268575556
268575656
268575756
268585456
268585556
268585656
268585756
268586556
268595456
268595556
268595756
268605456
268605556
268605656
268605756
268606556
268615456
268615556
268615656
268615756
268616556
268625456
268625556
268625656
268625756
268635456
268635556
268635656
268635756
268636456
268636556
268637556
268645456
268645556
268645656
268645756
268646556
268655456
268655556
268655756
268656556
268665456
268665556
268665656
268665756
268666456
268666556
268675456
268675556
268675656
268675756
268676556
268685456
268685556
268685756
268686556
268695456
268695556
268695656
268695756
268705456
268705556
268705656
268705756
268706556
268715456
268715556
268715656
268715756
268716556
268725456
268725556
268725656
268725756
268726456
268726556
268727456
268727556
268728456
268728556
268729456
268729556
268735456
268735556
268735756
268736456
268736556
268736756
268745456
268745556
268745756
268746556
268755456
268755556
268755756
268765456
268765556
268765656
268765756
268766556
268775456
268775556
268775656
268775756
268776456
268776556
268785456
268785556
268785656
268785756
268786456
268786556
268786656
268786756
268795456
268795556
268795656
268795756
268796556
268805456
268805556
268805756
268806556
268815456
268815556
268825456
268825556
268825756
268855456
268855556
268855656
268855756
268865456
268865556
268865756
268875456
268895456
268895556
268895656
268895756
268896556
268905456
268905556
268905656
268905756
268906556
268915556
268916556
268945456
268945556
268945656
268945756
268955456
268955556
268955656
268955756
268965456
268965556
268965656
268965756
268975456
268975556
268975656
268975756
268976556
269005456
269005556
269005656
269005756
269006456
269006556
269007556
269008556
269015456
269015556
269015656
269015756
269016456
269016556
269016656
269025456
269025556
269025656
269025756
269026556
269035456
269035556
269035656
269035756
269036556
269045456
269045556
269045656
269045756
269046456
269046556
269055456
269055556
269055756
269056556
269057556
269065456
269065556
269065656
269065756
269066556
269075456
269075556
269075656
269075756
269076556
269085456
269085556
269085656
269085756
269086456
269087556
269095456
269095556
269095656
269095756
269096556
269105456
269105556
269105656
269105756
269115456
269115556
269115656
269115756
269116556
269125456
269125556
269125656
269125756
269135456
269135556
269135656
269135756
269136456
269137456
269155456
269155556
269155656
269155756
269156556
269165456
269165556
269165656
269165756
269175456
269175556
269175656
269175756
269176456
269177456
269195456
269195556
269195656
269195756
269196556
269205456
269205556
269205656
269205756
269206556
269215456
269215556
269215656
269215756
269216556
269225456
269225556
269225656
269225756
269226556
269235456
269235556
269236456
269236556
269237456
269237556
269245456
269245556
269245756
269246456
269246556
269247456
269247556
269255456
269265456
269265556
269265656
269265756
269266456
269267456
269268456
269269456
269269556
269270456
269270556
269270656
269270756
269271456
269275456
269275556
269285456
269295456
269295556
269295656
269295756
269296556
269305456
269305556
269305656
269305756
269306556
269307456
269307556
269307656
269307756
269308456
269315456
269315556
269315656
269315756
269316456
269316556
269325456
269325556
269325756
269326456
269327556
269335456
269335556
269335656
269335756
269336556
269336656
269337056
269337456
269337556
269337756
269338556
269339556
269345456
269345556
269345656
269345756
269346456
269346556
269347456
269347556
269347656
269347756
269348456
269355456
269365456
269365556
269365656
269365756
269366556
269375456
269375556
269375656
269375756
269376456
269385456
269385556
269385656
269385756
269386556
269395456
269395556
269395756
269396456
269396556
269397556
269398456
269398556
269398656
269399456
269399556
269400456
269400556
269400756
269401456
269402456
269405456
269405556
269405656
269405756
269415456
269415556
269415656
269415756
269416556
269425456
269425556
269425656
269425756
269426556
269427456
269435456
269435556
269435656
269435756
269445456
269445556
269445756
269446556
269455556
269455656
269455756
269465456
269465556
269475456
269475556
269475656
269475756
269485556
269495456
269495556
269505456
269505556
269505656
269505756
269515456
269516456
269517456
269518456
269519456
269520456
269525456
269535456
269535556
269535656
269535756
269536456
269536556
269537556
269545456
269555456
269565456
269565556
269565656
269565756
269735456
269736456
269835456
269835556
269835656
269835756
269836456
269935456
269935556
269935656
269935756
270035456
270045456
270135456
270135556
270135656
270135756
270145456
270145556
270145656
270145756
270155456
270155556
270155656
270155756
270165456
270165556
270165656
270165756
270175556
270175656
270175756
270185456
270185556
270185656
270185756
270195456
270195556
270195656
270195756
270196556
270205456
270205556
270205656
270205756
270206556
270215456
270215556
270215656
270215756
270216556
270225456
270225556
270225656
270225756
270226556
270235456
270235556
270235656
270235756
270236556
270245556
270245656
270245756
270246556
270255456
270255556
270255656
270255756
270256556
270265456
270265556
270265656
270265756
270275456
270275556
270285456
270285556
270295456
270295556
270305556
270315456
270315556
270325456
270325556
270325656
270325756
270335456
270336456
270337456
270345456
270355456
270365556
270365756
270367556
270375456
270375556
270376556
270385556
270385656
270385756
270395556
270395656
270405556
270405656
270406556
270406656
270415456
270415556
270415656
270425456
270425556
270426556
270435456
270435556
270435756
270436556
270445456
270455456
270465456
271435456
271435556
271435656
271435756
271436556
271445456
271445556
271445656
271445756
273435456
273435556
273435656
273435756
273437556
273445456
273445556
273445656
273445756
273455456
273455556
273455656
273455756
273456456
273465456
273465556
273465656
273465756
273466556
273495456
273495556
273495656
273495756
273497556
273505456
273505556
273505656
273505756
273515456
273515556
273515656
273515756
273516556
273525456
273525556
273525656
273525756
273535456
273535556
273535656
273535756
273536456
273536556
273545456
273545556
273545656
273545756
273546556
273555456
273555556
273555656
273555756
273556556
273565456
273565556
273565656
273565756
273566556
273575456
273575556
273575656
273575756
273576556
273585456
273585556
273585656
273585756
273595456
273595556
273595656
273595756
273615456
273615556
273615656
273615756
273616556
273617456
273618456
273619456
273625456
273625556
273625656
273625756
273626456
273626556
273635456
273635556
273635656
273635756
273645456
273645556
273645656
273645756
273655456
273655556
273655656
273655756
273656456
273665456
273665556
273665656
273665756
273666556
273675456
273675556
273675656
273675756
273685456
273685556
273685656
273685756
273687456
273687556
273688456
273688556
273688656
273688756
273695456
273695556
273695656
273695756
273705456
273705556
273705656
273705756
273706556
273707456
273715456
273715556
273715656
273715756
273725456
273735456
273745456
273755456
273765456
536871912
536871913
536871914
536871922
536871923
536871924
536871932
536871933
536871934
536871942
536871943
536871944
536871952
536871953
536871954
536871962
536871963
536871972
536871982
536871992
536872002
536872012
536872022
536872052
536872062
536872072
536872073
536872082
536872083
536872092
536872093
536872102
536872103
536872112
536872113
536872122
536872132
536872133
536872142
536872143
536872162
536872912
536872922
536872932
536872942
536872952
536872962
536872972
536872982
536872992
536872993
536873002
536873012
536873022
536873032
536873042
536873052
536873062
536873072
536873082
536873092
536873102
536873112
536873122
536873132
536873912
536873913
536873952
536873962
536873972
536873982
536873992
536874002
536874912
536874913
536874914
536874915
536874922
536874923
536874924
536874932
536874933
536874934
536874942
536874943
536874944
536874952
536874953
536874954
536874962
536874963
536874964
536874972
536874982
536874992
536875002
536875012
536875022
536875912
536875922
536875932
536875942
536875952
536875962
536875972
536876912
536876922
536876932
536876952
536876962
536876972
536876982
536876992
536877002
536877012
536877022
536877912
536877922
536877932
536877942
536877952
536877962
536877972
536877992
536878002
536878012
536878022
536878032
536878042
536878052
536878062
536878912
536878922
536878932
536878942
536878952
536878962
536878972
536878982
536879002
536879012
536879022
536879032
536879042
536879052
536879062
536879072
536879082
536879092
536879102
536879112
536879122
536879132
536879142
536879152
999999999
1073741824
1073741834
1073741835
1073741836
1073741837
1073741838
1073741839
1073741840
1073741844
1073741845
1073741846
1073741847
1073741848
1073741849
1073741850
1073741851
1073741852
1073741853
1073741854
1073741855
1073741859
1073741864
1073741865
1073741866
1073741867
1073741868
1073741884
1073741885
1073741886
1073741887
1073741888
1073741889
1073741890
1073741891
1073741892
1073741893
1073741894
1073741895
1073741896
1073741897
1073741898
1073741899
1073741900
1073741901
1073741902
1073741903
1073741914
1073741915
1073741916
1073741917
1073741918
1073741922
1073741923
1073741924
1073741925
1073741926
1073741927
1073741928
1073741929
1073741930
1073741931
1073741932
1073741933
1073741934
1073741935
1073741936
1073741937
1073741938
1073741939
1073741954
1073741959
1073741974
1073741990
1073741994
1073741995
1073741996
1073741998
1073741999
1073742002
1073742003
1073742004
1073742005
1073742006
1073742007
1073742008
1073742014
1073742015
1073742016
1073742017
1073742018
1073742019
1073742020
1073742074
1073742075
1073742124
1073742125
1073742126
1073742144
1073742145
1073742154
1073742164
1073742174
1073742175
1073742184
1073742194
1073742204
1073742214
1073742215
1073742224
1073742244
1073742254
1073742264
1073742274
1073742284
1073742294
1073742304
1073742314
1073742334
1073742424
1073742434
1073742454
1073742464
1073742474
1073742484
1073742485
1073742494
1073742634
1073742635
1073742636
1073742644
1073742654
1073742724
1073742734
1073742744
1073742754
1073742764
1073742774
1073742784
1073742824
1073742825
1073742826
1073742827
1073742828
1073742829
1073742830
1073742831
1073742832
1073742833
1073742834
1073742835
1073742836
1073742837
1073742838
1073742839
1073742840
1073742841
1073742842
1073742843
1073742844
1073742845
1073742846
1073742847
1073742848
1073742849
1073742874
1073742875
1073742876
1073742877
1073742878
1073742879
1073742880
1073742881
1073742882
1073742883
1073742884
1073742885
1073742886
1073742887
1073742888
1073742889
1073742890
1073742891
1073742892
1073742893
1073742894
1073742895
1073742896
1073742897
1073742898
1073742899
1073742924
1073742934
1073742944
1073742954
1073742964
1073742974
1073742984
1073742994
1073743004
1073743014
1073743024
1073743034
1073743044
1073743059
1073743064
1073743114
1073743134
1073743144
1073743154
1073743164
1073743174
1073743224
1073743234
1073743244
1073743254
1073743264
1073743274
1073743284
1073743294
1073743304
1073743314
1073743324
1073743334
1073743344
1073743354
1073743364
1073743374
1073743384
1073743394
1073743414
1073743514
1073743524
1073743534
1073743544
1073743554
1073743564
1073743574
1073743584
1073743654
1073743655
1073743664
1073743665
1073743844
1073743854
1073743864
1073743874
1073743894
1073743904
1073743914
1073743924
1073743944
1073743954
1073743964
1073743974
1073743984
1073744014
1073744024
1073744025
1073744026
1073744027
1073744028
1073744029
1073744030
1073744031
1073744724
1073744725
1073744726
1073744727
1073744728
1073744729
1073744730
1073744731
1073744732
1073744733
1073744734
1073744735
1073744736
1073744737
1073744738
1073744739
1073744740
1073744741
1073744742
1073744743
1073744774
1073744775
1073744776
1073744777
1073744778
1073744779
1073744780
1073744781
1073744782
1073744783
1073744784
1073744785
1073744786
1073744787
1073744788
1073744814
1073744824
1073744834
1073744835
1073744844
1073744854
1073744864
1073744874
1073744875
1073744884
1073744894
1073744904
1073745124
1073745134
1073745135
1073745144
1073745174
1073745184
1073745185
1073745324
1073745334
1073745344
1073745374
1073745404
1073745434
1073745824
1073745825
1073745834
1073745844
1073745845
1073745854
1073745864
1073745874
1073745884
1073745894
1073745904
1073745914
1073745924
1073745934
1073745944
1073745954
1073745964
1073746024
1073746034
1073746044
1073746124
1073746125
1073746126
1073746184
1073746185
1073746194
1073746204
1073746205
1073746214
1073746224
1073746234
1073746244
1073746254
1073746255
1073746264
1073746274
1073746284
1073746294
1073746304
1073746314
1073746324
1073746334
1073746344
1073746424
1073746434
1073746444
1073746454
1073746464
1073746474
1073746484
1073746494
1073746524
1073746525
1073746534
1073746544
1073746545
1073746624
1073746634
1073746644
1073746654
1073746724
1073746734
1073746824
1073746825
1073746834
1073746844
1073746854
1073746864
1073746924
1073746934
1073747824
1073747825
1073747834
1073747844
1073747854
1073747864
1073747874
1073747884
1073747924
1073747934
1073747944
1073748034
1073748044
1073748054
1073748064
1073748074
1073748084
1073748094
1073748124
1073748134
1073748144
1073748154
1073748164
1073748224
1073748234
1073748244
1073748245
1073748246
1073748247
1073748248
1073748254
1073748255
1073748264
1073748265
1073748274
1073748284
1073748294
1073748304
1073748314
1073748324
1073748334
1073748344
1073748354
1073748424
1073748524
1073748525
1073748534
1073748544
1073748554
1073748564
1073748574
1073748584
1073748594
1073748604
1073748624
1073748634
1073748644
1073748654
1073748664
1073748674
1073748724
1073748734
1073748744
1073748745
1073748754
1073748764
1073748765
1073748774
1073748784
1073748794
1073748795
1073748824
1073748825
1073748834
1073748835
1073748844
1073748845
1073748854
1073748855
1073748864
1073748865
1073748874
1073748884
1073748904
1073748914
1073749024
1073749034
1073749044
1073749054
1073749064
1073749124
1073749134
1073749135
1073749144
1073749154
1073749324
1073749334
1073749344
1073749354
1073749724
1073749727
1073749824
1073749834
1073749926
1073749929
1073749930
1073749931
1073749933
1073749935
1073749945
1073749950
1073749951
1073749952
1073749953
1073749954
1073749955
1073749956
1073749957
1073749958
1073749960
1073749961
1073749966
1073749967
1073749968
1073749970
1073749971
1073749972
1073749973
1073749974
1073749975
1073749976
1073749977
1073749978
1073749979
1073749980
1073749982
1073749983
1073749985
1073749986
1073749987
1073749988
1073749989
1073749990
1073749991
1073749992
1073749993
1073749995
1073749996
1073749997
1073749998
1073749999
1073750000
1073750005
1073750006
1073750007
1073750008
1073750009
1073750010
1073750011
1073750012
1073750013
1073750014
1073750015
1073750016
1073750017
1073750018
1073750019
1073750020
1073750021
1073750022
1073750023
1073750024
1073750025
1073750026
1073750027
1073750028
1073750029
1073750030
1073750045
1073750046
1073750047
1073750048
1073750049
1073750050
1073750051
1073750324
1073750414
1073750424
1073750425
1073750426
1073750427
1073750428
1073750429
1073750430
1073750431
1073750432
1073750433
1073750434
1073750435
1073750436
1073750437
1073750438
1073750439
1073750440
1073750441
1073750442
1073750484
1073750524
1073750525
1073750526
1073750527
1073750528
1073750529
1073750530
1073750531
1073750532
1073750533
1073750534
1073750535
1073750536
1073750537
1073750538
1073750539
1073750540
1073750541
1073750574
1073750575
1073750576
1073750577
1073750578
1073750579
1073750580
1073750581
1073750582
1073750583
1073750584
1073750585
1073750586
1073750587
1073750589
1073750591
1073750674
1073750675
1073750676
1073750677
1073750678
1073750679
1073750680
1073750681
1073750682
1073750683
1073750684
1073750685
1073750686
1073750687
1073750688
1073750689
1073750690
1073750734
1073750735
1073750736
1073750737
1073750738
1073750739
1073750740
1073750741
1073750742
1073750743
1073750744
1073750745
1073750746
1073750747
1073750748
1073750749
1073750750
1073750751
1073750752
1073750753
1073750754
1073750755
1073750756
1073750757
1073750758
1073750759
1073750760
1073750761
1073750762
1073750763
1073750764
1073750765
1073750766
1073750767
1073750768
1073750769
1073750770
1073750771
1073750772
1073750773
1073750774
1073750775
1073750776
1073750777
1073750778
1073750779
1073750780
1073750781
1073750782
1073750783
1073750784
1073750785
1073750786
1073750787
1073750788
1073750789
1073750794
1073750795
1073750796
1073750797
1073750798
1073750799
1073750800
1073750801
1073750802
1073750803
1073750804
1073750824
1073750825
1073750826
1073750827
1073750828
1073750829
1073750830
1073750831
1073750832
1073750833
1073750834
1073750835
1073750836
1073750837
1073750838
1073750839
1073750840
1073750841
1073750842
1073750843
1073750844
1073750845
1073750846
1073750847
1073750848
1073750850
1073750851
1073750852
1073750853
1073750854
1073750855
1073750856
1073750857
1073750858
1073750859
1073750860
1073750861
1073750863
1073750864
1073750865
1073750866
1073750867
1073750869
1073750870
1073750871
1073750872
1073750873
1073750874
1073750924
1073750925
1073750926
1073750927
1073750928
1073750929
1073750930
1073750931
1073750932
1073750933
1073750934
1073750935
1073750936
1073750937
1073750939
1073750940
1073750941
1073750942
1073750943
1073750944
1073750945
1073750946
1073750947
1073750948
1073750949
1073750950
1073750951
1073750952
1073750953
1073750954
1073750955
1073750956
1073750958
1073750959
1073750960
1073750961
1073750962
1073750964
1073750965
1073750966
1073750974
1073750975
1073750976
1073750977
1073751019
1073751124
1073751125
1073751126
1073751127
1073751128
1073751129
1073751130
1073751131
1073751132
1073751133
1073751134
1073751135
1073751136
1073751137
1073751138
1073751139
1073751140
1073751141
1073751142
1073751143
1073751144
1073751145
1073751146
1073751147
1073751148
1073751149
1073751150
1073751151
1073751152
1073751153
1073751154
1073751155
1073751156
1073751157
1073751158
1073751159
1073751160
1073751161
1073751162
1073751163
1073751164
1073751165
1073751166
1073751167
1073751168
1073751169
1073751170
1073751171
1073751172
1073751173
1073751174
1073751175
1073751176
1073751177
1073751178
1073751179
1073751180
1073751181
1073751182
1073751183
1073751184
1073751185
1073751186
1073751187
1073751188
1073751189
1073751190
1073751191
1073751192
1073751193
1073751194
1073751204
1073751205
1073751206
1073751207
1073751208
1073751209
1073751210
1073751211
1073751212
1073751213
1073751214
1073751215
1073751216
1073751217
1073751218
1073751219
1073751220
1073751221
1073751222
1073751223
1073751224
1073751225
1073751226
1073751227
1073751228
1073751229
1073751230
1073751231
1073751232
1073751233
1073751234
1073751244
1073751245
1073751246
1073751247
1073751248
1073751249
1073751250
1073751251
1073751252
1073751253
1073751254
1073751264
1073751265
1073751266
1073751267
1073751268
1073751269
1073751270
1073751271
1073751272
1073751273
1073751274
1073751324
1073751325
1073751334
1073751824
1073751834
1073751844
1073751854
1073751864
1073751884
1073751894
1073751904
1073751924
1073751925
1073751926
1073751927
1073751928
1073751929
1073751930
1073751931
1073751964
1073751984
1073751985
1073751986
1073751987
1073751988
1073751989
1073751990
1073751991
1073751992
1073752024
1073752724
1073752725
1073752726
1073752727
1073752728
1073752729
1073752730
1073752731
1073752732
1073752733
1073752734
1073752735
1073752736
1073752737
1073752738
1073752739
1073752740
1073752741
1073752742
1073752743
1073752824
1073752825
1073752826
1073752827
1073752828
1073752829
1073752830
1073752831
1073752832
1073752833
1073752834
1073752835
1073752836
1073752837
1073752838
1073752839
1073752840
1073752841
1073752842
1073752843
1073752844
1073752845
1073752846
1073752847
1073752848
1073752849
1073752850
1073752851
1073752852
1073752853
1073752854
1073752855
1073756824
1073756834
1073756844
1073756854
1073756864
1073756874
1073756884
1073756904
1073756914
1073756924
1073756934
1073756944
1073756954
1073756964
1073756974
1073756984
1073757164
1073757165
1073757224
1073757234
1073757244
1073757254
1073762474
1073762475
1073762476
1073762477
1073762478
1073762484
1073762504
1073762505
1073762506
1073762507
1073762509
1073762514
1073762515
1073762534
1073762544
1073762545
1073762546
1073762547
1073762564
1073762574
1073762575
1073762577
1073762584
1073762585
1073762594
1073762599
1073762604
1073762619
1073762624
1073762625
1073762626
1073762634
1073762635
1073762636
1073762644
1073762649
1073762654
1073762655
1073762664
1073762665
1073762666
1073762669
1073762674
1073762676
1073762679
1073792024
1073792025
1073792026
1073792027
1073793584
1073794914
1073795054
1073795224
1073795454
1073795474
1073795475
1073795476
1073795477
1073795478
1073795479
1073795480
1073795481
1073795482
1073941824
1073941825
1073941826
1073941827
1073941828
1073941829
1073941830
1073941831
1073941832
1073941833
1073941834
1073941835
1073941836
1073941837
1073941838
1073941839
1073941840
1073941841
1073941842
1073941843
1073941844
1073942824
1073942825
1073942826
1073942827
1073942828
1073942829
1073942830
1073942831
1073942832
1073942833
1073942834
1073942835
1073942836
1073942837
1073942838
1073942839
1073942840
1073942841
1073942842
1073942843
1073942844
1073943824
1073943825
1073943826
1073943827
1073943828
1073943829
1073943830
1073943831
1073943832
1073943833
1073943834
1073943835
1073943836
1073943837
1073943838
1073943839
1073943840
1073943841
1073943842
1073943843
1073943844
1073944824
1073944825
1073944826
1073944827
1073944828
1073944829
1073944830
1073944831
1073944832
1073944833
1073944834
1073944835
1073944836
1073944837
1073944838
1073944839
1073944840
1073944841
1073944842
1073944843
1073944844
1073945824
1073945825
1073945826
1073945827
1073945828
1073945829
1073945830
1073945831
1073945832
1073945833
1073945834
1073945835
1073945836
1073945837
1073945838
1073945839
1073945840
1073945841
1073945842
1073945843
1073945844
1073946824
1073946825
1073946826
1073946827
1073946828
1073946829
1073946830
1073946831
1073946832
1073946833
1073946834
1073946835
1073946836
1073946837
1073946838
1073946839
1073946840
1073946841
1073946842
1073946843
1073946844
1073947824
1073947825
1073947826
1073947827
1073947828
1073947829
1073947830
1073947831
1073947832
1073947833
1073947834
1073947835
1073947836
1073947837
1073947838
1073947839
1073947840
1073947841
1073947842
1073947843
1073947844
1073948824
1073948825
1073948826
1073948827
1073948828
1073948829
1073948830
1073948831
1073948832
1073948833
1073948834
1073948835
1073948836
1073948837
1073948838
1073948839
1073948840
1073948841
1073948842
1073948843
1073948844
1073949824
1073949825
1073949826
1073949827
1073949828
1073949829
1073949830
1073949831
1073949832
1073949833
1073949834
1073949835
1073949836
1073949837
1073949838
1073949839
1073949840
1073949841
1073949842
1073949843
1073949844
1073950824
1073950825
1073950826
1073950827
1073950828
1073950829
1073950830
1073950831
1073950832
1073950833
1073950834
1073950835
1073950836
1073950837
1073950838
1073950839
1073950840
1073950841
1073950842
1073950843
1073950844
1073951824
1073951825
1073951826
1073951827
1073951828
1073951829
1073951830
1073951831
1073951832
1073951833
1073951834
1073951835
1073951836
1073951837
1073951838
1073951839
1073951840
1073951841
1073951842
1073951843
1073951844
1073952824
1073952825
1073952826
1073952827
1073952828
1073952829
1073952830
1073952831
1073952832
1073952833
1073952834
1073952835
1073952836
1073952837
1073952838
1073952839
1073952840
1073952841
1073952842
1073952843
1073952844
1073953824
1073953825
1073953826
1073953827
1073953828
1073953829
1073953830
1073953831
1073953832
1073953833
1073953834
1073953835
1073953836
1073953837
1073953838
1073953839
1073953840
1073953841
1073953842
1073953843
1073953844
1073954824
1073954825
1073954826
1073954827
1073954828
1073954829
1073954830
1073954831
1073954832
1073954833
1073954834
1073954835
1073954836
1073954837
1073954838
1073954839
1073954840
1073954841
1073954842
1073954843
1073954844
1073955824
1073955825
1073955826
1073955827
1073955828
1073955829
1073955830
1073955831
1073955832
1073955833
1073955834
1073955835
1073955836
1073955837
1073955838
1073955839
1073955840
1073955841
1073955842
1073955843
1073955844
1073956824
1073956825
1073956826
1073956827
1073956828
1073956829
1073956830
1073956831
1073956832
1073956833
1073956834
1073956835
1073956836
1073956837
1073956838
1073956839
1073956840
1073956841
1073956842
1073956843
1073956844
1073957824
1073957825
1073957826
1073957827
1073957828
1073957829
1073957830
1073957831
1073957832
1073957833
1073957834
1073957835
1073957836
1073957837
1073957838
1073957839
1073957840
1073957841
1073957842
1073957843
1073957844
1073958824
1073958825
1073958826
1073958827
1073958828
1073958829
1073958830
1073958831
1073958832
1073958833
1073958834
1073958835
1073958836
1073958837
1073958838
1073958839
1073958840
1073958841
1073958842
1073958843
1073958844
1073959824
1073959825
1073959826
1073959827
1073959828
1073959829
1073959830
1073959831
1073959832
1073959833
1073959834
1073959835
1073959836
1073959837
1073959838
1073959839
1073959840
1073959841
1073959842
1073959843
1073959844
1073960824
1073960825
1073960826
1073960827
1073960828
1073960829
1073960830
1073960831
1073960832
1073960833
1073960834
1073960835
1073960836
1073960837
1073960838
1073960839
1073960840
1073960841
1073960842
1073960843
1073960844
1073961824
1073961825
1073961826
1073961827
1073961828
1073961829
1073961830
1073961831
1073961832
1073961833
1073961834
1073961835
1073961836
1073961837
1073961838
1073961839
1073961840
1073961841
1073961842
1073961843
1073961844
1073962824
1073962825
1073962826
1073962827
1073962828
1073962829
1073962830
1073962831
1073962832
1073962833
1073962834
1073962835
1073962836
1073962837
1073962838
1073962839
1073962840
1073962841
1073962842
1073962843
1073962844
1073963824
1073963825
1073963826
1073963827
1073963828
1073963829
1073963830
1073963831
1073963832
1073963833
1073963834
1073963835
1073963836
1073963837
1073963838
1073963839
1073963840
1073963841
1073963842
1073963843
1073963844
1073964824
1073964825
1073964826
1073964827
1073964828
1073964829
1073964830
1073964831
1073964832
1073964833
1073964834
1073964835
1073964836
1073964837
1073964838
1073964839
1073964840
1073964841
1073964842
1073964843
1073964844
1073965824
1073965825
1073965826
1073965827
1073965828
1073965829
1073965830
1073965831
1073965832
1073965833
1073965834
1073965835
1073965836
1073965837
1073965838
1073965839
1073965840
1073965841
1073965842
1073965843
1073965844
1073966824
1073966825
1073966826
1073966827
1073966828
1073966829
1073966830
1073966831
1073966832
1073966833
1073966834
1073966835
1073966836
1073966837
1073966838
1073966839
1073966840
1073966841
1073966842
1073966843
1073966844
1073967824
1073967825
1073967826
1073967827
1073967828
1073967829
1073967830
1073967831
1073967832
1073967833
1073967834
1073967835
1073967836
1073967837
1073967838
1073967839
1073967840
1073967841
1073967842
1073967843
1073967844
1073968824
1073968825
1073968826
1073968827
1073968828
1073968829
1073968830
1073968831
1073968832
1073968833
1073968834
1073968835
1073968836
1073968837
1073968838
1073968839
1073968840
1073968841
1073968842
1073968843
1073968844
1073969824
1073969825
1073969826
1073969827
1073969828
1073969829
1073969830
1073969831
1073969832
1073969833
1073969834
1073969835
1073969836
1073969837
1073969838
1073969839
1073969840
1073969841
1073969842
1073969843
1073969844
1073970824
1073970825
1073970826
1073970827
1073970828
1073970829
1073970830
1073970831
1073970832
1073970833
1073970834
1073970835
1073970836
1073970837
1073970838
1073970839
1073970840
1073970841
1073970842
1073970843
1073970844
1073971824
1073971825
1073971826
1073971827
1073971828
1073971829
1073971830
1073971831
1073971832
1073971833
1073971834
1073971835
1073971836
1073971837
1073971838
1073971839
1073971840
1073971841
1073971842
1073971843
1073971844
1073972824
1073972825
1073972826
1073972827
1073972828
1073972829
1073972830
1073972831
1073972832
1073972833
1073972834
1073972835
1073972836
1073972837
1073972838
1073972839
1073972840
1073972841
1073972842
1073972843
1073972844
1073973824
1073973825
1073973826
1073973827
1073973828
1073973829
1073973830
1073973831
1073973832
1073973833
1073973834
1073973835
1073973836
1073973837
1073973838
1073973839
1073973840
1073973841
1073973842
1073973843
1073973844
1073974824
1073974825
1073974826
1073974827
1073974828
1073974829
1073974830
1073974831
1073974832
1073974833
1073974834
1073974835
1073974836
1073974837
1073974838
1073974839
1073974840
1073974841
1073974842
1073974843
1073974844
1073975824
1073975825
1073975826
1073975827
1073975828
1073975829
1073975830
1073975831
1073975832
1073975833
1073975834
1073975835
1073975836
1073975837
1073975838
1073975839
1073975840
1073975841
1073975842
1073975843
1073975844
1073976824
1073976825
1073976826
1073976827
1073976828
1073976829
1073976830
1073976831
1073976832
1073976833
1073976834
1073976835
1073976836
1073976837
1073976838
1073976839
1073976840
1073976841
1073976842
1073976843
1073976844
1073977824
1073977825
1073977826
1073977827
1073977828
1073977829
1073977830
1073977831
1073977832
1073977833
1073977834
1073977835
1073977836
1073977837
1073977838
1073977839
1073977840
1073977841
1073977842
1073977843
1073977844
1073978824
1073978825
1073978826
1073978827
1073978828
1073978829
1073978830
1073978831
1073978832
1073978833
1073978834
1073978835
1073978836
1073978837
1073978838
1073978839
1073978840
1073978841
1073978842
1073978843
1073978844
1073979824
1073979825
1073979826
1073979827
1073979828
1073979829
1073979830
1073979831
1073979832
1073979833
1073979834
1073979835
1073979836
1073979837
1073979838
1073979839
1073979840
1073979841
1073979842
1073979843
1073979844
1073980824
1073980825
1073980826
1073980827
1073980828
1073980829
1073980830
1073980831
1073980832
1073980833
1073980834
1073980835
1073980836
1073980837
1073980838
1073980839
1073980840
1073980841
1073980842
1073980843
1073980844
1073981824
1073981825
1073981826
1073981827
1073981828
1073981829
1073981830
1073981831
1073981832
1073981833
1073981834
1073981835
1073981836
1073981837
1073981838
1073981839
1073981840
1073981841
1073981842
1073981843
1073981844
1073982824
1073982825
1073982826
1073982827
1073982828
1073982829
1073982830
1073982831
1073982832
1073982833
1073982834
1073982835
1073982836
1073982837
1073982838
1073982839
1073982840
1073982841
1073982842
1073982843
1073982844
1073983824
1073983825
1073983826
1073983827
1073983828
1073983829
1073983830
1073983831
1073983832
1073983833
1073983834
1073983835
1073983836
1073983837
1073983838
1073983839
1073983840
1073983841
1073983842
1073983843
1073983844
1073984824
1073984825
1073984826
1073984827
1073984828
1073984829
1073984830
1073984831
1073984832
1073984833
1073984834
1073984835
1073984836
1073984837
1073984838
1073984839
1073984840
1073984841
1073984842
1073984843
1073984844
1073985824
1073985825
1073985826
1073985827
1073985828
1073985829
1073985830
1073985831
1073985832
1073985833
1073985834
1073985835
1073985836
1073985837
1073985838
1073985839
1073985840
1073985841
1073985842
1073985843
1073985844
1073986824
1073986825
1073986826
1073986827
1073986828
1073986829
1073986830
1073986831
1073986832
1073986833
1073986834
1073986835
1073986836
1073986837
1073986838
1073986839
1073986840
1073986841
1073986842
1073986843
1073986844
1073987824
1073987825
1073987826
1073987827
1073987828
1073987829
1073987830
1073987831
1073987832
1073987833
1073987834
1073987835
1073987836
1073987837
1073987838
1073987839
1073987840
1073987841
1073987842
1073987843
1073987844
1073988824
1073988825
1073988826
1073988827
1073988828
1073988829
1073988830
1073988831
1073988832
1073988833
1073988834
1073988835
1073988836
1073988837
1073988838
1073988839
1073988840
1073988841
1073988842
1073988843
1073988844
1073989824
1073989825
1073989826
1073989827
1073989828
1073989829
1073989830
1073989831
1073989832
1073989833
1073989834
1073989835
1073989836
1073989837
1073989838
1073989839
1073989840
1073989841
1073989842
1073989843
1073989844
1073990824
1073990825
1073990826
1073990827
1073990828
1073990829
1073990830
1073990831
1073990832
1073990833
1073990834
1073990835
1073990836
1073990837
1073990838
1073990839
1073990840
1073990841
1073990842
1073990843
1073990844
1073991824
1073991825
1073991826
1073991827
1073991828
1073991829
1073991830
1073991831
1073991832
1073991833
1073991834
1073991835
1073991836
1073991837
1073991838
1073991839
1073991840
1073991841
1073991842
1073991843
1073991844
1073992824
1073992825
1073992826
1073992827
1073992828
1073992829
1073992830
1073992831
1073992832
1073992833
1073992834
1073992835
1073992836
1073992837
1073992838
1073992839
1073992840
1073992841
1073992842
1073992843
1073992844
1073993824
1073993825
1073993826
1073993827
1073993828
1073993829
1073993830
1073993831
1073993832
1073993833
1073993834
1073993835
1073993836
1073993837
1073993838
1073993839
1073993840
1073993841
1073993842
1073993843
1073993844
1073994824
1073994825
1073994826
1073994827
1073994828
1073994829
1073994830
1073994831
1073994832
1073994833
1073994834
1073994835
1073994836
1073994837
1073994838
1073994839
1073994840
1073994841
1073994842
1073994843
1073994844
1073995824
1073995825
1073995826
1073995827
1073995828
1073995829
1073995830
1073995831
1073995832
1073995833
1073995834
1073995835
1073995836
1073995837
1073995838
1073995839
1073995840
1073995841
1073995842
1073995843
1073995844
1073996824
1073996825
1073996826
1073996827
1073996828
1073996829
1073996830
1073996831
1073996832
1073996833
1073996834
1073996835
1073996836
1073996837
1073996838
1073996839
1073996840
1073996841
1073996842
1073996843
1073996844
1073997824
1073997825
1073997826
1073997827
1073997828
1073997829
1073997830
1073997831
1073997832
1073997833
1073997834
1073997835
1073997836
1073997837
1073997838
1073997839
1073997840
1073997841
1073997842
1073997843
1073997844
1073998824
1073998825
1073998826
1073998827
1073998828
1073998829
1073998830
1073998831
1073998832
1073998833
1073998834
1073998835
1073998836
1073998837
1073998838
1073998839
1073998840
1073998841
1073998842
1073998843
1073998844
1073999824
1073999825
1073999826
1073999827
1073999828
1073999829
1073999830
1073999831
1073999832
1073999833
1073999834
1073999835
1073999836
1073999837
1073999838
1073999839
1073999840
1073999841
1073999842
1073999843
1073999844
1074000824
1074000825
1074000826
1074000827
1074000828
1074000829
1074000830
1074000831
1074000832
1074000833
1074000834
1074000835
1074000836
1074000837
1074000838
1074000839
1074000840
1074000841
1074000842
1074000843
1074000844
1074001824
1074001825
1074001826
1074001827
1074001828
1074001829
1074001830
1074001831
1074001832
1074001833
1074001834
1074001835
1074001836
1074001837
1074001838
1074001839
1074001840
1074001841
1074001842
1074001843
1074001844
1074002824
1074002825
1074002826
1074002827
1074002828
1074002829
1074002830
1074002831
1074002832
1074002833
1074002834
1074002835
1074002836
1074002837
1074002838
1074002839
1074002840
1074002841
1074002842
1074002843
1074002844
1074003824
1074003825
1074003826
1074003827
1074003828
1074003829
1074003830
1074003831
1074003832
1074003833
1074003834
1074003835
1074003836
1074003837
1074003838
1074003839
1074003840
1074003841
1074003842
1074003843
1074003844
1074004824
1074004825
1074004826
1074004827
1074004828
1074004829
1074004830
1074004831
1074004832
1074004833
1074004834
1074004835
1074004836
1074004837
1074004838
1074004839
1074004840
1074004841
1074004842
1074004843
1074004844
1075742124
1075742134
1075742144
1075742154
1075742164
1075742184
1075742194
1075742204
1075742424
1075742444
1075742474
1075742484
1075742494
1075742504
1075742514
1075742524
1075742534
1075742564
1075742584
1075742624
1075742724
1075742734
1075742924
1075742929
1075742934
1075742944
1075742954
1075742964
1075742974
1075742984
1075742994
1075743024
1075743025
1075743026
1075743027
1075743034
1075743044
1075743054
1075743224
1075743234
1075743244
1075743254
1075743274
1075743304
1075743324
1075743334
1075743344
1075743354
1075743374
1075743424
1075743524
1075743534
1075743824
1075743834
1075743844
1075743854
1075743924
1075743944
1075743954
1075743964
1075743974
1075744724
1075744725
1075744726
1075744727
1075744728
1075744729
1075744731
1075744732
1075744733
1075744734
1075744774
1075744775
1075744776
1075744777
1075744778
1075744779
1075744780
1075744781
1075744782
1075744783
1075744784
1075744824
1075744825
1075744954
1075744964
1075744974
1075744984
1075744994
1075745004
1075745014
1075745024
1075745134
1075745174
1075746124
1075746134
1075746144
1075746324
1075746334
1075746524
1075746534
1075746724
1075746734
1075746824
1075748024
1075748034
1075748124
1075748224
1075748474
1075748484
1075748494
1075748504
1075748514
1075748524
1075748534
1075748624
1075748724
1075748734
1075748744
1075748824
1075748834
1075748844
1075749024
1075749034
1075749124
1075749234
1075749244
1075749424
1075749524
1075749534
1075749544
1075749554
1075749564
1075749624
1075749634
1075749644
1075749824
1075749827
1075749828
1075749829
1075749830
1075749831
1075749832
1075749835
1075749836
1075749837
1075749838
1075749839
1075749840
1075749841
1075749842
1075749843
1075749845
1075749847
1075749849
1075749851
1075749852
1075749853
1075749854
1075749855
1075749856
1075749857
1075749858
1075749860
1075749861
1075749955
1075750024
1075750025
1075750026
1075750424
1075750425
1075750426
1075750427
1075750428
1075750724
1075750725
1075750726
1075750727
1075750728
1075750729
1075750730
1075750731
1075750732
1075750733
1075750824
1075750825
1075750826
1075750827
1075750828
1075750984
1075750985
1075750986
1075751125
1075751126
1075751127
1075751128
1075751129
1075751130
1075751131
1075751132
1075751133
1075751134
1075751135
1075751136
1075751137
1075751138
1075751139
1075751140
1075751141
1075751142
1075751143
1075751144
1075751145
1075751146
1075751147
1075751148
1075751149
1075751150
1075751151
1075751152
1075751153
1075751154
1075751155
1075751156
1075751157
1075751158
1075751159
1075751160
1075751161
1075751162
1075751163
1075751164
1075751165
1075751166
1075751167
1075751168
1075751169
1075751324
1075751424
1075751434
1075751444
1075751824
1075751924
1075752824
1075752834
1075752844
1075752854
1075752864
1075752874
1075752884
1075752894
1075756824
1075756834
1075756844
1075756854
1075756864
1075761825
1075761826
1075761827
1075761828
1075761829
1075761830
1075761831
1075761832
1075761833
1075761834
1075761835
1075761836
1075761837
1075761838
1075761839
1075761840
1075761841
1075761842
1075761843
1075761844
1075761845
1075761846
1075761847
1075761848
1075761849
1075761850
1075761851
1075761852
1075761853
1075761854
1075761855
1075761856
1075761857
1075761858
1075761859
1075941824
1075941825
1075941826
1075941827
1075941828
1075941829
1075941830
1075941831
1075941832
1075941833
1075941834
1075941835
1075941836
1075941837
1075941838
1075941839
1075941840
1075941841
1075941842
1075941843
1075941844
1075942824
1075942825
1075942826
1075942827
1075942828
1075942829
1075942830
1075942831
1075942832
1075942833
1075942834
1075942835
1075942836
1075942837
1075942838
1075942839
1075942840
1075942841
1075942842
1075942843
1075942844
1075943824
1075943825
1075943826
1075943827
1075943828
1075943829
1075943830
1075943831
1075943832
1075943833
1075943834
1075943835
1075943836
1075943837
1075943838
1075943839
1075943840
1075943841
1075943842
1075943843
1075943844
1075944824
1075944825
1075944826
1075944827
1075944828
1075944829
1075944830
1075944831
1075944832
1075944833
1075944834
1075944835
1075944836
1075944837
1075944838
1075944839
1075944840
1075944841
1075944842
1075944843
1075944844
1075945824
1075945825
1075945826
1075945827
1075945828
1075945829
1075945830
1075945831
1075945832
1075945833
1075945834
1075945835
1075945836
1075945837
1075945838
1075945839
1075945840
1075945841
1075945842
1075945843
1075945844
1075946824
1075946825
1075946826
1075946827
1075946828
1075946829
1075946830
1075946831
1075946832
1075946833
1075946834
1075946835
1075946836
1075946837
1075946838
1075946839
1075946840
1075946841
1075946842
1075946843
1075946844
1075947824
1075947825
1075947826
1075947827
1075947828
1075947829
1075947830
1075947831
1075947832
1075947833
1075947834
1075947835
1075947836
1075947837
1075947838
1075947839
1075947840
1075947841
1075947842
1075947843
1075947844
1075948824
1075948825
1075948826
1075948827
1075948828
1075948829
1075948830
1075948831
1075948832
1075948833
1075948834
1075948835
1075948836
1075948837
1075948838
1075948839
1075948840
1075948841
1075948842
1075948843
1075948844
1075949824
1075949825
1075949826
1075949827
1075949828
1075949829
1075949830
1075949831
1075949832
1075949833
1075949834
1075949835
1075949836
1075949837
1075949838
1075949839
1075949840
1075949841
1075949842
1075949843
1075949844
1075950824
1075950825
1075950826
1075950827
1075950828
1075950829
1075950830
1075950831
1075950832
1075950833
1075950834
1075950835
1075950836
1075950837
1075950838
1075950839
1075950840
1075950841
1075950842
1075950843
1075950844
1075951824
1075951825
1075951826
1075951827
1075951828
1075951829
1075951830
1075951831
1075951832
1075951833
1075951834
1075951835
1075951836
1075951837
1075951838
1075951839
1075951840
1075951841
1075951842
1075951843
1075951844
1075952824
1075952825
1075952826
1075952827
1075952828
1075952829
1075952830
1075952831
1075952832
1075952833
1075952834
1075952835
1075952836
1075952837
1075952838
1075952839
1075952840
1075952841
1075952842
1075952843
1075952844
1075953824
1075953825
1075953826
1075953827
1075953828
1075953829
1075953830
1075953831
1075953832
1075953833
1075953834
1075953835
1075953836
1075953837
1075953838
1075953839
1075953840
1075953841
1075953842
1075953843
1075953844
1075954824
1075954825
1075954826
1075954827
1075954828
1075954829
1075954830
1075954831
1075954832
1075954833
1075954834
1075954835
1075954836
1075954837
1075954838
1075954839
1075954840
1075954841
1075954842
1075954843
1075954844
1075955824
1075955825
1075955826
1075955827
1075955828
1075955829
1075955830
1075955831
1075955832
1075955833
1075955834
1075955835
1075955836
1075955837
1075955838
1075955839
1075955840
1075955841
1075955842
1075955843
1075955844
1075956824
1075956825
1075956826
1075956827
1075956828
1075956829
1075956830
1075956831
1075956832
1075956833
1075956834
1075956835
1075956836
1075956837
1075956838
1075956839
1075956840
1075956841
1075956842
1075956843
1075956844
1075958824
1075958825
1075958826
1075958827
1075958828
1075958829
1075958830
1075958831
1075958832
1075958833
1075958834
1075958835
1075958836
1075958837
1075958838
1075958839
1075958840
1075958841
1075958842
1075958843
1075958844
1075959824
1075959825
1075959826
1075959827
1075959828
1075959829
1075959830
1075959831
1075959832
1075959833
1075959834
1075959835
1075959836
1075959837
1075959838
1075959839
1075959840
1075959841
1075959842
1075959843
1075959844
1075960824
1075960825
1075960826
1075960827
1075960828
1075960829
1075960830
1075960831
1075960832
1075960833
1075960834
1075960835
1075960836
1075960837
1075960838
1075960839
1075960840
1075960841
1075960842
1075960843
1075960844
1075961824
1075961825
1075961826
1075961827
1075961828
1075961829
1075961830
1075961831
1075961832
1075961833
1075961834
1075961835
1075961836
1075961837
1075961838
1075961839
1075961840
1075961841
1075961842
1075961843
1075961844
2073741823
2147483658
2147483668
2147483678
2147483688
2147483689
2147483728
2147483729
2147483730
2147483731
2147483732
2147483733
2147483734
2147483735
2147483736
2147483737
2147483738
2147483748
2147483749
2147483750
2147483751
2147483752
2147483753
2147483754
2147483755
2147483756
2147483757
2147483758
2147483759
2147483760
2147483761
2147483762
2147483763
2147483764
2147483765
2147483766
2147483767
2147483768
2147483769
2147483770
2147483771
2147483772
2147483773
2147483774
2147483775
2147483776
2147483777
2147483778
2147483779
2147483780
2147483781
2147483782
2147483783
2147483784
2147483785
2147483786
2147483787
2147483788
2147483789
2147483790
2147483791
2147483792
2147483794
2147483795
2147483796
2147483797
2147483799
2147483800
2147483801
2147483802
2147483803
2147483804
2147483805
2147483806
2147483807
2147483808
2147483809
2147483811
2147483812
2147483813
2147483814
2147483815
2147483816
2147483817
2147483818
2147483819
2147483821
2147483822
2147483823
2147483824
2147483825
2147483826
2147483827
2147483828
2147483829
2147483830
2147483831
2147483832
2147483833
2147483834
2147483835
2147483838
2147483839
2147483840
2147483842
2147483843
2147483844
2147483845
2147483846
2147484648
2147484649
2147484650
2147484651
2147484652
2147484653
2147484654
2147484655
2147484656
2147484657
2147484658
2147484659
2147484660
2147484661
2147484662
2147484663
2147484664
2147484665
2147493648
2147493748
2147493848
2147493948
2147494148
2147494248
2147494348
2147494448
2147494548
2147494648
2147494748
2147494848
2147494948
2147495048
2147495148
2147495248
2147495448
2147495548
2147495648
2147495848
2147495948
2147496048
2147503648
2147503748
2147503848
2147503948
2147504048
2147504148
2147504348
2147504448
2147504548
2147504648
2147504848
2147504948
2147505048
2147505248
2147505348
2147505448
2147505548
2147505648
2147505748
2147505848
2147506048
2147506148
2147506248
2147506348
2147506448
2147513648
2147513748
2147513848
2147514148
2147514248
2147514348
2147514448
2147514548
2147514648
2147523648
2147523748
2147523848
2147524048
2147524148
2147524248
2147533748
2147533848
2147533948
2147534048
2147534148
2147534248
2147534348
2147534448
2147534548
2147543648
2147543748
2147543848
2147543948
2147544048
2147544148
2147544248
2147544348
2147548648
2147548748
2147548848
2147548948
2147549048
2147553648
2147553748
2147553848
2147563648
2147563748
2147563848
2147568648
2147683648
2147683748
2147883648
2147884648
2147885648
2147886648
2147887648
2147888648
2147889648
2147890648
2147892648
2147893648
2147894648
2147895648
2147896648
2147897648
2147898648
2147899648
2147900648
2147901648
2147902648
2147905648
2147988648
2148031648
2148283648
4294967295
